ALTEGIO_AUTH_REQUEST_URL: https://api.alteg.io/api/v1/auth
ALTEGIO_AUTH_REQUEST_METHOD: POST
ALTEGIO_AUTH_REQUEST_HEADERS: {'Authorization': 'Bearer czw9ytzwnjukc826h5k5', 'Accept': 'application/vnd.api.v2+json', 'Content-Type': 'application/json'}
ALTEGIO_AUTH_REQUEST_BODY: {'login': '<provided>', 'password': '<hidden>'}
ALTEGIO_AUTH_REQUEST_BODY_KEYS: ['login', 'password']
2026-08-01 12:12:08,923 INFO sqlalchemy.engine.Engine select pg_catalog.version()
2026-08-01 12:12:08,924 INFO sqlalchemy.engine.Engine [raw sql] {}
2026-08-01 12:12:08,925 INFO sqlalchemy.engine.Engine select current_schema()
2026-08-01 12:12:08,925 INFO sqlalchemy.engine.Engine [raw sql] {}
2026-08-01 12:12:08,926 INFO sqlalchemy.engine.Engine show standard_conforming_strings
2026-08-01 12:12:08,927 INFO sqlalchemy.engine.Engine [raw sql] {}
2026-08-01 12:12:08,929 INFO sqlalchemy.engine.Engine BEGIN (implicit)
2026-08-01 12:12:08,933 INFO sqlalchemy.engine.Engine SELECT revenue_clients.id AS revenue_clients_id, revenue_clients.altegio_client_id AS revenue_clients_altegio_client_id, revenue_clients.company_id AS revenue_clients_company_id, revenue_clients.full_name AS revenue_clients_full_name, revenue_clients.phone AS revenue_clients_phone, revenue_clients.email AS revenue_clients_email, revenue_clients.birthday AS revenue_clients_birthday, revenue_clients.last_visit_date AS revenue_clients_last_visit_date, revenue_clients.first_visit_date AS revenue_clients_first_visit_date, revenue_clients.master_id AS revenue_clients_master_id, revenue_clients.last_service_id AS revenue_clients_last_service_id, revenue_clients.total_visits AS revenue_clients_total_visits, revenue_clients.total_spent AS revenue_clients_total_spent, revenue_clients.raw_data AS revenue_clients_raw_data, revenue_clients.last_visit_at AS revenue_clients_last_visit_at, revenue_clients.last_service_name AS revenue_clients_last_service_name, revenue_clients.visit_count AS revenue_clients_visit_count, revenue_clients.is_active AS revenue_clients_is_active, revenue_clients.created_at AS revenue_clients_created_at, revenue_clients.updated_at AS revenue_clients_updated_at 
FROM revenue_clients 
WHERE revenue_clients.altegio_client_id = %(altegio_client_id_1)s::INTEGER 
 LIMIT %(param_1)s::INTEGER
2026-08-01 12:12:08,933 INFO sqlalchemy.engine.Engine [generated in 0.00020s] {'altegio_client_id_1': 173012863, 'param_1': 1}
2026-08-01 12:12:08,936 INFO sqlalchemy.engine.Engine SELECT revenue_clients.id AS revenue_clients_id, revenue_clients.altegio_client_id AS revenue_clients_altegio_client_id, revenue_clients.company_id AS revenue_clients_company_id, revenue_clients.full_name AS revenue_clients_full_name, revenue_clients.phone AS revenue_clients_phone, revenue_clients.email AS revenue_clients_email, revenue_clients.birthday AS revenue_clients_birthday, revenue_clients.last_visit_date AS revenue_clients_last_visit_date, revenue_clients.first_visit_date AS revenue_clients_first_visit_date, revenue_clients.master_id AS revenue_clients_master_id, revenue_clients.last_service_id AS revenue_clients_last_service_id, revenue_clients.total_visits AS revenue_clients_total_visits, revenue_clients.total_spent AS revenue_clients_total_spent, revenue_clients.raw_data AS revenue_clients_raw_data, revenue_clients.last_visit_at AS revenue_clients_last_visit_at, revenue_clients.last_service_name AS revenue_clients_last_service_name, revenue_clients.visit_count AS revenue_clients_visit_count, revenue_clients.is_active AS revenue_clients_is_active, revenue_clients.created_at AS revenue_clients_created_at, revenue_clients.updated_at AS revenue_clients_updated_at 
FROM revenue_clients 
WHERE revenue_clients.altegio_client_id = %(altegio_client_id_1)s::INTEGER 
 LIMIT %(param_1)s::INTEGER
2026-08-01 12:12:08,936 INFO sqlalchemy.engine.Engine [cached since 0.002974s ago] {'altegio_client_id_1': 173037242, 'param_1': 1}
2026-08-01 12:12:08,937 INFO sqlalchemy.engine.Engine SELECT revenue_clients.id AS revenue_clients_id, revenue_clients.altegio_client_id AS revenue_clients_altegio_client_id, revenue_clients.company_id AS revenue_clients_company_id, revenue_clients.full_name AS revenue_clients_full_name, revenue_clients.phone AS revenue_clients_phone, revenue_clients.email AS revenue_clients_email, revenue_clients.birthday AS revenue_clients_birthday, revenue_clients.last_visit_date AS revenue_clients_last_visit_date, revenue_clients.first_visit_date AS revenue_clients_first_visit_date, revenue_clients.master_id AS revenue_clients_master_id, revenue_clients.last_service_id AS revenue_clients_last_service_id, revenue_clients.total_visits AS revenue_clients_total_visits, revenue_clients.total_spent AS revenue_clients_total_spent, revenue_clients.raw_data AS revenue_clients_raw_data, revenue_clients.last_visit_at AS revenue_clients_last_visit_at, revenue_clients.last_service_name AS revenue_clients_last_service_name, revenue_clients.visit_count AS revenue_clients_visit_count, revenue_clients.is_active AS revenue_clients_is_active, revenue_clients.created_at AS revenue_clients_created_at, revenue_clients.updated_at AS revenue_clients_updated_at 
FROM revenue_clients 
WHERE revenue_clients.altegio_client_id = %(altegio_client_id_1)s::INTEGER 
 LIMIT %(param_1)s::INTEGER
2026-08-01 12:12:08,937 INFO sqlalchemy.engine.Engine [cached since 0.004392s ago] {'altegio_client_id_1': 173087715, 'param_1': 1}
2026-08-01 12:12:08,938 INFO sqlalchemy.engine.Engine SELECT revenue_clients.id AS revenue_clients_id, revenue_clients.altegio_client_id AS revenue_clients_altegio_client_id, revenue_clients.company_id AS revenue_clients_company_id, revenue_clients.full_name AS revenue_clients_full_name, revenue_clients.phone AS revenue_clients_phone, revenue_clients.email AS revenue_clients_email, revenue_clients.birthday AS revenue_clients_birthday, revenue_clients.last_visit_date AS revenue_clients_last_visit_date, revenue_clients.first_visit_date AS revenue_clients_first_visit_date, revenue_clients.master_id AS revenue_clients_master_id, revenue_clients.last_service_id AS revenue_clients_last_service_id, revenue_clients.total_visits AS revenue_clients_total_visits, revenue_clients.total_spent AS revenue_clients_total_spent, revenue_clients.raw_data AS revenue_clients_raw_data, revenue_clients.last_visit_at AS revenue_clients_last_visit_at, revenue_clients.last_service_name AS revenue_clients_last_service_name, revenue_clients.visit_count AS revenue_clients_visit_count, revenue_clients.is_active AS revenue_clients_is_active, revenue_clients.created_at AS revenue_clients_created_at, revenue_clients.updated_at AS revenue_clients_updated_at 
FROM revenue_clients 
WHERE revenue_clients.altegio_client_id = %(altegio_client_id_1)s::INTEGER 
 LIMIT %(param_1)s::INTEGER
2026-08-01 12:12:08,938 INFO sqlalchemy.engine.Engine [cached since 0.005587s ago] {'altegio_client_id_1': 173101311, 'param_1': 1}
2026-08-01 12:12:08,939 INFO sqlalchemy.engine.Engine SELECT revenue_clients.id AS revenue_clients_id, revenue_clients.altegio_client_id AS revenue_clients_altegio_client_id, revenue_clients.company_id AS revenue_clients_company_id, revenue_clients.full_name AS revenue_clients_full_name, revenue_clients.phone AS revenue_clients_phone, revenue_clients.email AS revenue_clients_email, revenue_clients.birthday AS revenue_clients_birthday, revenue_clients.last_visit_date AS revenue_clients_last_visit_date, revenue_clients.first_visit_date AS revenue_clients_first_visit_date, revenue_clients.master_id AS revenue_clients_master_id, revenue_clients.last_service_id AS revenue_clients_last_service_id, revenue_clients.total_visits AS revenue_clients_total_visits, revenue_clients.total_spent AS revenue_clients_total_spent, revenue_clients.raw_data AS revenue_clients_raw_data, revenue_clients.last_visit_at AS revenue_clients_last_visit_at, revenue_clients.last_service_name AS revenue_clients_last_service_name, revenue_clients.visit_count AS revenue_clients_visit_count, revenue_clients.is_active AS revenue_clients_is_active, revenue_clients.created_at AS revenue_clients_created_at, revenue_clients.updated_at AS revenue_clients_updated_at 
FROM revenue_clients 
WHERE revenue_clients.altegio_client_id = %(altegio_client_id_1)s::INTEGER 
 LIMIT %(param_1)s::INTEGER
2026-08-01 12:12:08,939 INFO sqlalchemy.engine.Engine [cached since 0.006733s ago] {'altegio_client_id_1': 173101328, 'param_1': 1}
2026-08-01 12:12:08,941 INFO sqlalchemy.engine.Engine SELECT revenue_clients.id AS revenue_clients_id, revenue_clients.altegio_client_id AS revenue_clients_altegio_client_id, revenue_clients.company_id AS revenue_clients_company_id, revenue_clients.full_name AS revenue_clients_full_name, revenue_clients.phone AS revenue_clients_phone, revenue_clients.email AS revenue_clients_email, revenue_clients.birthday AS revenue_clients_birthday, revenue_clients.last_visit_date AS revenue_clients_last_visit_date, revenue_clients.first_visit_date AS revenue_clients_first_visit_date, revenue_clients.master_id AS revenue_clients_master_id, revenue_clients.last_service_id AS revenue_clients_last_service_id, revenue_clients.total_visits AS revenue_clients_total_visits, revenue_clients.total_spent AS revenue_clients_total_spent, revenue_clients.raw_data AS revenue_clients_raw_data, revenue_clients.last_visit_at AS revenue_clients_last_visit_at, revenue_clients.last_service_name AS revenue_clients_last_service_name, revenue_clients.visit_count AS revenue_clients_visit_count, revenue_clients.is_active AS revenue_clients_is_active, revenue_clients.created_at AS revenue_clients_created_at, revenue_clients.updated_at AS revenue_clients_updated_at 
FROM revenue_clients 
WHERE revenue_clients.altegio_client_id = %(altegio_client_id_1)s::INTEGER 
 LIMIT %(param_1)s::INTEGER
2026-08-01 12:12:08,941 INFO sqlalchemy.engine.Engine [cached since 0.007892s ago] {'altegio_client_id_1': 173101426, 'param_1': 1}
2026-08-01 12:12:08,942 INFO sqlalchemy.engine.Engine SELECT revenue_clients.id AS revenue_clients_id, revenue_clients.altegio_client_id AS revenue_clients_altegio_client_id, revenue_clients.company_id AS revenue_clients_company_id, revenue_clients.full_name AS revenue_clients_full_name, revenue_clients.phone AS revenue_clients_phone, revenue_clients.email AS revenue_clients_email, revenue_clients.birthday AS revenue_clients_birthday, revenue_clients.last_visit_date AS revenue_clients_last_visit_date, revenue_clients.first_visit_date AS revenue_clients_first_visit_date, revenue_clients.master_id AS revenue_clients_master_id, revenue_clients.last_service_id AS revenue_clients_last_service_id, revenue_clients.total_visits AS revenue_clients_total_visits, revenue_clients.total_spent AS revenue_clients_total_spent, revenue_clients.raw_data AS revenue_clients_raw_data, revenue_clients.last_visit_at AS revenue_clients_last_visit_at, revenue_clients.last_service_name AS revenue_clients_last_service_name, revenue_clients.visit_count AS revenue_clients_visit_count, revenue_clients.is_active AS revenue_clients_is_active, revenue_clients.created_at AS revenue_clients_created_at, revenue_clients.updated_at AS revenue_clients_updated_at 
FROM revenue_clients 
WHERE revenue_clients.altegio_client_id = %(altegio_client_id_1)s::INTEGER 
 LIMIT %(param_1)s::INTEGER
2026-08-01 12:12:08,942 INFO sqlalchemy.engine.Engine [cached since 0.009586s ago] {'altegio_client_id_1': 173227798, 'param_1': 1}
2026-08-01 12:12:08,943 INFO sqlalchemy.engine.Engine SELECT revenue_clients.id AS revenue_clients_id, revenue_clients.altegio_client_id AS revenue_clients_altegio_client_id, revenue_clients.company_id AS revenue_clients_company_id, revenue_clients.full_name AS revenue_clients_full_name, revenue_clients.phone AS revenue_clients_phone, revenue_clients.email AS revenue_clients_email, revenue_clients.birthday AS revenue_clients_birthday, revenue_clients.last_visit_date AS revenue_clients_last_visit_date, revenue_clients.first_visit_date AS revenue_clients_first_visit_date, revenue_clients.master_id AS revenue_clients_master_id, revenue_clients.last_service_id AS revenue_clients_last_service_id, revenue_clients.total_visits AS revenue_clients_total_visits, revenue_clients.total_spent AS revenue_clients_total_spent, revenue_clients.raw_data AS revenue_clients_raw_data, revenue_clients.last_visit_at AS revenue_clients_last_visit_at, revenue_clients.last_service_name AS revenue_clients_last_service_name, revenue_clients.visit_count AS revenue_clients_visit_count, revenue_clients.is_active AS revenue_clients_is_active, revenue_clients.created_at AS revenue_clients_created_at, revenue_clients.updated_at AS revenue_clients_updated_at 
FROM revenue_clients 
WHERE revenue_clients.altegio_client_id = %(altegio_client_id_1)s::INTEGER 
 LIMIT %(param_1)s::INTEGER
2026-08-01 12:12:08,944 INFO sqlalchemy.engine.Engine [cached since 0.0108s ago] {'altegio_client_id_1': 173372320, 'param_1': 1}
2026-08-01 12:12:08,945 INFO sqlalchemy.engine.Engine SELECT revenue_clients.id AS revenue_clients_id, revenue_clients.altegio_client_id AS revenue_clients_altegio_client_id, revenue_clients.company_id AS revenue_clients_company_id, revenue_clients.full_name AS revenue_clients_full_name, revenue_clients.phone AS revenue_clients_phone, revenue_clients.email AS revenue_clients_email, revenue_clients.birthday AS revenue_clients_birthday, revenue_clients.last_visit_date AS revenue_clients_last_visit_date, revenue_clients.first_visit_date AS revenue_clients_first_visit_date, revenue_clients.master_id AS revenue_clients_master_id, revenue_clients.last_service_id AS revenue_clients_last_service_id, revenue_clients.total_visits AS revenue_clients_total_visits, revenue_clients.total_spent AS revenue_clients_total_spent, revenue_clients.raw_data AS revenue_clients_raw_data, revenue_clients.last_visit_at AS revenue_clients_last_visit_at, revenue_clients.last_service_name AS revenue_clients_last_service_name, revenue_clients.visit_count AS revenue_clients_visit_count, revenue_clients.is_active AS revenue_clients_is_active, revenue_clients.created_at AS revenue_clients_created_at, revenue_clients.updated_at AS revenue_clients_updated_at 
FROM revenue_clients 
WHERE revenue_clients.altegio_client_id = %(altegio_client_id_1)s::INTEGER 
 LIMIT %(param_1)s::INTEGER
2026-08-01 12:12:08,945 INFO sqlalchemy.engine.Engine [cached since 0.01187s ago] {'altegio_client_id_1': 173410259, 'param_1': 1}
2026-08-01 12:12:08,946 INFO sqlalchemy.engine.Engine SELECT revenue_clients.id AS revenue_clients_id, revenue_clients.altegio_client_id AS revenue_clients_altegio_client_id, revenue_clients.company_id AS revenue_clients_company_id, revenue_clients.full_name AS revenue_clients_full_name, revenue_clients.phone AS revenue_clients_phone, revenue_clients.email AS revenue_clients_email, revenue_clients.birthday AS revenue_clients_birthday, revenue_clients.last_visit_date AS revenue_clients_last_visit_date, revenue_clients.first_visit_date AS revenue_clients_first_visit_date, revenue_clients.master_id AS revenue_clients_master_id, revenue_clients.last_service_id AS revenue_clients_last_service_id, revenue_clients.total_visits AS revenue_clients_total_visits, revenue_clients.total_spent AS revenue_clients_total_spent, revenue_clients.raw_data AS revenue_clients_raw_data, revenue_clients.last_visit_at AS revenue_clients_last_visit_at, revenue_clients.last_service_name AS revenue_clients_last_service_name, revenue_clients.visit_count AS revenue_clients_visit_count, revenue_clients.is_active AS revenue_clients_is_active, revenue_clients.created_at AS revenue_clients_created_at, revenue_clients.updated_at AS revenue_clients_updated_at 
FROM revenue_clients 
WHERE revenue_clients.altegio_client_id = %(altegio_client_id_1)s::INTEGER 
 LIMIT %(param_1)s::INTEGER
2026-08-01 12:12:08,946 INFO sqlalchemy.engine.Engine [cached since 0.01307s ago] {'altegio_client_id_1': 173428542, 'param_1': 1}
2026-08-01 12:12:08,947 INFO sqlalchemy.engine.Engine SELECT revenue_clients.id AS revenue_clients_id, revenue_clients.altegio_client_id AS revenue_clients_altegio_client_id, revenue_clients.company_id AS revenue_clients_company_id, revenue_clients.full_name AS revenue_clients_full_name, revenue_clients.phone AS revenue_clients_phone, revenue_clients.email AS revenue_clients_email, revenue_clients.birthday AS revenue_clients_birthday, revenue_clients.last_visit_date AS revenue_clients_last_visit_date, revenue_clients.first_visit_date AS revenue_clients_first_visit_date, revenue_clients.master_id AS revenue_clients_master_id, revenue_clients.last_service_id AS revenue_clients_last_service_id, revenue_clients.total_visits AS revenue_clients_total_visits, revenue_clients.total_spent AS revenue_clients_total_spent, revenue_clients.raw_data AS revenue_clients_raw_data, revenue_clients.last_visit_at AS revenue_clients_last_visit_at, revenue_clients.last_service_name AS revenue_clients_last_service_name, revenue_clients.visit_count AS revenue_clients_visit_count, revenue_clients.is_active AS revenue_clients_is_active, revenue_clients.created_at AS revenue_clients_created_at, revenue_clients.updated_at AS revenue_clients_updated_at 
FROM revenue_clients 
WHERE revenue_clients.altegio_client_id = %(altegio_client_id_1)s::INTEGER 
 LIMIT %(param_1)s::INTEGER
2026-08-01 12:12:08,947 INFO sqlalchemy.engine.Engine [cached since 0.01416s ago] {'altegio_client_id_1': 173434643, 'param_1': 1}
2026-08-01 12:12:08,948 INFO sqlalchemy.engine.Engine SELECT revenue_clients.id AS revenue_clients_id, revenue_clients.altegio_client_id AS revenue_clients_altegio_client_id, revenue_clients.company_id AS revenue_clients_company_id, revenue_clients.full_name AS revenue_clients_full_name, revenue_clients.phone AS revenue_clients_phone, revenue_clients.email AS revenue_clients_email, revenue_clients.birthday AS revenue_clients_birthday, revenue_clients.last_visit_date AS revenue_clients_last_visit_date, revenue_clients.first_visit_date AS revenue_clients_first_visit_date, revenue_clients.master_id AS revenue_clients_master_id, revenue_clients.last_service_id AS revenue_clients_last_service_id, revenue_clients.total_visits AS revenue_clients_total_visits, revenue_clients.total_spent AS revenue_clients_total_spent, revenue_clients.raw_data AS revenue_clients_raw_data, revenue_clients.last_visit_at AS revenue_clients_last_visit_at, revenue_clients.last_service_name AS revenue_clients_last_service_name, revenue_clients.visit_count AS revenue_clients_visit_count, revenue_clients.is_active AS revenue_clients_is_active, revenue_clients.created_at AS revenue_clients_created_at, revenue_clients.updated_at AS revenue_clients_updated_at 
FROM revenue_clients 
WHERE revenue_clients.altegio_client_id = %(altegio_client_id_1)s::INTEGER 
 LIMIT %(param_1)s::INTEGER
2026-08-01 12:12:08,948 INFO sqlalchemy.engine.Engine [cached since 0.01532s ago] {'altegio_client_id_1': 173479624, 'param_1': 1}
2026-08-01 12:12:08,949 INFO sqlalchemy.engine.Engine SELECT revenue_clients.id AS revenue_clients_id, revenue_clients.altegio_client_id AS revenue_clients_altegio_client_id, revenue_clients.company_id AS revenue_clients_company_id, revenue_clients.full_name AS revenue_clients_full_name, revenue_clients.phone AS revenue_clients_phone, revenue_clients.email AS revenue_clients_email, revenue_clients.birthday AS revenue_clients_birthday, revenue_clients.last_visit_date AS revenue_clients_last_visit_date, revenue_clients.first_visit_date AS revenue_clients_first_visit_date, revenue_clients.master_id AS revenue_clients_master_id, revenue_clients.last_service_id AS revenue_clients_last_service_id, revenue_clients.total_visits AS revenue_clients_total_visits, revenue_clients.total_spent AS revenue_clients_total_spent, revenue_clients.raw_data AS revenue_clients_raw_data, revenue_clients.last_visit_at AS revenue_clients_last_visit_at, revenue_clients.last_service_name AS revenue_clients_last_service_name, revenue_clients.visit_count AS revenue_clients_visit_count, revenue_clients.is_active AS revenue_clients_is_active, revenue_clients.created_at AS revenue_clients_created_at, revenue_clients.updated_at AS revenue_clients_updated_at 
FROM revenue_clients 
WHERE revenue_clients.altegio_client_id = %(altegio_client_id_1)s::INTEGER 
 LIMIT %(param_1)s::INTEGER
2026-08-01 12:12:08,949 INFO sqlalchemy.engine.Engine [cached since 0.01623s ago] {'altegio_client_id_1': 173482491, 'param_1': 1}
2026-08-01 12:12:08,950 INFO sqlalchemy.engine.Engine SELECT revenue_clients.id AS revenue_clients_id, revenue_clients.altegio_client_id AS revenue_clients_altegio_client_id, revenue_clients.company_id AS revenue_clients_company_id, revenue_clients.full_name AS revenue_clients_full_name, revenue_clients.phone AS revenue_clients_phone, revenue_clients.email AS revenue_clients_email, revenue_clients.birthday AS revenue_clients_birthday, revenue_clients.last_visit_date AS revenue_clients_last_visit_date, revenue_clients.first_visit_date AS revenue_clients_first_visit_date, revenue_clients.master_id AS revenue_clients_master_id, revenue_clients.last_service_id AS revenue_clients_last_service_id, revenue_clients.total_visits AS revenue_clients_total_visits, revenue_clients.total_spent AS revenue_clients_total_spent, revenue_clients.raw_data AS revenue_clients_raw_data, revenue_clients.last_visit_at AS revenue_clients_last_visit_at, revenue_clients.last_service_name AS revenue_clients_last_service_name, revenue_clients.visit_count AS revenue_clients_visit_count, revenue_clients.is_active AS revenue_clients_is_active, revenue_clients.created_at AS revenue_clients_created_at, revenue_clients.updated_at AS revenue_clients_updated_at 
FROM revenue_clients 
WHERE revenue_clients.altegio_client_id = %(altegio_client_id_1)s::INTEGER 
 LIMIT %(param_1)s::INTEGER
2026-08-01 12:12:08,950 INFO sqlalchemy.engine.Engine [cached since 0.01716s ago] {'altegio_client_id_1': 173487724, 'param_1': 1}
2026-08-01 12:12:08,951 INFO sqlalchemy.engine.Engine SELECT revenue_clients.id AS revenue_clients_id, revenue_clients.altegio_client_id AS revenue_clients_altegio_client_id, revenue_clients.company_id AS revenue_clients_company_id, revenue_clients.full_name AS revenue_clients_full_name, revenue_clients.phone AS revenue_clients_phone, revenue_clients.email AS revenue_clients_email, revenue_clients.birthday AS revenue_clients_birthday, revenue_clients.last_visit_date AS revenue_clients_last_visit_date, revenue_clients.first_visit_date AS revenue_clients_first_visit_date, revenue_clients.master_id AS revenue_clients_master_id, revenue_clients.last_service_id AS revenue_clients_last_service_id, revenue_clients.total_visits AS revenue_clients_total_visits, revenue_clients.total_spent AS revenue_clients_total_spent, revenue_clients.raw_data AS revenue_clients_raw_data, revenue_clients.last_visit_at AS revenue_clients_last_visit_at, revenue_clients.last_service_name AS revenue_clients_last_service_name, revenue_clients.visit_count AS revenue_clients_visit_count, revenue_clients.is_active AS revenue_clients_is_active, revenue_clients.created_at AS revenue_clients_created_at, revenue_clients.updated_at AS revenue_clients_updated_at 
FROM revenue_clients 
WHERE revenue_clients.altegio_client_id = %(altegio_client_id_1)s::INTEGER 
 LIMIT %(param_1)s::INTEGER
2026-08-01 12:12:08,951 INFO sqlalchemy.engine.Engine [cached since 0.01809s ago] {'altegio_client_id_1': 173544663, 'param_1': 1}
2026-08-01 12:12:08,952 INFO sqlalchemy.engine.Engine SELECT revenue_clients.id AS revenue_clients_id, revenue_clients.altegio_client_id AS revenue_clients_altegio_client_id, revenue_clients.company_id AS revenue_clients_company_id, revenue_clients.full_name AS revenue_clients_full_name, revenue_clients.phone AS revenue_clients_phone, revenue_clients.email AS revenue_clients_email, revenue_clients.birthday AS revenue_clients_birthday, revenue_clients.last_visit_date AS revenue_clients_last_visit_date, revenue_clients.first_visit_date AS revenue_clients_first_visit_date, revenue_clients.master_id AS revenue_clients_master_id, revenue_clients.last_service_id AS revenue_clients_last_service_id, revenue_clients.total_visits AS revenue_clients_total_visits, revenue_clients.total_spent AS revenue_clients_total_spent, revenue_clients.raw_data AS revenue_clients_raw_data, revenue_clients.last_visit_at AS revenue_clients_last_visit_at, revenue_clients.last_service_name AS revenue_clients_last_service_name, revenue_clients.visit_count AS revenue_clients_visit_count, revenue_clients.is_active AS revenue_clients_is_active, revenue_clients.created_at AS revenue_clients_created_at, revenue_clients.updated_at AS revenue_clients_updated_at 
FROM revenue_clients 
WHERE revenue_clients.altegio_client_id = %(altegio_client_id_1)s::INTEGER 
 LIMIT %(param_1)s::INTEGER
2026-08-01 12:12:08,952 INFO sqlalchemy.engine.Engine [cached since 0.01901s ago] {'altegio_client_id_1': 173546417, 'param_1': 1}
2026-08-01 12:12:08,953 INFO sqlalchemy.engine.Engine SELECT revenue_clients.id AS revenue_clients_id, revenue_clients.altegio_client_id AS revenue_clients_altegio_client_id, revenue_clients.company_id AS revenue_clients_company_id, revenue_clients.full_name AS revenue_clients_full_name, revenue_clients.phone AS revenue_clients_phone, revenue_clients.email AS revenue_clients_email, revenue_clients.birthday AS revenue_clients_birthday, revenue_clients.last_visit_date AS revenue_clients_last_visit_date, revenue_clients.first_visit_date AS revenue_clients_first_visit_date, revenue_clients.master_id AS revenue_clients_master_id, revenue_clients.last_service_id AS revenue_clients_last_service_id, revenue_clients.total_visits AS revenue_clients_total_visits, revenue_clients.total_spent AS revenue_clients_total_spent, revenue_clients.raw_data AS revenue_clients_raw_data, revenue_clients.last_visit_at AS revenue_clients_last_visit_at, revenue_clients.last_service_name AS revenue_clients_last_service_name, revenue_clients.visit_count AS revenue_clients_visit_count, revenue_clients.is_active AS revenue_clients_is_active, revenue_clients.created_at AS revenue_clients_created_at, revenue_clients.updated_at AS revenue_clients_updated_at 
FROM revenue_clients 
WHERE revenue_clients.altegio_client_id = %(altegio_client_id_1)s::INTEGER 
 LIMIT %(param_1)s::INTEGER
2026-08-01 12:12:08,953 INFO sqlalchemy.engine.Engine [cached since 0.01989s ago] {'altegio_client_id_1': 173651935, 'param_1': 1}
2026-08-01 12:12:08,953 INFO sqlalchemy.engine.Engine SELECT revenue_clients.id AS revenue_clients_id, revenue_clients.altegio_client_id AS revenue_clients_altegio_client_id, revenue_clients.company_id AS revenue_clients_company_id, revenue_clients.full_name AS revenue_clients_full_name, revenue_clients.phone AS revenue_clients_phone, revenue_clients.email AS revenue_clients_email, revenue_clients.birthday AS revenue_clients_birthday, revenue_clients.last_visit_date AS revenue_clients_last_visit_date, revenue_clients.first_visit_date AS revenue_clients_first_visit_date, revenue_clients.master_id AS revenue_clients_master_id, revenue_clients.last_service_id AS revenue_clients_last_service_id, revenue_clients.total_visits AS revenue_clients_total_visits, revenue_clients.total_spent AS revenue_clients_total_spent, revenue_clients.raw_data AS revenue_clients_raw_data, revenue_clients.last_visit_at AS revenue_clients_last_visit_at, revenue_clients.last_service_name AS revenue_clients_last_service_name, revenue_clients.visit_count AS revenue_clients_visit_count, revenue_clients.is_active AS revenue_clients_is_active, revenue_clients.created_at AS revenue_clients_created_at, revenue_clients.updated_at AS revenue_clients_updated_at 
FROM revenue_clients 
WHERE revenue_clients.altegio_client_id = %(altegio_client_id_1)s::INTEGER 
 LIMIT %(param_1)s::INTEGER
2026-08-01 12:12:08,953 INFO sqlalchemy.engine.Engine [cached since 0.02073s ago] {'altegio_client_id_1': 173675999, 'param_1': 1}
2026-08-01 12:12:08,954 INFO sqlalchemy.engine.Engine SELECT revenue_clients.id AS revenue_clients_id, revenue_clients.altegio_client_id AS revenue_clients_altegio_client_id, revenue_clients.company_id AS revenue_clients_company_id, revenue_clients.full_name AS revenue_clients_full_name, revenue_clients.phone AS revenue_clients_phone, revenue_clients.email AS revenue_clients_email, revenue_clients.birthday AS revenue_clients_birthday, revenue_clients.last_visit_date AS revenue_clients_last_visit_date, revenue_clients.first_visit_date AS revenue_clients_first_visit_date, revenue_clients.master_id AS revenue_clients_master_id, revenue_clients.last_service_id AS revenue_clients_last_service_id, revenue_clients.total_visits AS revenue_clients_total_visits, revenue_clients.total_spent AS revenue_clients_total_spent, revenue_clients.raw_data AS revenue_clients_raw_data, revenue_clients.last_visit_at AS revenue_clients_last_visit_at, revenue_clients.last_service_name AS revenue_clients_last_service_name, revenue_clients.visit_count AS revenue_clients_visit_count, revenue_clients.is_active AS revenue_clients_is_active, revenue_clients.created_at AS revenue_clients_created_at, revenue_clients.updated_at AS revenue_clients_updated_at 
FROM revenue_clients 
WHERE revenue_clients.altegio_client_id = %(altegio_client_id_1)s::INTEGER 
 LIMIT %(param_1)s::INTEGER
2026-08-01 12:12:08,954 INFO sqlalchemy.engine.Engine [cached since 0.02157s ago] {'altegio_client_id_1': 173686760, 'param_1': 1}
2026-08-01 12:12:08,955 INFO sqlalchemy.engine.Engine SELECT revenue_clients.id AS revenue_clients_id, revenue_clients.altegio_client_id AS revenue_clients_altegio_client_id, revenue_clients.company_id AS revenue_clients_company_id, revenue_clients.full_name AS revenue_clients_full_name, revenue_clients.phone AS revenue_clients_phone, revenue_clients.email AS revenue_clients_email, revenue_clients.birthday AS revenue_clients_birthday, revenue_clients.last_visit_date AS revenue_clients_last_visit_date, revenue_clients.first_visit_date AS revenue_clients_first_visit_date, revenue_clients.master_id AS revenue_clients_master_id, revenue_clients.last_service_id AS revenue_clients_last_service_id, revenue_clients.total_visits AS revenue_clients_total_visits, revenue_clients.total_spent AS revenue_clients_total_spent, revenue_clients.raw_data AS revenue_clients_raw_data, revenue_clients.last_visit_at AS revenue_clients_last_visit_at, revenue_clients.last_service_name AS revenue_clients_last_service_name, revenue_clients.visit_count AS revenue_clients_visit_count, revenue_clients.is_active AS revenue_clients_is_active, revenue_clients.created_at AS revenue_clients_created_at, revenue_clients.updated_at AS revenue_clients_updated_at 
FROM revenue_clients 
WHERE revenue_clients.altegio_client_id = %(altegio_client_id_1)s::INTEGER 
 LIMIT %(param_1)s::INTEGER
2026-08-01 12:12:08,955 INFO sqlalchemy.engine.Engine [cached since 0.02239s ago] {'altegio_client_id_1': 173695182, 'param_1': 1}
2026-08-01 12:12:08,956 INFO sqlalchemy.engine.Engine SELECT revenue_clients.id AS revenue_clients_id, revenue_clients.altegio_client_id AS revenue_clients_altegio_client_id, revenue_clients.company_id AS revenue_clients_company_id, revenue_clients.full_name AS revenue_clients_full_name, revenue_clients.phone AS revenue_clients_phone, revenue_clients.email AS revenue_clients_email, revenue_clients.birthday AS revenue_clients_birthday, revenue_clients.last_visit_date AS revenue_clients_last_visit_date, revenue_clients.first_visit_date AS revenue_clients_first_visit_date, revenue_clients.master_id AS revenue_clients_master_id, revenue_clients.last_service_id AS revenue_clients_last_service_id, revenue_clients.total_visits AS revenue_clients_total_visits, revenue_clients.total_spent AS revenue_clients_total_spent, revenue_clients.raw_data AS revenue_clients_raw_data, revenue_clients.last_visit_at AS revenue_clients_last_visit_at, revenue_clients.last_service_name AS revenue_clients_last_service_name, revenue_clients.visit_count AS revenue_clients_visit_count, revenue_clients.is_active AS revenue_clients_is_active, revenue_clients.created_at AS revenue_clients_created_at, revenue_clients.updated_at AS revenue_clients_updated_at 
FROM revenue_clients 
WHERE revenue_clients.altegio_client_id = %(altegio_client_id_1)s::INTEGER 
 LIMIT %(param_1)s::INTEGER
2026-08-01 12:12:08,956 INFO sqlalchemy.engine.Engine [cached since 0.02321s ago] {'altegio_client_id_1': 173723514, 'param_1': 1}
2026-08-01 12:12:08,957 INFO sqlalchemy.engine.Engine SELECT revenue_clients.id AS revenue_clients_id, revenue_clients.altegio_client_id AS revenue_clients_altegio_client_id, revenue_clients.company_id AS revenue_clients_company_id, revenue_clients.full_name AS revenue_clients_full_name, revenue_clients.phone AS revenue_clients_phone, revenue_clients.email AS revenue_clients_email, revenue_clients.birthday AS revenue_clients_birthday, revenue_clients.last_visit_date AS revenue_clients_last_visit_date, revenue_clients.first_visit_date AS revenue_clients_first_visit_date, revenue_clients.master_id AS revenue_clients_master_id, revenue_clients.last_service_id AS revenue_clients_last_service_id, revenue_clients.total_visits AS revenue_clients_total_visits, revenue_clients.total_spent AS revenue_clients_total_spent, revenue_clients.raw_data AS revenue_clients_raw_data, revenue_clients.last_visit_at AS revenue_clients_last_visit_at, revenue_clients.last_service_name AS revenue_clients_last_service_name, revenue_clients.visit_count AS revenue_clients_visit_count, revenue_clients.is_active AS revenue_clients_is_active, revenue_clients.created_at AS revenue_clients_created_at, revenue_clients.updated_at AS revenue_clients_updated_at 
FROM revenue_clients 
WHERE revenue_clients.altegio_client_id = %(altegio_client_id_1)s::INTEGER 
 LIMIT %(param_1)s::INTEGER
2026-08-01 12:12:08,957 INFO sqlalchemy.engine.Engine [cached since 0.0241s ago] {'altegio_client_id_1': 173764139, 'param_1': 1}
2026-08-01 12:12:08,958 INFO sqlalchemy.engine.Engine SELECT revenue_clients.id AS revenue_clients_id, revenue_clients.altegio_client_id AS revenue_clients_altegio_client_id, revenue_clients.company_id AS revenue_clients_company_id, revenue_clients.full_name AS revenue_clients_full_name, revenue_clients.phone AS revenue_clients_phone, revenue_clients.email AS revenue_clients_email, revenue_clients.birthday AS revenue_clients_birthday, revenue_clients.last_visit_date AS revenue_clients_last_visit_date, revenue_clients.first_visit_date AS revenue_clients_first_visit_date, revenue_clients.master_id AS revenue_clients_master_id, revenue_clients.last_service_id AS revenue_clients_last_service_id, revenue_clients.total_visits AS revenue_clients_total_visits, revenue_clients.total_spent AS revenue_clients_total_spent, revenue_clients.raw_data AS revenue_clients_raw_data, revenue_clients.last_visit_at AS revenue_clients_last_visit_at, revenue_clients.last_service_name AS revenue_clients_last_service_name, revenue_clients.visit_count AS revenue_clients_visit_count, revenue_clients.is_active AS revenue_clients_is_active, revenue_clients.created_at AS revenue_clients_created_at, revenue_clients.updated_at AS revenue_clients_updated_at 
FROM revenue_clients 
WHERE revenue_clients.altegio_client_id = %(altegio_client_id_1)s::INTEGER 
 LIMIT %(param_1)s::INTEGER
2026-08-01 12:12:08,958 INFO sqlalchemy.engine.Engine [cached since 0.02491s ago] {'altegio_client_id_1': 173779103, 'param_1': 1}
2026-08-01 12:12:08,958 INFO sqlalchemy.engine.Engine SELECT revenue_clients.id AS revenue_clients_id, revenue_clients.altegio_client_id AS revenue_clients_altegio_client_id, revenue_clients.company_id AS revenue_clients_company_id, revenue_clients.full_name AS revenue_clients_full_name, revenue_clients.phone AS revenue_clients_phone, revenue_clients.email AS revenue_clients_email, revenue_clients.birthday AS revenue_clients_birthday, revenue_clients.last_visit_date AS revenue_clients_last_visit_date, revenue_clients.first_visit_date AS revenue_clients_first_visit_date, revenue_clients.master_id AS revenue_clients_master_id, revenue_clients.last_service_id AS revenue_clients_last_service_id, revenue_clients.total_visits AS revenue_clients_total_visits, revenue_clients.total_spent AS revenue_clients_total_spent, revenue_clients.raw_data AS revenue_clients_raw_data, revenue_clients.last_visit_at AS revenue_clients_last_visit_at, revenue_clients.last_service_name AS revenue_clients_last_service_name, revenue_clients.visit_count AS revenue_clients_visit_count, revenue_clients.is_active AS revenue_clients_is_active, revenue_clients.created_at AS revenue_clients_created_at, revenue_clients.updated_at AS revenue_clients_updated_at 
FROM revenue_clients 
WHERE revenue_clients.altegio_client_id = %(altegio_client_id_1)s::INTEGER 
 LIMIT %(param_1)s::INTEGER
2026-08-01 12:12:08,958 INFO sqlalchemy.engine.Engine [cached since 0.02573s ago] {'altegio_client_id_1': 173848995, 'param_1': 1}
2026-08-01 12:12:08,959 INFO sqlalchemy.engine.Engine SELECT revenue_clients.id AS revenue_clients_id, revenue_clients.altegio_client_id AS revenue_clients_altegio_client_id, revenue_clients.company_id AS revenue_clients_company_id, revenue_clients.full_name AS revenue_clients_full_name, revenue_clients.phone AS revenue_clients_phone, revenue_clients.email AS revenue_clients_email, revenue_clients.birthday AS revenue_clients_birthday, revenue_clients.last_visit_date AS revenue_clients_last_visit_date, revenue_clients.first_visit_date AS revenue_clients_first_visit_date, revenue_clients.master_id AS revenue_clients_master_id, revenue_clients.last_service_id AS revenue_clients_last_service_id, revenue_clients.total_visits AS revenue_clients_total_visits, revenue_clients.total_spent AS revenue_clients_total_spent, revenue_clients.raw_data AS revenue_clients_raw_data, revenue_clients.last_visit_at AS revenue_clients_last_visit_at, revenue_clients.last_service_name AS revenue_clients_last_service_name, revenue_clients.visit_count AS revenue_clients_visit_count, revenue_clients.is_active AS revenue_clients_is_active, revenue_clients.created_at AS revenue_clients_created_at, revenue_clients.updated_at AS revenue_clients_updated_at 
FROM revenue_clients 
WHERE revenue_clients.altegio_client_id = %(altegio_client_id_1)s::INTEGER 
 LIMIT %(param_1)s::INTEGER
2026-08-01 12:12:08,959 INFO sqlalchemy.engine.Engine [cached since 0.02655s ago] {'altegio_client_id_1': 173889511, 'param_1': 1}
2026-08-01 12:12:08,960 INFO sqlalchemy.engine.Engine SELECT revenue_clients.id AS revenue_clients_id, revenue_clients.altegio_client_id AS revenue_clients_altegio_client_id, revenue_clients.company_id AS revenue_clients_company_id, revenue_clients.full_name AS revenue_clients_full_name, revenue_clients.phone AS revenue_clients_phone, revenue_clients.email AS revenue_clients_email, revenue_clients.birthday AS revenue_clients_birthday, revenue_clients.last_visit_date AS revenue_clients_last_visit_date, revenue_clients.first_visit_date AS revenue_clients_first_visit_date, revenue_clients.master_id AS revenue_clients_master_id, revenue_clients.last_service_id AS revenue_clients_last_service_id, revenue_clients.total_visits AS revenue_clients_total_visits, revenue_clients.total_spent AS revenue_clients_total_spent, revenue_clients.raw_data AS revenue_clients_raw_data, revenue_clients.last_visit_at AS revenue_clients_last_visit_at, revenue_clients.last_service_name AS revenue_clients_last_service_name, revenue_clients.visit_count AS revenue_clients_visit_count, revenue_clients.is_active AS revenue_clients_is_active, revenue_clients.created_at AS revenue_clients_created_at, revenue_clients.updated_at AS revenue_clients_updated_at 
FROM revenue_clients 
WHERE revenue_clients.altegio_client_id = %(altegio_client_id_1)s::INTEGER 
 LIMIT %(param_1)s::INTEGER
2026-08-01 12:12:08,960 INFO sqlalchemy.engine.Engine [cached since 0.0274s ago] {'altegio_client_id_1': 173948093, 'param_1': 1}
2026-08-01 12:12:08,961 INFO sqlalchemy.engine.Engine SELECT revenue_clients.id AS revenue_clients_id, revenue_clients.altegio_client_id AS revenue_clients_altegio_client_id, revenue_clients.company_id AS revenue_clients_company_id, revenue_clients.full_name AS revenue_clients_full_name, revenue_clients.phone AS revenue_clients_phone, revenue_clients.email AS revenue_clients_email, revenue_clients.birthday AS revenue_clients_birthday, revenue_clients.last_visit_date AS revenue_clients_last_visit_date, revenue_clients.first_visit_date AS revenue_clients_first_visit_date, revenue_clients.master_id AS revenue_clients_master_id, revenue_clients.last_service_id AS revenue_clients_last_service_id, revenue_clients.total_visits AS revenue_clients_total_visits, revenue_clients.total_spent AS revenue_clients_total_spent, revenue_clients.raw_data AS revenue_clients_raw_data, revenue_clients.last_visit_at AS revenue_clients_last_visit_at, revenue_clients.last_service_name AS revenue_clients_last_service_name, revenue_clients.visit_count AS revenue_clients_visit_count, revenue_clients.is_active AS revenue_clients_is_active, revenue_clients.created_at AS revenue_clients_created_at, revenue_clients.updated_at AS revenue_clients_updated_at 
FROM revenue_clients 
WHERE revenue_clients.altegio_client_id = %(altegio_client_id_1)s::INTEGER 
 LIMIT %(param_1)s::INTEGER
2026-08-01 12:12:08,961 INFO sqlalchemy.engine.Engine [cached since 0.02824s ago] {'altegio_client_id_1': 173999273, 'param_1': 1}
2026-08-01 12:12:08,962 INFO sqlalchemy.engine.Engine SELECT revenue_clients.id AS revenue_clients_id, revenue_clients.altegio_client_id AS revenue_clients_altegio_client_id, revenue_clients.company_id AS revenue_clients_company_id, revenue_clients.full_name AS revenue_clients_full_name, revenue_clients.phone AS revenue_clients_phone, revenue_clients.email AS revenue_clients_email, revenue_clients.birthday AS revenue_clients_birthday, revenue_clients.last_visit_date AS revenue_clients_last_visit_date, revenue_clients.first_visit_date AS revenue_clients_first_visit_date, revenue_clients.master_id AS revenue_clients_master_id, revenue_clients.last_service_id AS revenue_clients_last_service_id, revenue_clients.total_visits AS revenue_clients_total_visits, revenue_clients.total_spent AS revenue_clients_total_spent, revenue_clients.raw_data AS revenue_clients_raw_data, revenue_clients.last_visit_at AS revenue_clients_last_visit_at, revenue_clients.last_service_name AS revenue_clients_last_service_name, revenue_clients.visit_count AS revenue_clients_visit_count, revenue_clients.is_active AS revenue_clients_is_active, revenue_clients.created_at AS revenue_clients_created_at, revenue_clients.updated_at AS revenue_clients_updated_at 
FROM revenue_clients 
WHERE revenue_clients.altegio_client_id = %(altegio_client_id_1)s::INTEGER 
 LIMIT %(param_1)s::INTEGER
2026-08-01 12:12:08,962 INFO sqlalchemy.engine.Engine [cached since 0.02907s ago] {'altegio_client_id_1': 174075479, 'param_1': 1}
2026-08-01 12:12:08,963 INFO sqlalchemy.engine.Engine SELECT revenue_clients.id AS revenue_clients_id, revenue_clients.altegio_client_id AS revenue_clients_altegio_client_id, revenue_clients.company_id AS revenue_clients_company_id, revenue_clients.full_name AS revenue_clients_full_name, revenue_clients.phone AS revenue_clients_phone, revenue_clients.email AS revenue_clients_email, revenue_clients.birthday AS revenue_clients_birthday, revenue_clients.last_visit_date AS revenue_clients_last_visit_date, revenue_clients.first_visit_date AS revenue_clients_first_visit_date, revenue_clients.master_id AS revenue_clients_master_id, revenue_clients.last_service_id AS revenue_clients_last_service_id, revenue_clients.total_visits AS revenue_clients_total_visits, revenue_clients.total_spent AS revenue_clients_total_spent, revenue_clients.raw_data AS revenue_clients_raw_data, revenue_clients.last_visit_at AS revenue_clients_last_visit_at, revenue_clients.last_service_name AS revenue_clients_last_service_name, revenue_clients.visit_count AS revenue_clients_visit_count, revenue_clients.is_active AS revenue_clients_is_active, revenue_clients.created_at AS revenue_clients_created_at, revenue_clients.updated_at AS revenue_clients_updated_at 
FROM revenue_clients 
WHERE revenue_clients.altegio_client_id = %(altegio_client_id_1)s::INTEGER 
 LIMIT %(param_1)s::INTEGER
2026-08-01 12:12:08,963 INFO sqlalchemy.engine.Engine [cached since 0.02991s ago] {'altegio_client_id_1': 174083103, 'param_1': 1}
2026-08-01 12:12:08,963 INFO sqlalchemy.engine.Engine SELECT revenue_clients.id AS revenue_clients_id, revenue_clients.altegio_client_id AS revenue_clients_altegio_client_id, revenue_clients.company_id AS revenue_clients_company_id, revenue_clients.full_name AS revenue_clients_full_name, revenue_clients.phone AS revenue_clients_phone, revenue_clients.email AS revenue_clients_email, revenue_clients.birthday AS revenue_clients_birthday, revenue_clients.last_visit_date AS revenue_clients_last_visit_date, revenue_clients.first_visit_date AS revenue_clients_first_visit_date, revenue_clients.master_id AS revenue_clients_master_id, revenue_clients.last_service_id AS revenue_clients_last_service_id, revenue_clients.total_visits AS revenue_clients_total_visits, revenue_clients.total_spent AS revenue_clients_total_spent, revenue_clients.raw_data AS revenue_clients_raw_data, revenue_clients.last_visit_at AS revenue_clients_last_visit_at, revenue_clients.last_service_name AS revenue_clients_last_service_name, revenue_clients.visit_count AS revenue_clients_visit_count, revenue_clients.is_active AS revenue_clients_is_active, revenue_clients.created_at AS revenue_clients_created_at, revenue_clients.updated_at AS revenue_clients_updated_at 
FROM revenue_clients 
WHERE revenue_clients.altegio_client_id = %(altegio_client_id_1)s::INTEGER 
 LIMIT %(param_1)s::INTEGER
2026-08-01 12:12:08,963 INFO sqlalchemy.engine.Engine [cached since 0.03074s ago] {'altegio_client_id_1': 174111975, 'param_1': 1}
2026-08-01 12:12:08,964 INFO sqlalchemy.engine.Engine SELECT revenue_clients.id AS revenue_clients_id, revenue_clients.altegio_client_id AS revenue_clients_altegio_client_id, revenue_clients.company_id AS revenue_clients_company_id, revenue_clients.full_name AS revenue_clients_full_name, revenue_clients.phone AS revenue_clients_phone, revenue_clients.email AS revenue_clients_email, revenue_clients.birthday AS revenue_clients_birthday, revenue_clients.last_visit_date AS revenue_clients_last_visit_date, revenue_clients.first_visit_date AS revenue_clients_first_visit_date, revenue_clients.master_id AS revenue_clients_master_id, revenue_clients.last_service_id AS revenue_clients_last_service_id, revenue_clients.total_visits AS revenue_clients_total_visits, revenue_clients.total_spent AS revenue_clients_total_spent, revenue_clients.raw_data AS revenue_clients_raw_data, revenue_clients.last_visit_at AS revenue_clients_last_visit_at, revenue_clients.last_service_name AS revenue_clients_last_service_name, revenue_clients.visit_count AS revenue_clients_visit_count, revenue_clients.is_active AS revenue_clients_is_active, revenue_clients.created_at AS revenue_clients_created_at, revenue_clients.updated_at AS revenue_clients_updated_at 
FROM revenue_clients 
WHERE revenue_clients.altegio_client_id = %(altegio_client_id_1)s::INTEGER 
 LIMIT %(param_1)s::INTEGER
2026-08-01 12:12:08,964 INFO sqlalchemy.engine.Engine [cached since 0.03154s ago] {'altegio_client_id_1': 174139939, 'param_1': 1}
2026-08-01 12:12:08,965 INFO sqlalchemy.engine.Engine SELECT revenue_clients.id AS revenue_clients_id, revenue_clients.altegio_client_id AS revenue_clients_altegio_client_id, revenue_clients.company_id AS revenue_clients_company_id, revenue_clients.full_name AS revenue_clients_full_name, revenue_clients.phone AS revenue_clients_phone, revenue_clients.email AS revenue_clients_email, revenue_clients.birthday AS revenue_clients_birthday, revenue_clients.last_visit_date AS revenue_clients_last_visit_date, revenue_clients.first_visit_date AS revenue_clients_first_visit_date, revenue_clients.master_id AS revenue_clients_master_id, revenue_clients.last_service_id AS revenue_clients_last_service_id, revenue_clients.total_visits AS revenue_clients_total_visits, revenue_clients.total_spent AS revenue_clients_total_spent, revenue_clients.raw_data AS revenue_clients_raw_data, revenue_clients.last_visit_at AS revenue_clients_last_visit_at, revenue_clients.last_service_name AS revenue_clients_last_service_name, revenue_clients.visit_count AS revenue_clients_visit_count, revenue_clients.is_active AS revenue_clients_is_active, revenue_clients.created_at AS revenue_clients_created_at, revenue_clients.updated_at AS revenue_clients_updated_at 
FROM revenue_clients 
WHERE revenue_clients.altegio_client_id = %(altegio_client_id_1)s::INTEGER 
 LIMIT %(param_1)s::INTEGER
2026-08-01 12:12:08,965 INFO sqlalchemy.engine.Engine [cached since 0.03234s ago] {'altegio_client_id_1': 174141601, 'param_1': 1}
2026-08-01 12:12:08,966 INFO sqlalchemy.engine.Engine SELECT revenue_clients.id AS revenue_clients_id, revenue_clients.altegio_client_id AS revenue_clients_altegio_client_id, revenue_clients.company_id AS revenue_clients_company_id, revenue_clients.full_name AS revenue_clients_full_name, revenue_clients.phone AS revenue_clients_phone, revenue_clients.email AS revenue_clients_email, revenue_clients.birthday AS revenue_clients_birthday, revenue_clients.last_visit_date AS revenue_clients_last_visit_date, revenue_clients.first_visit_date AS revenue_clients_first_visit_date, revenue_clients.master_id AS revenue_clients_master_id, revenue_clients.last_service_id AS revenue_clients_last_service_id, revenue_clients.total_visits AS revenue_clients_total_visits, revenue_clients.total_spent AS revenue_clients_total_spent, revenue_clients.raw_data AS revenue_clients_raw_data, revenue_clients.last_visit_at AS revenue_clients_last_visit_at, revenue_clients.last_service_name AS revenue_clients_last_service_name, revenue_clients.visit_count AS revenue_clients_visit_count, revenue_clients.is_active AS revenue_clients_is_active, revenue_clients.created_at AS revenue_clients_created_at, revenue_clients.updated_at AS revenue_clients_updated_at 
FROM revenue_clients 
WHERE revenue_clients.altegio_client_id = %(altegio_client_id_1)s::INTEGER 
 LIMIT %(param_1)s::INTEGER
2026-08-01 12:12:08,966 INFO sqlalchemy.engine.Engine [cached since 0.03314s ago] {'altegio_client_id_1': 174254186, 'param_1': 1}
2026-08-01 12:12:08,967 INFO sqlalchemy.engine.Engine SELECT revenue_clients.id AS revenue_clients_id, revenue_clients.altegio_client_id AS revenue_clients_altegio_client_id, revenue_clients.company_id AS revenue_clients_company_id, revenue_clients.full_name AS revenue_clients_full_name, revenue_clients.phone AS revenue_clients_phone, revenue_clients.email AS revenue_clients_email, revenue_clients.birthday AS revenue_clients_birthday, revenue_clients.last_visit_date AS revenue_clients_last_visit_date, revenue_clients.first_visit_date AS revenue_clients_first_visit_date, revenue_clients.master_id AS revenue_clients_master_id, revenue_clients.last_service_id AS revenue_clients_last_service_id, revenue_clients.total_visits AS revenue_clients_total_visits, revenue_clients.total_spent AS revenue_clients_total_spent, revenue_clients.raw_data AS revenue_clients_raw_data, revenue_clients.last_visit_at AS revenue_clients_last_visit_at, revenue_clients.last_service_name AS revenue_clients_last_service_name, revenue_clients.visit_count AS revenue_clients_visit_count, revenue_clients.is_active AS revenue_clients_is_active, revenue_clients.created_at AS revenue_clients_created_at, revenue_clients.updated_at AS revenue_clients_updated_at 
FROM revenue_clients 
WHERE revenue_clients.altegio_client_id = %(altegio_client_id_1)s::INTEGER 
 LIMIT %(param_1)s::INTEGER
2026-08-01 12:12:08,967 INFO sqlalchemy.engine.Engine [cached since 0.03398s ago] {'altegio_client_id_1': 174336874, 'param_1': 1}
2026-08-01 12:12:08,968 INFO sqlalchemy.engine.Engine SELECT revenue_clients.id AS revenue_clients_id, revenue_clients.altegio_client_id AS revenue_clients_altegio_client_id, revenue_clients.company_id AS revenue_clients_company_id, revenue_clients.full_name AS revenue_clients_full_name, revenue_clients.phone AS revenue_clients_phone, revenue_clients.email AS revenue_clients_email, revenue_clients.birthday AS revenue_clients_birthday, revenue_clients.last_visit_date AS revenue_clients_last_visit_date, revenue_clients.first_visit_date AS revenue_clients_first_visit_date, revenue_clients.master_id AS revenue_clients_master_id, revenue_clients.last_service_id AS revenue_clients_last_service_id, revenue_clients.total_visits AS revenue_clients_total_visits, revenue_clients.total_spent AS revenue_clients_total_spent, revenue_clients.raw_data AS revenue_clients_raw_data, revenue_clients.last_visit_at AS revenue_clients_last_visit_at, revenue_clients.last_service_name AS revenue_clients_last_service_name, revenue_clients.visit_count AS revenue_clients_visit_count, revenue_clients.is_active AS revenue_clients_is_active, revenue_clients.created_at AS revenue_clients_created_at, revenue_clients.updated_at AS revenue_clients_updated_at 
FROM revenue_clients 
WHERE revenue_clients.altegio_client_id = %(altegio_client_id_1)s::INTEGER 
 LIMIT %(param_1)s::INTEGER
2026-08-01 12:12:08,968 INFO sqlalchemy.engine.Engine [cached since 0.03483s ago] {'altegio_client_id_1': 174354770, 'param_1': 1}
2026-08-01 12:12:08,968 INFO sqlalchemy.engine.Engine SELECT revenue_clients.id AS revenue_clients_id, revenue_clients.altegio_client_id AS revenue_clients_altegio_client_id, revenue_clients.company_id AS revenue_clients_company_id, revenue_clients.full_name AS revenue_clients_full_name, revenue_clients.phone AS revenue_clients_phone, revenue_clients.email AS revenue_clients_email, revenue_clients.birthday AS revenue_clients_birthday, revenue_clients.last_visit_date AS revenue_clients_last_visit_date, revenue_clients.first_visit_date AS revenue_clients_first_visit_date, revenue_clients.master_id AS revenue_clients_master_id, revenue_clients.last_service_id AS revenue_clients_last_service_id, revenue_clients.total_visits AS revenue_clients_total_visits, revenue_clients.total_spent AS revenue_clients_total_spent, revenue_clients.raw_data AS revenue_clients_raw_data, revenue_clients.last_visit_at AS revenue_clients_last_visit_at, revenue_clients.last_service_name AS revenue_clients_last_service_name, revenue_clients.visit_count AS revenue_clients_visit_count, revenue_clients.is_active AS revenue_clients_is_active, revenue_clients.created_at AS revenue_clients_created_at, revenue_clients.updated_at AS revenue_clients_updated_at 
FROM revenue_clients 
WHERE revenue_clients.altegio_client_id = %(altegio_client_id_1)s::INTEGER 
 LIMIT %(param_1)s::INTEGER
2026-08-01 12:12:08,968 INFO sqlalchemy.engine.Engine [cached since 0.03566s ago] {'altegio_client_id_1': 174386886, 'param_1': 1}
2026-08-01 12:12:08,969 INFO sqlalchemy.engine.Engine SELECT revenue_clients.id AS revenue_clients_id, revenue_clients.altegio_client_id AS revenue_clients_altegio_client_id, revenue_clients.company_id AS revenue_clients_company_id, revenue_clients.full_name AS revenue_clients_full_name, revenue_clients.phone AS revenue_clients_phone, revenue_clients.email AS revenue_clients_email, revenue_clients.birthday AS revenue_clients_birthday, revenue_clients.last_visit_date AS revenue_clients_last_visit_date, revenue_clients.first_visit_date AS revenue_clients_first_visit_date, revenue_clients.master_id AS revenue_clients_master_id, revenue_clients.last_service_id AS revenue_clients_last_service_id, revenue_clients.total_visits AS revenue_clients_total_visits, revenue_clients.total_spent AS revenue_clients_total_spent, revenue_clients.raw_data AS revenue_clients_raw_data, revenue_clients.last_visit_at AS revenue_clients_last_visit_at, revenue_clients.last_service_name AS revenue_clients_last_service_name, revenue_clients.visit_count AS revenue_clients_visit_count, revenue_clients.is_active AS revenue_clients_is_active, revenue_clients.created_at AS revenue_clients_created_at, revenue_clients.updated_at AS revenue_clients_updated_at 
FROM revenue_clients 
WHERE revenue_clients.altegio_client_id = %(altegio_client_id_1)s::INTEGER 
 LIMIT %(param_1)s::INTEGER
2026-08-01 12:12:08,969 INFO sqlalchemy.engine.Engine [cached since 0.03646s ago] {'altegio_client_id_1': 174398327, 'param_1': 1}
2026-08-01 12:12:08,970 INFO sqlalchemy.engine.Engine SELECT revenue_clients.id AS revenue_clients_id, revenue_clients.altegio_client_id AS revenue_clients_altegio_client_id, revenue_clients.company_id AS revenue_clients_company_id, revenue_clients.full_name AS revenue_clients_full_name, revenue_clients.phone AS revenue_clients_phone, revenue_clients.email AS revenue_clients_email, revenue_clients.birthday AS revenue_clients_birthday, revenue_clients.last_visit_date AS revenue_clients_last_visit_date, revenue_clients.first_visit_date AS revenue_clients_first_visit_date, revenue_clients.master_id AS revenue_clients_master_id, revenue_clients.last_service_id AS revenue_clients_last_service_id, revenue_clients.total_visits AS revenue_clients_total_visits, revenue_clients.total_spent AS revenue_clients_total_spent, revenue_clients.raw_data AS revenue_clients_raw_data, revenue_clients.last_visit_at AS revenue_clients_last_visit_at, revenue_clients.last_service_name AS revenue_clients_last_service_name, revenue_clients.visit_count AS revenue_clients_visit_count, revenue_clients.is_active AS revenue_clients_is_active, revenue_clients.created_at AS revenue_clients_created_at, revenue_clients.updated_at AS revenue_clients_updated_at 
FROM revenue_clients 
WHERE revenue_clients.altegio_client_id = %(altegio_client_id_1)s::INTEGER 
 LIMIT %(param_1)s::INTEGER
2026-08-01 12:12:08,970 INFO sqlalchemy.engine.Engine [cached since 0.03725s ago] {'altegio_client_id_1': 174423827, 'param_1': 1}
2026-08-01 12:12:08,971 INFO sqlalchemy.engine.Engine SELECT revenue_clients.id AS revenue_clients_id, revenue_clients.altegio_client_id AS revenue_clients_altegio_client_id, revenue_clients.company_id AS revenue_clients_company_id, revenue_clients.full_name AS revenue_clients_full_name, revenue_clients.phone AS revenue_clients_phone, revenue_clients.email AS revenue_clients_email, revenue_clients.birthday AS revenue_clients_birthday, revenue_clients.last_visit_date AS revenue_clients_last_visit_date, revenue_clients.first_visit_date AS revenue_clients_first_visit_date, revenue_clients.master_id AS revenue_clients_master_id, revenue_clients.last_service_id AS revenue_clients_last_service_id, revenue_clients.total_visits AS revenue_clients_total_visits, revenue_clients.total_spent AS revenue_clients_total_spent, revenue_clients.raw_data AS revenue_clients_raw_data, revenue_clients.last_visit_at AS revenue_clients_last_visit_at, revenue_clients.last_service_name AS revenue_clients_last_service_name, revenue_clients.visit_count AS revenue_clients_visit_count, revenue_clients.is_active AS revenue_clients_is_active, revenue_clients.created_at AS revenue_clients_created_at, revenue_clients.updated_at AS revenue_clients_updated_at 
FROM revenue_clients 
WHERE revenue_clients.altegio_client_id = %(altegio_client_id_1)s::INTEGER 
 LIMIT %(param_1)s::INTEGER
2026-08-01 12:12:08,971 INFO sqlalchemy.engine.Engine [cached since 0.03801s ago] {'altegio_client_id_1': 174424782, 'param_1': 1}
2026-08-01 12:12:08,971 INFO sqlalchemy.engine.Engine SELECT revenue_clients.id AS revenue_clients_id, revenue_clients.altegio_client_id AS revenue_clients_altegio_client_id, revenue_clients.company_id AS revenue_clients_company_id, revenue_clients.full_name AS revenue_clients_full_name, revenue_clients.phone AS revenue_clients_phone, revenue_clients.email AS revenue_clients_email, revenue_clients.birthday AS revenue_clients_birthday, revenue_clients.last_visit_date AS revenue_clients_last_visit_date, revenue_clients.first_visit_date AS revenue_clients_first_visit_date, revenue_clients.master_id AS revenue_clients_master_id, revenue_clients.last_service_id AS revenue_clients_last_service_id, revenue_clients.total_visits AS revenue_clients_total_visits, revenue_clients.total_spent AS revenue_clients_total_spent, revenue_clients.raw_data AS revenue_clients_raw_data, revenue_clients.last_visit_at AS revenue_clients_last_visit_at, revenue_clients.last_service_name AS revenue_clients_last_service_name, revenue_clients.visit_count AS revenue_clients_visit_count, revenue_clients.is_active AS revenue_clients_is_active, revenue_clients.created_at AS revenue_clients_created_at, revenue_clients.updated_at AS revenue_clients_updated_at 
FROM revenue_clients 
WHERE revenue_clients.altegio_client_id = %(altegio_client_id_1)s::INTEGER 
 LIMIT %(param_1)s::INTEGER
2026-08-01 12:12:08,972 INFO sqlalchemy.engine.Engine [cached since 0.0388s ago] {'altegio_client_id_1': 174454284, 'param_1': 1}
2026-08-01 12:12:08,972 INFO sqlalchemy.engine.Engine SELECT revenue_clients.id AS revenue_clients_id, revenue_clients.altegio_client_id AS revenue_clients_altegio_client_id, revenue_clients.company_id AS revenue_clients_company_id, revenue_clients.full_name AS revenue_clients_full_name, revenue_clients.phone AS revenue_clients_phone, revenue_clients.email AS revenue_clients_email, revenue_clients.birthday AS revenue_clients_birthday, revenue_clients.last_visit_date AS revenue_clients_last_visit_date, revenue_clients.first_visit_date AS revenue_clients_first_visit_date, revenue_clients.master_id AS revenue_clients_master_id, revenue_clients.last_service_id AS revenue_clients_last_service_id, revenue_clients.total_visits AS revenue_clients_total_visits, revenue_clients.total_spent AS revenue_clients_total_spent, revenue_clients.raw_data AS revenue_clients_raw_data, revenue_clients.last_visit_at AS revenue_clients_last_visit_at, revenue_clients.last_service_name AS revenue_clients_last_service_name, revenue_clients.visit_count AS revenue_clients_visit_count, revenue_clients.is_active AS revenue_clients_is_active, revenue_clients.created_at AS revenue_clients_created_at, revenue_clients.updated_at AS revenue_clients_updated_at 
FROM revenue_clients 
WHERE revenue_clients.altegio_client_id = %(altegio_client_id_1)s::INTEGER 
 LIMIT %(param_1)s::INTEGER
2026-08-01 12:12:08,972 INFO sqlalchemy.engine.Engine [cached since 0.03971s ago] {'altegio_client_id_1': 174466370, 'param_1': 1}
2026-08-01 12:12:08,973 INFO sqlalchemy.engine.Engine SELECT revenue_clients.id AS revenue_clients_id, revenue_clients.altegio_client_id AS revenue_clients_altegio_client_id, revenue_clients.company_id AS revenue_clients_company_id, revenue_clients.full_name AS revenue_clients_full_name, revenue_clients.phone AS revenue_clients_phone, revenue_clients.email AS revenue_clients_email, revenue_clients.birthday AS revenue_clients_birthday, revenue_clients.last_visit_date AS revenue_clients_last_visit_date, revenue_clients.first_visit_date AS revenue_clients_first_visit_date, revenue_clients.master_id AS revenue_clients_master_id, revenue_clients.last_service_id AS revenue_clients_last_service_id, revenue_clients.total_visits AS revenue_clients_total_visits, revenue_clients.total_spent AS revenue_clients_total_spent, revenue_clients.raw_data AS revenue_clients_raw_data, revenue_clients.last_visit_at AS revenue_clients_last_visit_at, revenue_clients.last_service_name AS revenue_clients_last_service_name, revenue_clients.visit_count AS revenue_clients_visit_count, revenue_clients.is_active AS revenue_clients_is_active, revenue_clients.created_at AS revenue_clients_created_at, revenue_clients.updated_at AS revenue_clients_updated_at 
FROM revenue_clients 
WHERE revenue_clients.altegio_client_id = %(altegio_client_id_1)s::INTEGER 
 LIMIT %(param_1)s::INTEGER
2026-08-01 12:12:08,973 INFO sqlalchemy.engine.Engine [cached since 0.04052s ago] {'altegio_client_id_1': 174498261, 'param_1': 1}
2026-08-01 12:12:08,974 INFO sqlalchemy.engine.Engine SELECT revenue_clients.id AS revenue_clients_id, revenue_clients.altegio_client_id AS revenue_clients_altegio_client_id, revenue_clients.company_id AS revenue_clients_company_id, revenue_clients.full_name AS revenue_clients_full_name, revenue_clients.phone AS revenue_clients_phone, revenue_clients.email AS revenue_clients_email, revenue_clients.birthday AS revenue_clients_birthday, revenue_clients.last_visit_date AS revenue_clients_last_visit_date, revenue_clients.first_visit_date AS revenue_clients_first_visit_date, revenue_clients.master_id AS revenue_clients_master_id, revenue_clients.last_service_id AS revenue_clients_last_service_id, revenue_clients.total_visits AS revenue_clients_total_visits, revenue_clients.total_spent AS revenue_clients_total_spent, revenue_clients.raw_data AS revenue_clients_raw_data, revenue_clients.last_visit_at AS revenue_clients_last_visit_at, revenue_clients.last_service_name AS revenue_clients_last_service_name, revenue_clients.visit_count AS revenue_clients_visit_count, revenue_clients.is_active AS revenue_clients_is_active, revenue_clients.created_at AS revenue_clients_created_at, revenue_clients.updated_at AS revenue_clients_updated_at 
FROM revenue_clients 
WHERE revenue_clients.altegio_client_id = %(altegio_client_id_1)s::INTEGER 
 LIMIT %(param_1)s::INTEGER
2026-08-01 12:12:08,974 INFO sqlalchemy.engine.Engine [cached since 0.04128s ago] {'altegio_client_id_1': 174583293, 'param_1': 1}
2026-08-01 12:12:08,975 INFO sqlalchemy.engine.Engine SELECT revenue_clients.id AS revenue_clients_id, revenue_clients.altegio_client_id AS revenue_clients_altegio_client_id, revenue_clients.company_id AS revenue_clients_company_id, revenue_clients.full_name AS revenue_clients_full_name, revenue_clients.phone AS revenue_clients_phone, revenue_clients.email AS revenue_clients_email, revenue_clients.birthday AS revenue_clients_birthday, revenue_clients.last_visit_date AS revenue_clients_last_visit_date, revenue_clients.first_visit_date AS revenue_clients_first_visit_date, revenue_clients.master_id AS revenue_clients_master_id, revenue_clients.last_service_id AS revenue_clients_last_service_id, revenue_clients.total_visits AS revenue_clients_total_visits, revenue_clients.total_spent AS revenue_clients_total_spent, revenue_clients.raw_data AS revenue_clients_raw_data, revenue_clients.last_visit_at AS revenue_clients_last_visit_at, revenue_clients.last_service_name AS revenue_clients_last_service_name, revenue_clients.visit_count AS revenue_clients_visit_count, revenue_clients.is_active AS revenue_clients_is_active, revenue_clients.created_at AS revenue_clients_created_at, revenue_clients.updated_at AS revenue_clients_updated_at 
FROM revenue_clients 
WHERE revenue_clients.altegio_client_id = %(altegio_client_id_1)s::INTEGER 
 LIMIT %(param_1)s::INTEGER
2026-08-01 12:12:08,975 INFO sqlalchemy.engine.Engine [cached since 0.04206s ago] {'altegio_client_id_1': 174583676, 'param_1': 1}
2026-08-01 12:12:08,976 INFO sqlalchemy.engine.Engine SELECT revenue_clients.id AS revenue_clients_id, revenue_clients.altegio_client_id AS revenue_clients_altegio_client_id, revenue_clients.company_id AS revenue_clients_company_id, revenue_clients.full_name AS revenue_clients_full_name, revenue_clients.phone AS revenue_clients_phone, revenue_clients.email AS revenue_clients_email, revenue_clients.birthday AS revenue_clients_birthday, revenue_clients.last_visit_date AS revenue_clients_last_visit_date, revenue_clients.first_visit_date AS revenue_clients_first_visit_date, revenue_clients.master_id AS revenue_clients_master_id, revenue_clients.last_service_id AS revenue_clients_last_service_id, revenue_clients.total_visits AS revenue_clients_total_visits, revenue_clients.total_spent AS revenue_clients_total_spent, revenue_clients.raw_data AS revenue_clients_raw_data, revenue_clients.last_visit_at AS revenue_clients_last_visit_at, revenue_clients.last_service_name AS revenue_clients_last_service_name, revenue_clients.visit_count AS revenue_clients_visit_count, revenue_clients.is_active AS revenue_clients_is_active, revenue_clients.created_at AS revenue_clients_created_at, revenue_clients.updated_at AS revenue_clients_updated_at 
FROM revenue_clients 
WHERE revenue_clients.altegio_client_id = %(altegio_client_id_1)s::INTEGER 
 LIMIT %(param_1)s::INTEGER
2026-08-01 12:12:08,976 INFO sqlalchemy.engine.Engine [cached since 0.04284s ago] {'altegio_client_id_1': 174612361, 'param_1': 1}
2026-08-01 12:12:08,976 INFO sqlalchemy.engine.Engine SELECT revenue_clients.id AS revenue_clients_id, revenue_clients.altegio_client_id AS revenue_clients_altegio_client_id, revenue_clients.company_id AS revenue_clients_company_id, revenue_clients.full_name AS revenue_clients_full_name, revenue_clients.phone AS revenue_clients_phone, revenue_clients.email AS revenue_clients_email, revenue_clients.birthday AS revenue_clients_birthday, revenue_clients.last_visit_date AS revenue_clients_last_visit_date, revenue_clients.first_visit_date AS revenue_clients_first_visit_date, revenue_clients.master_id AS revenue_clients_master_id, revenue_clients.last_service_id AS revenue_clients_last_service_id, revenue_clients.total_visits AS revenue_clients_total_visits, revenue_clients.total_spent AS revenue_clients_total_spent, revenue_clients.raw_data AS revenue_clients_raw_data, revenue_clients.last_visit_at AS revenue_clients_last_visit_at, revenue_clients.last_service_name AS revenue_clients_last_service_name, revenue_clients.visit_count AS revenue_clients_visit_count, revenue_clients.is_active AS revenue_clients_is_active, revenue_clients.created_at AS revenue_clients_created_at, revenue_clients.updated_at AS revenue_clients_updated_at 
FROM revenue_clients 
WHERE revenue_clients.altegio_client_id = %(altegio_client_id_1)s::INTEGER 
 LIMIT %(param_1)s::INTEGER
2026-08-01 12:12:08,976 INFO sqlalchemy.engine.Engine [cached since 0.04363s ago] {'altegio_client_id_1': 174627875, 'param_1': 1}
2026-08-01 12:12:08,977 INFO sqlalchemy.engine.Engine SELECT revenue_clients.id AS revenue_clients_id, revenue_clients.altegio_client_id AS revenue_clients_altegio_client_id, revenue_clients.company_id AS revenue_clients_company_id, revenue_clients.full_name AS revenue_clients_full_name, revenue_clients.phone AS revenue_clients_phone, revenue_clients.email AS revenue_clients_email, revenue_clients.birthday AS revenue_clients_birthday, revenue_clients.last_visit_date AS revenue_clients_last_visit_date, revenue_clients.first_visit_date AS revenue_clients_first_visit_date, revenue_clients.master_id AS revenue_clients_master_id, revenue_clients.last_service_id AS revenue_clients_last_service_id, revenue_clients.total_visits AS revenue_clients_total_visits, revenue_clients.total_spent AS revenue_clients_total_spent, revenue_clients.raw_data AS revenue_clients_raw_data, revenue_clients.last_visit_at AS revenue_clients_last_visit_at, revenue_clients.last_service_name AS revenue_clients_last_service_name, revenue_clients.visit_count AS revenue_clients_visit_count, revenue_clients.is_active AS revenue_clients_is_active, revenue_clients.created_at AS revenue_clients_created_at, revenue_clients.updated_at AS revenue_clients_updated_at 
FROM revenue_clients 
WHERE revenue_clients.altegio_client_id = %(altegio_client_id_1)s::INTEGER 
 LIMIT %(param_1)s::INTEGER
2026-08-01 12:12:08,977 INFO sqlalchemy.engine.Engine [cached since 0.04441s ago] {'altegio_client_id_1': 174651730, 'param_1': 1}
2026-08-01 12:12:08,978 INFO sqlalchemy.engine.Engine SELECT revenue_clients.id AS revenue_clients_id, revenue_clients.altegio_client_id AS revenue_clients_altegio_client_id, revenue_clients.company_id AS revenue_clients_company_id, revenue_clients.full_name AS revenue_clients_full_name, revenue_clients.phone AS revenue_clients_phone, revenue_clients.email AS revenue_clients_email, revenue_clients.birthday AS revenue_clients_birthday, revenue_clients.last_visit_date AS revenue_clients_last_visit_date, revenue_clients.first_visit_date AS revenue_clients_first_visit_date, revenue_clients.master_id AS revenue_clients_master_id, revenue_clients.last_service_id AS revenue_clients_last_service_id, revenue_clients.total_visits AS revenue_clients_total_visits, revenue_clients.total_spent AS revenue_clients_total_spent, revenue_clients.raw_data AS revenue_clients_raw_data, revenue_clients.last_visit_at AS revenue_clients_last_visit_at, revenue_clients.last_service_name AS revenue_clients_last_service_name, revenue_clients.visit_count AS revenue_clients_visit_count, revenue_clients.is_active AS revenue_clients_is_active, revenue_clients.created_at AS revenue_clients_created_at, revenue_clients.updated_at AS revenue_clients_updated_at 
FROM revenue_clients 
WHERE revenue_clients.altegio_client_id = %(altegio_client_id_1)s::INTEGER 
 LIMIT %(param_1)s::INTEGER
2026-08-01 12:12:08,978 INFO sqlalchemy.engine.Engine [cached since 0.0454s ago] {'altegio_client_id_1': 174654741, 'param_1': 1}
2026-08-01 12:12:08,979 INFO sqlalchemy.engine.Engine SELECT revenue_clients.id AS revenue_clients_id, revenue_clients.altegio_client_id AS revenue_clients_altegio_client_id, revenue_clients.company_id AS revenue_clients_company_id, revenue_clients.full_name AS revenue_clients_full_name, revenue_clients.phone AS revenue_clients_phone, revenue_clients.email AS revenue_clients_email, revenue_clients.birthday AS revenue_clients_birthday, revenue_clients.last_visit_date AS revenue_clients_last_visit_date, revenue_clients.first_visit_date AS revenue_clients_first_visit_date, revenue_clients.master_id AS revenue_clients_master_id, revenue_clients.last_service_id AS revenue_clients_last_service_id, revenue_clients.total_visits AS revenue_clients_total_visits, revenue_clients.total_spent AS revenue_clients_total_spent, revenue_clients.raw_data AS revenue_clients_raw_data, revenue_clients.last_visit_at AS revenue_clients_last_visit_at, revenue_clients.last_service_name AS revenue_clients_last_service_name, revenue_clients.visit_count AS revenue_clients_visit_count, revenue_clients.is_active AS revenue_clients_is_active, revenue_clients.created_at AS revenue_clients_created_at, revenue_clients.updated_at AS revenue_clients_updated_at 
FROM revenue_clients 
WHERE revenue_clients.altegio_client_id = %(altegio_client_id_1)s::INTEGER 
 LIMIT %(param_1)s::INTEGER
2026-08-01 12:12:08,979 INFO sqlalchemy.engine.Engine [cached since 0.0463s ago] {'altegio_client_id_1': 174675343, 'param_1': 1}
2026-08-01 12:12:08,980 INFO sqlalchemy.engine.Engine SELECT revenue_clients.id AS revenue_clients_id, revenue_clients.altegio_client_id AS revenue_clients_altegio_client_id, revenue_clients.company_id AS revenue_clients_company_id, revenue_clients.full_name AS revenue_clients_full_name, revenue_clients.phone AS revenue_clients_phone, revenue_clients.email AS revenue_clients_email, revenue_clients.birthday AS revenue_clients_birthday, revenue_clients.last_visit_date AS revenue_clients_last_visit_date, revenue_clients.first_visit_date AS revenue_clients_first_visit_date, revenue_clients.master_id AS revenue_clients_master_id, revenue_clients.last_service_id AS revenue_clients_last_service_id, revenue_clients.total_visits AS revenue_clients_total_visits, revenue_clients.total_spent AS revenue_clients_total_spent, revenue_clients.raw_data AS revenue_clients_raw_data, revenue_clients.last_visit_at AS revenue_clients_last_visit_at, revenue_clients.last_service_name AS revenue_clients_last_service_name, revenue_clients.visit_count AS revenue_clients_visit_count, revenue_clients.is_active AS revenue_clients_is_active, revenue_clients.created_at AS revenue_clients_created_at, revenue_clients.updated_at AS revenue_clients_updated_at 
FROM revenue_clients 
WHERE revenue_clients.altegio_client_id = %(altegio_client_id_1)s::INTEGER 
 LIMIT %(param_1)s::INTEGER
2026-08-01 12:12:08,980 INFO sqlalchemy.engine.Engine [cached since 0.0471s ago] {'altegio_client_id_1': 174706563, 'param_1': 1}
2026-08-01 12:12:08,981 INFO sqlalchemy.engine.Engine SELECT revenue_clients.id AS revenue_clients_id, revenue_clients.altegio_client_id AS revenue_clients_altegio_client_id, revenue_clients.company_id AS revenue_clients_company_id, revenue_clients.full_name AS revenue_clients_full_name, revenue_clients.phone AS revenue_clients_phone, revenue_clients.email AS revenue_clients_email, revenue_clients.birthday AS revenue_clients_birthday, revenue_clients.last_visit_date AS revenue_clients_last_visit_date, revenue_clients.first_visit_date AS revenue_clients_first_visit_date, revenue_clients.master_id AS revenue_clients_master_id, revenue_clients.last_service_id AS revenue_clients_last_service_id, revenue_clients.total_visits AS revenue_clients_total_visits, revenue_clients.total_spent AS revenue_clients_total_spent, revenue_clients.raw_data AS revenue_clients_raw_data, revenue_clients.last_visit_at AS revenue_clients_last_visit_at, revenue_clients.last_service_name AS revenue_clients_last_service_name, revenue_clients.visit_count AS revenue_clients_visit_count, revenue_clients.is_active AS revenue_clients_is_active, revenue_clients.created_at AS revenue_clients_created_at, revenue_clients.updated_at AS revenue_clients_updated_at 
FROM revenue_clients 
WHERE revenue_clients.altegio_client_id = %(altegio_client_id_1)s::INTEGER 
 LIMIT %(param_1)s::INTEGER
2026-08-01 12:12:08,981 INFO sqlalchemy.engine.Engine [cached since 0.048s ago] {'altegio_client_id_1': 174707517, 'param_1': 1}
2026-08-01 12:12:08,982 INFO sqlalchemy.engine.Engine SELECT revenue_clients.id AS revenue_clients_id, revenue_clients.altegio_client_id AS revenue_clients_altegio_client_id, revenue_clients.company_id AS revenue_clients_company_id, revenue_clients.full_name AS revenue_clients_full_name, revenue_clients.phone AS revenue_clients_phone, revenue_clients.email AS revenue_clients_email, revenue_clients.birthday AS revenue_clients_birthday, revenue_clients.last_visit_date AS revenue_clients_last_visit_date, revenue_clients.first_visit_date AS revenue_clients_first_visit_date, revenue_clients.master_id AS revenue_clients_master_id, revenue_clients.last_service_id AS revenue_clients_last_service_id, revenue_clients.total_visits AS revenue_clients_total_visits, revenue_clients.total_spent AS revenue_clients_total_spent, revenue_clients.raw_data AS revenue_clients_raw_data, revenue_clients.last_visit_at AS revenue_clients_last_visit_at, revenue_clients.last_service_name AS revenue_clients_last_service_name, revenue_clients.visit_count AS revenue_clients_visit_count, revenue_clients.is_active AS revenue_clients_is_active, revenue_clients.created_at AS revenue_clients_created_at, revenue_clients.updated_at AS revenue_clients_updated_at 
FROM revenue_clients 
WHERE revenue_clients.altegio_client_id = %(altegio_client_id_1)s::INTEGER 
 LIMIT %(param_1)s::INTEGER
2026-08-01 12:12:08,982 INFO sqlalchemy.engine.Engine [cached since 0.04885s ago] {'altegio_client_id_1': 174723202, 'param_1': 1}
2026-08-01 12:12:08,982 INFO sqlalchemy.engine.Engine SELECT revenue_clients.id AS revenue_clients_id, revenue_clients.altegio_client_id AS revenue_clients_altegio_client_id, revenue_clients.company_id AS revenue_clients_company_id, revenue_clients.full_name AS revenue_clients_full_name, revenue_clients.phone AS revenue_clients_phone, revenue_clients.email AS revenue_clients_email, revenue_clients.birthday AS revenue_clients_birthday, revenue_clients.last_visit_date AS revenue_clients_last_visit_date, revenue_clients.first_visit_date AS revenue_clients_first_visit_date, revenue_clients.master_id AS revenue_clients_master_id, revenue_clients.last_service_id AS revenue_clients_last_service_id, revenue_clients.total_visits AS revenue_clients_total_visits, revenue_clients.total_spent AS revenue_clients_total_spent, revenue_clients.raw_data AS revenue_clients_raw_data, revenue_clients.last_visit_at AS revenue_clients_last_visit_at, revenue_clients.last_service_name AS revenue_clients_last_service_name, revenue_clients.visit_count AS revenue_clients_visit_count, revenue_clients.is_active AS revenue_clients_is_active, revenue_clients.created_at AS revenue_clients_created_at, revenue_clients.updated_at AS revenue_clients_updated_at 
FROM revenue_clients 
WHERE revenue_clients.altegio_client_id = %(altegio_client_id_1)s::INTEGER 
 LIMIT %(param_1)s::INTEGER
2026-08-01 12:12:08,982 INFO sqlalchemy.engine.Engine [cached since 0.04965s ago] {'altegio_client_id_1': 174754963, 'param_1': 1}
2026-08-01 12:12:08,983 INFO sqlalchemy.engine.Engine SELECT revenue_clients.id AS revenue_clients_id, revenue_clients.altegio_client_id AS revenue_clients_altegio_client_id, revenue_clients.company_id AS revenue_clients_company_id, revenue_clients.full_name AS revenue_clients_full_name, revenue_clients.phone AS revenue_clients_phone, revenue_clients.email AS revenue_clients_email, revenue_clients.birthday AS revenue_clients_birthday, revenue_clients.last_visit_date AS revenue_clients_last_visit_date, revenue_clients.first_visit_date AS revenue_clients_first_visit_date, revenue_clients.master_id AS revenue_clients_master_id, revenue_clients.last_service_id AS revenue_clients_last_service_id, revenue_clients.total_visits AS revenue_clients_total_visits, revenue_clients.total_spent AS revenue_clients_total_spent, revenue_clients.raw_data AS revenue_clients_raw_data, revenue_clients.last_visit_at AS revenue_clients_last_visit_at, revenue_clients.last_service_name AS revenue_clients_last_service_name, revenue_clients.visit_count AS revenue_clients_visit_count, revenue_clients.is_active AS revenue_clients_is_active, revenue_clients.created_at AS revenue_clients_created_at, revenue_clients.updated_at AS revenue_clients_updated_at 
FROM revenue_clients 
WHERE revenue_clients.altegio_client_id = %(altegio_client_id_1)s::INTEGER 
 LIMIT %(param_1)s::INTEGER
2026-08-01 12:12:08,983 INFO sqlalchemy.engine.Engine [cached since 0.05051s ago] {'altegio_client_id_1': 174775451, 'param_1': 1}
2026-08-01 12:12:08,984 INFO sqlalchemy.engine.Engine SELECT revenue_clients.id AS revenue_clients_id, revenue_clients.altegio_client_id AS revenue_clients_altegio_client_id, revenue_clients.company_id AS revenue_clients_company_id, revenue_clients.full_name AS revenue_clients_full_name, revenue_clients.phone AS revenue_clients_phone, revenue_clients.email AS revenue_clients_email, revenue_clients.birthday AS revenue_clients_birthday, revenue_clients.last_visit_date AS revenue_clients_last_visit_date, revenue_clients.first_visit_date AS revenue_clients_first_visit_date, revenue_clients.master_id AS revenue_clients_master_id, revenue_clients.last_service_id AS revenue_clients_last_service_id, revenue_clients.total_visits AS revenue_clients_total_visits, revenue_clients.total_spent AS revenue_clients_total_spent, revenue_clients.raw_data AS revenue_clients_raw_data, revenue_clients.last_visit_at AS revenue_clients_last_visit_at, revenue_clients.last_service_name AS revenue_clients_last_service_name, revenue_clients.visit_count AS revenue_clients_visit_count, revenue_clients.is_active AS revenue_clients_is_active, revenue_clients.created_at AS revenue_clients_created_at, revenue_clients.updated_at AS revenue_clients_updated_at 
FROM revenue_clients 
WHERE revenue_clients.altegio_client_id = %(altegio_client_id_1)s::INTEGER 
 LIMIT %(param_1)s::INTEGER
2026-08-01 12:12:08,984 INFO sqlalchemy.engine.Engine [cached since 0.05141s ago] {'altegio_client_id_1': 174799179, 'param_1': 1}
2026-08-01 12:12:08,985 INFO sqlalchemy.engine.Engine SELECT revenue_clients.id AS revenue_clients_id, revenue_clients.altegio_client_id AS revenue_clients_altegio_client_id, revenue_clients.company_id AS revenue_clients_company_id, revenue_clients.full_name AS revenue_clients_full_name, revenue_clients.phone AS revenue_clients_phone, revenue_clients.email AS revenue_clients_email, revenue_clients.birthday AS revenue_clients_birthday, revenue_clients.last_visit_date AS revenue_clients_last_visit_date, revenue_clients.first_visit_date AS revenue_clients_first_visit_date, revenue_clients.master_id AS revenue_clients_master_id, revenue_clients.last_service_id AS revenue_clients_last_service_id, revenue_clients.total_visits AS revenue_clients_total_visits, revenue_clients.total_spent AS revenue_clients_total_spent, revenue_clients.raw_data AS revenue_clients_raw_data, revenue_clients.last_visit_at AS revenue_clients_last_visit_at, revenue_clients.last_service_name AS revenue_clients_last_service_name, revenue_clients.visit_count AS revenue_clients_visit_count, revenue_clients.is_active AS revenue_clients_is_active, revenue_clients.created_at AS revenue_clients_created_at, revenue_clients.updated_at AS revenue_clients_updated_at 
FROM revenue_clients 
WHERE revenue_clients.altegio_client_id = %(altegio_client_id_1)s::INTEGER 
 LIMIT %(param_1)s::INTEGER
2026-08-01 12:12:08,985 INFO sqlalchemy.engine.Engine [cached since 0.05224s ago] {'altegio_client_id_1': 174802473, 'param_1': 1}
2026-08-01 12:12:08,986 INFO sqlalchemy.engine.Engine SELECT revenue_clients.id AS revenue_clients_id, revenue_clients.altegio_client_id AS revenue_clients_altegio_client_id, revenue_clients.company_id AS revenue_clients_company_id, revenue_clients.full_name AS revenue_clients_full_name, revenue_clients.phone AS revenue_clients_phone, revenue_clients.email AS revenue_clients_email, revenue_clients.birthday AS revenue_clients_birthday, revenue_clients.last_visit_date AS revenue_clients_last_visit_date, revenue_clients.first_visit_date AS revenue_clients_first_visit_date, revenue_clients.master_id AS revenue_clients_master_id, revenue_clients.last_service_id AS revenue_clients_last_service_id, revenue_clients.total_visits AS revenue_clients_total_visits, revenue_clients.total_spent AS revenue_clients_total_spent, revenue_clients.raw_data AS revenue_clients_raw_data, revenue_clients.last_visit_at AS revenue_clients_last_visit_at, revenue_clients.last_service_name AS revenue_clients_last_service_name, revenue_clients.visit_count AS revenue_clients_visit_count, revenue_clients.is_active AS revenue_clients_is_active, revenue_clients.created_at AS revenue_clients_created_at, revenue_clients.updated_at AS revenue_clients_updated_at 
FROM revenue_clients 
WHERE revenue_clients.altegio_client_id = %(altegio_client_id_1)s::INTEGER 
 LIMIT %(param_1)s::INTEGER
2026-08-01 12:12:08,986 INFO sqlalchemy.engine.Engine [cached since 0.05302s ago] {'altegio_client_id_1': 174883692, 'param_1': 1}
2026-08-01 12:12:08,987 INFO sqlalchemy.engine.Engine SELECT revenue_clients.id AS revenue_clients_id, revenue_clients.altegio_client_id AS revenue_clients_altegio_client_id, revenue_clients.company_id AS revenue_clients_company_id, revenue_clients.full_name AS revenue_clients_full_name, revenue_clients.phone AS revenue_clients_phone, revenue_clients.email AS revenue_clients_email, revenue_clients.birthday AS revenue_clients_birthday, revenue_clients.last_visit_date AS revenue_clients_last_visit_date, revenue_clients.first_visit_date AS revenue_clients_first_visit_date, revenue_clients.master_id AS revenue_clients_master_id, revenue_clients.last_service_id AS revenue_clients_last_service_id, revenue_clients.total_visits AS revenue_clients_total_visits, revenue_clients.total_spent AS revenue_clients_total_spent, revenue_clients.raw_data AS revenue_clients_raw_data, revenue_clients.last_visit_at AS revenue_clients_last_visit_at, revenue_clients.last_service_name AS revenue_clients_last_service_name, revenue_clients.visit_count AS revenue_clients_visit_count, revenue_clients.is_active AS revenue_clients_is_active, revenue_clients.created_at AS revenue_clients_created_at, revenue_clients.updated_at AS revenue_clients_updated_at 
FROM revenue_clients 
WHERE revenue_clients.altegio_client_id = %(altegio_client_id_1)s::INTEGER 
 LIMIT %(param_1)s::INTEGER
2026-08-01 12:12:08,987 INFO sqlalchemy.engine.Engine [cached since 0.05386s ago] {'altegio_client_id_1': 174885466, 'param_1': 1}
2026-08-01 12:12:08,987 INFO sqlalchemy.engine.Engine SELECT revenue_clients.id AS revenue_clients_id, revenue_clients.altegio_client_id AS revenue_clients_altegio_client_id, revenue_clients.company_id AS revenue_clients_company_id, revenue_clients.full_name AS revenue_clients_full_name, revenue_clients.phone AS revenue_clients_phone, revenue_clients.email AS revenue_clients_email, revenue_clients.birthday AS revenue_clients_birthday, revenue_clients.last_visit_date AS revenue_clients_last_visit_date, revenue_clients.first_visit_date AS revenue_clients_first_visit_date, revenue_clients.master_id AS revenue_clients_master_id, revenue_clients.last_service_id AS revenue_clients_last_service_id, revenue_clients.total_visits AS revenue_clients_total_visits, revenue_clients.total_spent AS revenue_clients_total_spent, revenue_clients.raw_data AS revenue_clients_raw_data, revenue_clients.last_visit_at AS revenue_clients_last_visit_at, revenue_clients.last_service_name AS revenue_clients_last_service_name, revenue_clients.visit_count AS revenue_clients_visit_count, revenue_clients.is_active AS revenue_clients_is_active, revenue_clients.created_at AS revenue_clients_created_at, revenue_clients.updated_at AS revenue_clients_updated_at 
FROM revenue_clients 
WHERE revenue_clients.altegio_client_id = %(altegio_client_id_1)s::INTEGER 
 LIMIT %(param_1)s::INTEGER
2026-08-01 12:12:08,987 INFO sqlalchemy.engine.Engine [cached since 0.05466s ago] {'altegio_client_id_1': 174891879, 'param_1': 1}
2026-08-01 12:12:08,988 INFO sqlalchemy.engine.Engine SELECT revenue_clients.id AS revenue_clients_id, revenue_clients.altegio_client_id AS revenue_clients_altegio_client_id, revenue_clients.company_id AS revenue_clients_company_id, revenue_clients.full_name AS revenue_clients_full_name, revenue_clients.phone AS revenue_clients_phone, revenue_clients.email AS revenue_clients_email, revenue_clients.birthday AS revenue_clients_birthday, revenue_clients.last_visit_date AS revenue_clients_last_visit_date, revenue_clients.first_visit_date AS revenue_clients_first_visit_date, revenue_clients.master_id AS revenue_clients_master_id, revenue_clients.last_service_id AS revenue_clients_last_service_id, revenue_clients.total_visits AS revenue_clients_total_visits, revenue_clients.total_spent AS revenue_clients_total_spent, revenue_clients.raw_data AS revenue_clients_raw_data, revenue_clients.last_visit_at AS revenue_clients_last_visit_at, revenue_clients.last_service_name AS revenue_clients_last_service_name, revenue_clients.visit_count AS revenue_clients_visit_count, revenue_clients.is_active AS revenue_clients_is_active, revenue_clients.created_at AS revenue_clients_created_at, revenue_clients.updated_at AS revenue_clients_updated_at 
FROM revenue_clients 
WHERE revenue_clients.altegio_client_id = %(altegio_client_id_1)s::INTEGER 
 LIMIT %(param_1)s::INTEGER
2026-08-01 12:12:08,988 INFO sqlalchemy.engine.Engine [cached since 0.05548s ago] {'altegio_client_id_1': 174935977, 'param_1': 1}
2026-08-01 12:12:08,989 INFO sqlalchemy.engine.Engine SELECT revenue_clients.id AS revenue_clients_id, revenue_clients.altegio_client_id AS revenue_clients_altegio_client_id, revenue_clients.company_id AS revenue_clients_company_id, revenue_clients.full_name AS revenue_clients_full_name, revenue_clients.phone AS revenue_clients_phone, revenue_clients.email AS revenue_clients_email, revenue_clients.birthday AS revenue_clients_birthday, revenue_clients.last_visit_date AS revenue_clients_last_visit_date, revenue_clients.first_visit_date AS revenue_clients_first_visit_date, revenue_clients.master_id AS revenue_clients_master_id, revenue_clients.last_service_id AS revenue_clients_last_service_id, revenue_clients.total_visits AS revenue_clients_total_visits, revenue_clients.total_spent AS revenue_clients_total_spent, revenue_clients.raw_data AS revenue_clients_raw_data, revenue_clients.last_visit_at AS revenue_clients_last_visit_at, revenue_clients.last_service_name AS revenue_clients_last_service_name, revenue_clients.visit_count AS revenue_clients_visit_count, revenue_clients.is_active AS revenue_clients_is_active, revenue_clients.created_at AS revenue_clients_created_at, revenue_clients.updated_at AS revenue_clients_updated_at 
FROM revenue_clients 
WHERE revenue_clients.altegio_client_id = %(altegio_client_id_1)s::INTEGER 
 LIMIT %(param_1)s::INTEGER
2026-08-01 12:12:08,989 INFO sqlalchemy.engine.Engine [cached since 0.05624s ago] {'altegio_client_id_1': 174945339, 'param_1': 1}
2026-08-01 12:12:08,990 INFO sqlalchemy.engine.Engine SELECT revenue_clients.id AS revenue_clients_id, revenue_clients.altegio_client_id AS revenue_clients_altegio_client_id, revenue_clients.company_id AS revenue_clients_company_id, revenue_clients.full_name AS revenue_clients_full_name, revenue_clients.phone AS revenue_clients_phone, revenue_clients.email AS revenue_clients_email, revenue_clients.birthday AS revenue_clients_birthday, revenue_clients.last_visit_date AS revenue_clients_last_visit_date, revenue_clients.first_visit_date AS revenue_clients_first_visit_date, revenue_clients.master_id AS revenue_clients_master_id, revenue_clients.last_service_id AS revenue_clients_last_service_id, revenue_clients.total_visits AS revenue_clients_total_visits, revenue_clients.total_spent AS revenue_clients_total_spent, revenue_clients.raw_data AS revenue_clients_raw_data, revenue_clients.last_visit_at AS revenue_clients_last_visit_at, revenue_clients.last_service_name AS revenue_clients_last_service_name, revenue_clients.visit_count AS revenue_clients_visit_count, revenue_clients.is_active AS revenue_clients_is_active, revenue_clients.created_at AS revenue_clients_created_at, revenue_clients.updated_at AS revenue_clients_updated_at 
FROM revenue_clients 
WHERE revenue_clients.altegio_client_id = %(altegio_client_id_1)s::INTEGER 
 LIMIT %(param_1)s::INTEGER
2026-08-01 12:12:08,990 INFO sqlalchemy.engine.Engine [cached since 0.05702s ago] {'altegio_client_id_1': 175048229, 'param_1': 1}
2026-08-01 12:12:08,991 INFO sqlalchemy.engine.Engine SELECT revenue_clients.id AS revenue_clients_id, revenue_clients.altegio_client_id AS revenue_clients_altegio_client_id, revenue_clients.company_id AS revenue_clients_company_id, revenue_clients.full_name AS revenue_clients_full_name, revenue_clients.phone AS revenue_clients_phone, revenue_clients.email AS revenue_clients_email, revenue_clients.birthday AS revenue_clients_birthday, revenue_clients.last_visit_date AS revenue_clients_last_visit_date, revenue_clients.first_visit_date AS revenue_clients_first_visit_date, revenue_clients.master_id AS revenue_clients_master_id, revenue_clients.last_service_id AS revenue_clients_last_service_id, revenue_clients.total_visits AS revenue_clients_total_visits, revenue_clients.total_spent AS revenue_clients_total_spent, revenue_clients.raw_data AS revenue_clients_raw_data, revenue_clients.last_visit_at AS revenue_clients_last_visit_at, revenue_clients.last_service_name AS revenue_clients_last_service_name, revenue_clients.visit_count AS revenue_clients_visit_count, revenue_clients.is_active AS revenue_clients_is_active, revenue_clients.created_at AS revenue_clients_created_at, revenue_clients.updated_at AS revenue_clients_updated_at 
FROM revenue_clients 
WHERE revenue_clients.altegio_client_id = %(altegio_client_id_1)s::INTEGER 
 LIMIT %(param_1)s::INTEGER
2026-08-01 12:12:08,991 INFO sqlalchemy.engine.Engine [cached since 0.05785s ago] {'altegio_client_id_1': 175089872, 'param_1': 1}
2026-08-01 12:12:08,991 INFO sqlalchemy.engine.Engine SELECT revenue_clients.id AS revenue_clients_id, revenue_clients.altegio_client_id AS revenue_clients_altegio_client_id, revenue_clients.company_id AS revenue_clients_company_id, revenue_clients.full_name AS revenue_clients_full_name, revenue_clients.phone AS revenue_clients_phone, revenue_clients.email AS revenue_clients_email, revenue_clients.birthday AS revenue_clients_birthday, revenue_clients.last_visit_date AS revenue_clients_last_visit_date, revenue_clients.first_visit_date AS revenue_clients_first_visit_date, revenue_clients.master_id AS revenue_clients_master_id, revenue_clients.last_service_id AS revenue_clients_last_service_id, revenue_clients.total_visits AS revenue_clients_total_visits, revenue_clients.total_spent AS revenue_clients_total_spent, revenue_clients.raw_data AS revenue_clients_raw_data, revenue_clients.last_visit_at AS revenue_clients_last_visit_at, revenue_clients.last_service_name AS revenue_clients_last_service_name, revenue_clients.visit_count AS revenue_clients_visit_count, revenue_clients.is_active AS revenue_clients_is_active, revenue_clients.created_at AS revenue_clients_created_at, revenue_clients.updated_at AS revenue_clients_updated_at 
FROM revenue_clients 
WHERE revenue_clients.altegio_client_id = %(altegio_client_id_1)s::INTEGER 
 LIMIT %(param_1)s::INTEGER
2026-08-01 12:12:08,991 INFO sqlalchemy.engine.Engine [cached since 0.05862s ago] {'altegio_client_id_1': 175096997, 'param_1': 1}
2026-08-01 12:12:08,992 INFO sqlalchemy.engine.Engine SELECT revenue_clients.id AS revenue_clients_id, revenue_clients.altegio_client_id AS revenue_clients_altegio_client_id, revenue_clients.company_id AS revenue_clients_company_id, revenue_clients.full_name AS revenue_clients_full_name, revenue_clients.phone AS revenue_clients_phone, revenue_clients.email AS revenue_clients_email, revenue_clients.birthday AS revenue_clients_birthday, revenue_clients.last_visit_date AS revenue_clients_last_visit_date, revenue_clients.first_visit_date AS revenue_clients_first_visit_date, revenue_clients.master_id AS revenue_clients_master_id, revenue_clients.last_service_id AS revenue_clients_last_service_id, revenue_clients.total_visits AS revenue_clients_total_visits, revenue_clients.total_spent AS revenue_clients_total_spent, revenue_clients.raw_data AS revenue_clients_raw_data, revenue_clients.last_visit_at AS revenue_clients_last_visit_at, revenue_clients.last_service_name AS revenue_clients_last_service_name, revenue_clients.visit_count AS revenue_clients_visit_count, revenue_clients.is_active AS revenue_clients_is_active, revenue_clients.created_at AS revenue_clients_created_at, revenue_clients.updated_at AS revenue_clients_updated_at 
FROM revenue_clients 
WHERE revenue_clients.altegio_client_id = %(altegio_client_id_1)s::INTEGER 
 LIMIT %(param_1)s::INTEGER
2026-08-01 12:12:08,992 INFO sqlalchemy.engine.Engine [cached since 0.05942s ago] {'altegio_client_id_1': 175100600, 'param_1': 1}
2026-08-01 12:12:08,993 INFO sqlalchemy.engine.Engine SELECT revenue_clients.id AS revenue_clients_id, revenue_clients.altegio_client_id AS revenue_clients_altegio_client_id, revenue_clients.company_id AS revenue_clients_company_id, revenue_clients.full_name AS revenue_clients_full_name, revenue_clients.phone AS revenue_clients_phone, revenue_clients.email AS revenue_clients_email, revenue_clients.birthday AS revenue_clients_birthday, revenue_clients.last_visit_date AS revenue_clients_last_visit_date, revenue_clients.first_visit_date AS revenue_clients_first_visit_date, revenue_clients.master_id AS revenue_clients_master_id, revenue_clients.last_service_id AS revenue_clients_last_service_id, revenue_clients.total_visits AS revenue_clients_total_visits, revenue_clients.total_spent AS revenue_clients_total_spent, revenue_clients.raw_data AS revenue_clients_raw_data, revenue_clients.last_visit_at AS revenue_clients_last_visit_at, revenue_clients.last_service_name AS revenue_clients_last_service_name, revenue_clients.visit_count AS revenue_clients_visit_count, revenue_clients.is_active AS revenue_clients_is_active, revenue_clients.created_at AS revenue_clients_created_at, revenue_clients.updated_at AS revenue_clients_updated_at 
FROM revenue_clients 
WHERE revenue_clients.altegio_client_id = %(altegio_client_id_1)s::INTEGER 
 LIMIT %(param_1)s::INTEGER
2026-08-01 12:12:08,993 INFO sqlalchemy.engine.Engine [cached since 0.06016s ago] {'altegio_client_id_1': 175121900, 'param_1': 1}
2026-08-01 12:12:08,994 INFO sqlalchemy.engine.Engine SELECT revenue_clients.id AS revenue_clients_id, revenue_clients.altegio_client_id AS revenue_clients_altegio_client_id, revenue_clients.company_id AS revenue_clients_company_id, revenue_clients.full_name AS revenue_clients_full_name, revenue_clients.phone AS revenue_clients_phone, revenue_clients.email AS revenue_clients_email, revenue_clients.birthday AS revenue_clients_birthday, revenue_clients.last_visit_date AS revenue_clients_last_visit_date, revenue_clients.first_visit_date AS revenue_clients_first_visit_date, revenue_clients.master_id AS revenue_clients_master_id, revenue_clients.last_service_id AS revenue_clients_last_service_id, revenue_clients.total_visits AS revenue_clients_total_visits, revenue_clients.total_spent AS revenue_clients_total_spent, revenue_clients.raw_data AS revenue_clients_raw_data, revenue_clients.last_visit_at AS revenue_clients_last_visit_at, revenue_clients.last_service_name AS revenue_clients_last_service_name, revenue_clients.visit_count AS revenue_clients_visit_count, revenue_clients.is_active AS revenue_clients_is_active, revenue_clients.created_at AS revenue_clients_created_at, revenue_clients.updated_at AS revenue_clients_updated_at 
FROM revenue_clients 
WHERE revenue_clients.altegio_client_id = %(altegio_client_id_1)s::INTEGER 
 LIMIT %(param_1)s::INTEGER
2026-08-01 12:12:08,994 INFO sqlalchemy.engine.Engine [cached since 0.06092s ago] {'altegio_client_id_1': 175145735, 'param_1': 1}
2026-08-01 12:12:08,994 INFO sqlalchemy.engine.Engine SELECT revenue_clients.id AS revenue_clients_id, revenue_clients.altegio_client_id AS revenue_clients_altegio_client_id, revenue_clients.company_id AS revenue_clients_company_id, revenue_clients.full_name AS revenue_clients_full_name, revenue_clients.phone AS revenue_clients_phone, revenue_clients.email AS revenue_clients_email, revenue_clients.birthday AS revenue_clients_birthday, revenue_clients.last_visit_date AS revenue_clients_last_visit_date, revenue_clients.first_visit_date AS revenue_clients_first_visit_date, revenue_clients.master_id AS revenue_clients_master_id, revenue_clients.last_service_id AS revenue_clients_last_service_id, revenue_clients.total_visits AS revenue_clients_total_visits, revenue_clients.total_spent AS revenue_clients_total_spent, revenue_clients.raw_data AS revenue_clients_raw_data, revenue_clients.last_visit_at AS revenue_clients_last_visit_at, revenue_clients.last_service_name AS revenue_clients_last_service_name, revenue_clients.visit_count AS revenue_clients_visit_count, revenue_clients.is_active AS revenue_clients_is_active, revenue_clients.created_at AS revenue_clients_created_at, revenue_clients.updated_at AS revenue_clients_updated_at 
FROM revenue_clients 
WHERE revenue_clients.altegio_client_id = %(altegio_client_id_1)s::INTEGER 
 LIMIT %(param_1)s::INTEGER
2026-08-01 12:12:08,995 INFO sqlalchemy.engine.Engine [cached since 0.06176s ago] {'altegio_client_id_1': 175153839, 'param_1': 1}
2026-08-01 12:12:08,995 INFO sqlalchemy.engine.Engine SELECT revenue_clients.id AS revenue_clients_id, revenue_clients.altegio_client_id AS revenue_clients_altegio_client_id, revenue_clients.company_id AS revenue_clients_company_id, revenue_clients.full_name AS revenue_clients_full_name, revenue_clients.phone AS revenue_clients_phone, revenue_clients.email AS revenue_clients_email, revenue_clients.birthday AS revenue_clients_birthday, revenue_clients.last_visit_date AS revenue_clients_last_visit_date, revenue_clients.first_visit_date AS revenue_clients_first_visit_date, revenue_clients.master_id AS revenue_clients_master_id, revenue_clients.last_service_id AS revenue_clients_last_service_id, revenue_clients.total_visits AS revenue_clients_total_visits, revenue_clients.total_spent AS revenue_clients_total_spent, revenue_clients.raw_data AS revenue_clients_raw_data, revenue_clients.last_visit_at AS revenue_clients_last_visit_at, revenue_clients.last_service_name AS revenue_clients_last_service_name, revenue_clients.visit_count AS revenue_clients_visit_count, revenue_clients.is_active AS revenue_clients_is_active, revenue_clients.created_at AS revenue_clients_created_at, revenue_clients.updated_at AS revenue_clients_updated_at 
FROM revenue_clients 
WHERE revenue_clients.altegio_client_id = %(altegio_client_id_1)s::INTEGER 
 LIMIT %(param_1)s::INTEGER
2026-08-01 12:12:08,995 INFO sqlalchemy.engine.Engine [cached since 0.06265s ago] {'altegio_client_id_1': 175157891, 'param_1': 1}
2026-08-01 12:12:08,996 INFO sqlalchemy.engine.Engine SELECT revenue_clients.id AS revenue_clients_id, revenue_clients.altegio_client_id AS revenue_clients_altegio_client_id, revenue_clients.company_id AS revenue_clients_company_id, revenue_clients.full_name AS revenue_clients_full_name, revenue_clients.phone AS revenue_clients_phone, revenue_clients.email AS revenue_clients_email, revenue_clients.birthday AS revenue_clients_birthday, revenue_clients.last_visit_date AS revenue_clients_last_visit_date, revenue_clients.first_visit_date AS revenue_clients_first_visit_date, revenue_clients.master_id AS revenue_clients_master_id, revenue_clients.last_service_id AS revenue_clients_last_service_id, revenue_clients.total_visits AS revenue_clients_total_visits, revenue_clients.total_spent AS revenue_clients_total_spent, revenue_clients.raw_data AS revenue_clients_raw_data, revenue_clients.last_visit_at AS revenue_clients_last_visit_at, revenue_clients.last_service_name AS revenue_clients_last_service_name, revenue_clients.visit_count AS revenue_clients_visit_count, revenue_clients.is_active AS revenue_clients_is_active, revenue_clients.created_at AS revenue_clients_created_at, revenue_clients.updated_at AS revenue_clients_updated_at 
FROM revenue_clients 
WHERE revenue_clients.altegio_client_id = %(altegio_client_id_1)s::INTEGER 
 LIMIT %(param_1)s::INTEGER
2026-08-01 12:12:08,996 INFO sqlalchemy.engine.Engine [cached since 0.06345s ago] {'altegio_client_id_1': 175248955, 'param_1': 1}
2026-08-01 12:12:08,997 INFO sqlalchemy.engine.Engine SELECT revenue_clients.id AS revenue_clients_id, revenue_clients.altegio_client_id AS revenue_clients_altegio_client_id, revenue_clients.company_id AS revenue_clients_company_id, revenue_clients.full_name AS revenue_clients_full_name, revenue_clients.phone AS revenue_clients_phone, revenue_clients.email AS revenue_clients_email, revenue_clients.birthday AS revenue_clients_birthday, revenue_clients.last_visit_date AS revenue_clients_last_visit_date, revenue_clients.first_visit_date AS revenue_clients_first_visit_date, revenue_clients.master_id AS revenue_clients_master_id, revenue_clients.last_service_id AS revenue_clients_last_service_id, revenue_clients.total_visits AS revenue_clients_total_visits, revenue_clients.total_spent AS revenue_clients_total_spent, revenue_clients.raw_data AS revenue_clients_raw_data, revenue_clients.last_visit_at AS revenue_clients_last_visit_at, revenue_clients.last_service_name AS revenue_clients_last_service_name, revenue_clients.visit_count AS revenue_clients_visit_count, revenue_clients.is_active AS revenue_clients_is_active, revenue_clients.created_at AS revenue_clients_created_at, revenue_clients.updated_at AS revenue_clients_updated_at 
FROM revenue_clients 
WHERE revenue_clients.altegio_client_id = %(altegio_client_id_1)s::INTEGER 
 LIMIT %(param_1)s::INTEGER
2026-08-01 12:12:08,997 INFO sqlalchemy.engine.Engine [cached since 0.06423s ago] {'altegio_client_id_1': 175272421, 'param_1': 1}
2026-08-01 12:12:08,998 INFO sqlalchemy.engine.Engine SELECT revenue_clients.id AS revenue_clients_id, revenue_clients.altegio_client_id AS revenue_clients_altegio_client_id, revenue_clients.company_id AS revenue_clients_company_id, revenue_clients.full_name AS revenue_clients_full_name, revenue_clients.phone AS revenue_clients_phone, revenue_clients.email AS revenue_clients_email, revenue_clients.birthday AS revenue_clients_birthday, revenue_clients.last_visit_date AS revenue_clients_last_visit_date, revenue_clients.first_visit_date AS revenue_clients_first_visit_date, revenue_clients.master_id AS revenue_clients_master_id, revenue_clients.last_service_id AS revenue_clients_last_service_id, revenue_clients.total_visits AS revenue_clients_total_visits, revenue_clients.total_spent AS revenue_clients_total_spent, revenue_clients.raw_data AS revenue_clients_raw_data, revenue_clients.last_visit_at AS revenue_clients_last_visit_at, revenue_clients.last_service_name AS revenue_clients_last_service_name, revenue_clients.visit_count AS revenue_clients_visit_count, revenue_clients.is_active AS revenue_clients_is_active, revenue_clients.created_at AS revenue_clients_created_at, revenue_clients.updated_at AS revenue_clients_updated_at 
FROM revenue_clients 
WHERE revenue_clients.altegio_client_id = %(altegio_client_id_1)s::INTEGER 
 LIMIT %(param_1)s::INTEGER
2026-08-01 12:12:08,998 INFO sqlalchemy.engine.Engine [cached since 0.06506s ago] {'altegio_client_id_1': 175273803, 'param_1': 1}
2026-08-01 12:12:08,999 INFO sqlalchemy.engine.Engine SELECT revenue_clients.id AS revenue_clients_id, revenue_clients.altegio_client_id AS revenue_clients_altegio_client_id, revenue_clients.company_id AS revenue_clients_company_id, revenue_clients.full_name AS revenue_clients_full_name, revenue_clients.phone AS revenue_clients_phone, revenue_clients.email AS revenue_clients_email, revenue_clients.birthday AS revenue_clients_birthday, revenue_clients.last_visit_date AS revenue_clients_last_visit_date, revenue_clients.first_visit_date AS revenue_clients_first_visit_date, revenue_clients.master_id AS revenue_clients_master_id, revenue_clients.last_service_id AS revenue_clients_last_service_id, revenue_clients.total_visits AS revenue_clients_total_visits, revenue_clients.total_spent AS revenue_clients_total_spent, revenue_clients.raw_data AS revenue_clients_raw_data, revenue_clients.last_visit_at AS revenue_clients_last_visit_at, revenue_clients.last_service_name AS revenue_clients_last_service_name, revenue_clients.visit_count AS revenue_clients_visit_count, revenue_clients.is_active AS revenue_clients_is_active, revenue_clients.created_at AS revenue_clients_created_at, revenue_clients.updated_at AS revenue_clients_updated_at 
FROM revenue_clients 
WHERE revenue_clients.altegio_client_id = %(altegio_client_id_1)s::INTEGER 
 LIMIT %(param_1)s::INTEGER
2026-08-01 12:12:08,999 INFO sqlalchemy.engine.Engine [cached since 0.06588s ago] {'altegio_client_id_1': 175327283, 'param_1': 1}
2026-08-01 12:12:08,999 INFO sqlalchemy.engine.Engine SELECT revenue_clients.id AS revenue_clients_id, revenue_clients.altegio_client_id AS revenue_clients_altegio_client_id, revenue_clients.company_id AS revenue_clients_company_id, revenue_clients.full_name AS revenue_clients_full_name, revenue_clients.phone AS revenue_clients_phone, revenue_clients.email AS revenue_clients_email, revenue_clients.birthday AS revenue_clients_birthday, revenue_clients.last_visit_date AS revenue_clients_last_visit_date, revenue_clients.first_visit_date AS revenue_clients_first_visit_date, revenue_clients.master_id AS revenue_clients_master_id, revenue_clients.last_service_id AS revenue_clients_last_service_id, revenue_clients.total_visits AS revenue_clients_total_visits, revenue_clients.total_spent AS revenue_clients_total_spent, revenue_clients.raw_data AS revenue_clients_raw_data, revenue_clients.last_visit_at AS revenue_clients_last_visit_at, revenue_clients.last_service_name AS revenue_clients_last_service_name, revenue_clients.visit_count AS revenue_clients_visit_count, revenue_clients.is_active AS revenue_clients_is_active, revenue_clients.created_at AS revenue_clients_created_at, revenue_clients.updated_at AS revenue_clients_updated_at 
FROM revenue_clients 
WHERE revenue_clients.altegio_client_id = %(altegio_client_id_1)s::INTEGER 
 LIMIT %(param_1)s::INTEGER
2026-08-01 12:12:08,999 INFO sqlalchemy.engine.Engine [cached since 0.06667s ago] {'altegio_client_id_1': 175342013, 'param_1': 1}
2026-08-01 12:12:09,000 INFO sqlalchemy.engine.Engine SELECT revenue_clients.id AS revenue_clients_id, revenue_clients.altegio_client_id AS revenue_clients_altegio_client_id, revenue_clients.company_id AS revenue_clients_company_id, revenue_clients.full_name AS revenue_clients_full_name, revenue_clients.phone AS revenue_clients_phone, revenue_clients.email AS revenue_clients_email, revenue_clients.birthday AS revenue_clients_birthday, revenue_clients.last_visit_date AS revenue_clients_last_visit_date, revenue_clients.first_visit_date AS revenue_clients_first_visit_date, revenue_clients.master_id AS revenue_clients_master_id, revenue_clients.last_service_id AS revenue_clients_last_service_id, revenue_clients.total_visits AS revenue_clients_total_visits, revenue_clients.total_spent AS revenue_clients_total_spent, revenue_clients.raw_data AS revenue_clients_raw_data, revenue_clients.last_visit_at AS revenue_clients_last_visit_at, revenue_clients.last_service_name AS revenue_clients_last_service_name, revenue_clients.visit_count AS revenue_clients_visit_count, revenue_clients.is_active AS revenue_clients_is_active, revenue_clients.created_at AS revenue_clients_created_at, revenue_clients.updated_at AS revenue_clients_updated_at 
FROM revenue_clients 
WHERE revenue_clients.altegio_client_id = %(altegio_client_id_1)s::INTEGER 
 LIMIT %(param_1)s::INTEGER
2026-08-01 12:12:09,000 INFO sqlalchemy.engine.Engine [cached since 0.06752s ago] {'altegio_client_id_1': 175436213, 'param_1': 1}
2026-08-01 12:12:09,001 INFO sqlalchemy.engine.Engine SELECT revenue_clients.id AS revenue_clients_id, revenue_clients.altegio_client_id AS revenue_clients_altegio_client_id, revenue_clients.company_id AS revenue_clients_company_id, revenue_clients.full_name AS revenue_clients_full_name, revenue_clients.phone AS revenue_clients_phone, revenue_clients.email AS revenue_clients_email, revenue_clients.birthday AS revenue_clients_birthday, revenue_clients.last_visit_date AS revenue_clients_last_visit_date, revenue_clients.first_visit_date AS revenue_clients_first_visit_date, revenue_clients.master_id AS revenue_clients_master_id, revenue_clients.last_service_id AS revenue_clients_last_service_id, revenue_clients.total_visits AS revenue_clients_total_visits, revenue_clients.total_spent AS revenue_clients_total_spent, revenue_clients.raw_data AS revenue_clients_raw_data, revenue_clients.last_visit_at AS revenue_clients_last_visit_at, revenue_clients.last_service_name AS revenue_clients_last_service_name, revenue_clients.visit_count AS revenue_clients_visit_count, revenue_clients.is_active AS revenue_clients_is_active, revenue_clients.created_at AS revenue_clients_created_at, revenue_clients.updated_at AS revenue_clients_updated_at 
FROM revenue_clients 
WHERE revenue_clients.altegio_client_id = %(altegio_client_id_1)s::INTEGER 
 LIMIT %(param_1)s::INTEGER
2026-08-01 12:12:09,001 INFO sqlalchemy.engine.Engine [cached since 0.06845s ago] {'altegio_client_id_1': 175467145, 'param_1': 1}
2026-08-01 12:12:09,002 INFO sqlalchemy.engine.Engine SELECT revenue_clients.id AS revenue_clients_id, revenue_clients.altegio_client_id AS revenue_clients_altegio_client_id, revenue_clients.company_id AS revenue_clients_company_id, revenue_clients.full_name AS revenue_clients_full_name, revenue_clients.phone AS revenue_clients_phone, revenue_clients.email AS revenue_clients_email, revenue_clients.birthday AS revenue_clients_birthday, revenue_clients.last_visit_date AS revenue_clients_last_visit_date, revenue_clients.first_visit_date AS revenue_clients_first_visit_date, revenue_clients.master_id AS revenue_clients_master_id, revenue_clients.last_service_id AS revenue_clients_last_service_id, revenue_clients.total_visits AS revenue_clients_total_visits, revenue_clients.total_spent AS revenue_clients_total_spent, revenue_clients.raw_data AS revenue_clients_raw_data, revenue_clients.last_visit_at AS revenue_clients_last_visit_at, revenue_clients.last_service_name AS revenue_clients_last_service_name, revenue_clients.visit_count AS revenue_clients_visit_count, revenue_clients.is_active AS revenue_clients_is_active, revenue_clients.created_at AS revenue_clients_created_at, revenue_clients.updated_at AS revenue_clients_updated_at 
FROM revenue_clients 
WHERE revenue_clients.altegio_client_id = %(altegio_client_id_1)s::INTEGER 
 LIMIT %(param_1)s::INTEGER
2026-08-01 12:12:09,002 INFO sqlalchemy.engine.Engine [cached since 0.0693s ago] {'altegio_client_id_1': 175495461, 'param_1': 1}
2026-08-01 12:12:09,003 INFO sqlalchemy.engine.Engine SELECT revenue_clients.id AS revenue_clients_id, revenue_clients.altegio_client_id AS revenue_clients_altegio_client_id, revenue_clients.company_id AS revenue_clients_company_id, revenue_clients.full_name AS revenue_clients_full_name, revenue_clients.phone AS revenue_clients_phone, revenue_clients.email AS revenue_clients_email, revenue_clients.birthday AS revenue_clients_birthday, revenue_clients.last_visit_date AS revenue_clients_last_visit_date, revenue_clients.first_visit_date AS revenue_clients_first_visit_date, revenue_clients.master_id AS revenue_clients_master_id, revenue_clients.last_service_id AS revenue_clients_last_service_id, revenue_clients.total_visits AS revenue_clients_total_visits, revenue_clients.total_spent AS revenue_clients_total_spent, revenue_clients.raw_data AS revenue_clients_raw_data, revenue_clients.last_visit_at AS revenue_clients_last_visit_at, revenue_clients.last_service_name AS revenue_clients_last_service_name, revenue_clients.visit_count AS revenue_clients_visit_count, revenue_clients.is_active AS revenue_clients_is_active, revenue_clients.created_at AS revenue_clients_created_at, revenue_clients.updated_at AS revenue_clients_updated_at 
FROM revenue_clients 
WHERE revenue_clients.altegio_client_id = %(altegio_client_id_1)s::INTEGER 
 LIMIT %(param_1)s::INTEGER
2026-08-01 12:12:09,003 INFO sqlalchemy.engine.Engine [cached since 0.07014s ago] {'altegio_client_id_1': 175509755, 'param_1': 1}
2026-08-01 12:12:09,004 INFO sqlalchemy.engine.Engine SELECT revenue_clients.id AS revenue_clients_id, revenue_clients.altegio_client_id AS revenue_clients_altegio_client_id, revenue_clients.company_id AS revenue_clients_company_id, revenue_clients.full_name AS revenue_clients_full_name, revenue_clients.phone AS revenue_clients_phone, revenue_clients.email AS revenue_clients_email, revenue_clients.birthday AS revenue_clients_birthday, revenue_clients.last_visit_date AS revenue_clients_last_visit_date, revenue_clients.first_visit_date AS revenue_clients_first_visit_date, revenue_clients.master_id AS revenue_clients_master_id, revenue_clients.last_service_id AS revenue_clients_last_service_id, revenue_clients.total_visits AS revenue_clients_total_visits, revenue_clients.total_spent AS revenue_clients_total_spent, revenue_clients.raw_data AS revenue_clients_raw_data, revenue_clients.last_visit_at AS revenue_clients_last_visit_at, revenue_clients.last_service_name AS revenue_clients_last_service_name, revenue_clients.visit_count AS revenue_clients_visit_count, revenue_clients.is_active AS revenue_clients_is_active, revenue_clients.created_at AS revenue_clients_created_at, revenue_clients.updated_at AS revenue_clients_updated_at 
FROM revenue_clients 
WHERE revenue_clients.altegio_client_id = %(altegio_client_id_1)s::INTEGER 
 LIMIT %(param_1)s::INTEGER
2026-08-01 12:12:09,004 INFO sqlalchemy.engine.Engine [cached since 0.07097s ago] {'altegio_client_id_1': 175560976, 'param_1': 1}
2026-08-01 12:12:09,005 INFO sqlalchemy.engine.Engine SELECT revenue_clients.id AS revenue_clients_id, revenue_clients.altegio_client_id AS revenue_clients_altegio_client_id, revenue_clients.company_id AS revenue_clients_company_id, revenue_clients.full_name AS revenue_clients_full_name, revenue_clients.phone AS revenue_clients_phone, revenue_clients.email AS revenue_clients_email, revenue_clients.birthday AS revenue_clients_birthday, revenue_clients.last_visit_date AS revenue_clients_last_visit_date, revenue_clients.first_visit_date AS revenue_clients_first_visit_date, revenue_clients.master_id AS revenue_clients_master_id, revenue_clients.last_service_id AS revenue_clients_last_service_id, revenue_clients.total_visits AS revenue_clients_total_visits, revenue_clients.total_spent AS revenue_clients_total_spent, revenue_clients.raw_data AS revenue_clients_raw_data, revenue_clients.last_visit_at AS revenue_clients_last_visit_at, revenue_clients.last_service_name AS revenue_clients_last_service_name, revenue_clients.visit_count AS revenue_clients_visit_count, revenue_clients.is_active AS revenue_clients_is_active, revenue_clients.created_at AS revenue_clients_created_at, revenue_clients.updated_at AS revenue_clients_updated_at 
FROM revenue_clients 
WHERE revenue_clients.altegio_client_id = %(altegio_client_id_1)s::INTEGER 
 LIMIT %(param_1)s::INTEGER
2026-08-01 12:12:09,005 INFO sqlalchemy.engine.Engine [cached since 0.07182s ago] {'altegio_client_id_1': 175564947, 'param_1': 1}
2026-08-01 12:12:09,005 INFO sqlalchemy.engine.Engine SELECT revenue_clients.id AS revenue_clients_id, revenue_clients.altegio_client_id AS revenue_clients_altegio_client_id, revenue_clients.company_id AS revenue_clients_company_id, revenue_clients.full_name AS revenue_clients_full_name, revenue_clients.phone AS revenue_clients_phone, revenue_clients.email AS revenue_clients_email, revenue_clients.birthday AS revenue_clients_birthday, revenue_clients.last_visit_date AS revenue_clients_last_visit_date, revenue_clients.first_visit_date AS revenue_clients_first_visit_date, revenue_clients.master_id AS revenue_clients_master_id, revenue_clients.last_service_id AS revenue_clients_last_service_id, revenue_clients.total_visits AS revenue_clients_total_visits, revenue_clients.total_spent AS revenue_clients_total_spent, revenue_clients.raw_data AS revenue_clients_raw_data, revenue_clients.last_visit_at AS revenue_clients_last_visit_at, revenue_clients.last_service_name AS revenue_clients_last_service_name, revenue_clients.visit_count AS revenue_clients_visit_count, revenue_clients.is_active AS revenue_clients_is_active, revenue_clients.created_at AS revenue_clients_created_at, revenue_clients.updated_at AS revenue_clients_updated_at 
FROM revenue_clients 
WHERE revenue_clients.altegio_client_id = %(altegio_client_id_1)s::INTEGER 
 LIMIT %(param_1)s::INTEGER
2026-08-01 12:12:09,005 INFO sqlalchemy.engine.Engine [cached since 0.07272s ago] {'altegio_client_id_1': 175618349, 'param_1': 1}
2026-08-01 12:12:09,006 INFO sqlalchemy.engine.Engine SELECT revenue_clients.id AS revenue_clients_id, revenue_clients.altegio_client_id AS revenue_clients_altegio_client_id, revenue_clients.company_id AS revenue_clients_company_id, revenue_clients.full_name AS revenue_clients_full_name, revenue_clients.phone AS revenue_clients_phone, revenue_clients.email AS revenue_clients_email, revenue_clients.birthday AS revenue_clients_birthday, revenue_clients.last_visit_date AS revenue_clients_last_visit_date, revenue_clients.first_visit_date AS revenue_clients_first_visit_date, revenue_clients.master_id AS revenue_clients_master_id, revenue_clients.last_service_id AS revenue_clients_last_service_id, revenue_clients.total_visits AS revenue_clients_total_visits, revenue_clients.total_spent AS revenue_clients_total_spent, revenue_clients.raw_data AS revenue_clients_raw_data, revenue_clients.last_visit_at AS revenue_clients_last_visit_at, revenue_clients.last_service_name AS revenue_clients_last_service_name, revenue_clients.visit_count AS revenue_clients_visit_count, revenue_clients.is_active AS revenue_clients_is_active, revenue_clients.created_at AS revenue_clients_created_at, revenue_clients.updated_at AS revenue_clients_updated_at 
FROM revenue_clients 
WHERE revenue_clients.altegio_client_id = %(altegio_client_id_1)s::INTEGER 
 LIMIT %(param_1)s::INTEGER
2026-08-01 12:12:09,007 INFO sqlalchemy.engine.Engine [cached since 0.07377s ago] {'altegio_client_id_1': 175710218, 'param_1': 1}
2026-08-01 12:12:09,007 INFO sqlalchemy.engine.Engine SELECT revenue_clients.id AS revenue_clients_id, revenue_clients.altegio_client_id AS revenue_clients_altegio_client_id, revenue_clients.company_id AS revenue_clients_company_id, revenue_clients.full_name AS revenue_clients_full_name, revenue_clients.phone AS revenue_clients_phone, revenue_clients.email AS revenue_clients_email, revenue_clients.birthday AS revenue_clients_birthday, revenue_clients.last_visit_date AS revenue_clients_last_visit_date, revenue_clients.first_visit_date AS revenue_clients_first_visit_date, revenue_clients.master_id AS revenue_clients_master_id, revenue_clients.last_service_id AS revenue_clients_last_service_id, revenue_clients.total_visits AS revenue_clients_total_visits, revenue_clients.total_spent AS revenue_clients_total_spent, revenue_clients.raw_data AS revenue_clients_raw_data, revenue_clients.last_visit_at AS revenue_clients_last_visit_at, revenue_clients.last_service_name AS revenue_clients_last_service_name, revenue_clients.visit_count AS revenue_clients_visit_count, revenue_clients.is_active AS revenue_clients_is_active, revenue_clients.created_at AS revenue_clients_created_at, revenue_clients.updated_at AS revenue_clients_updated_at 
FROM revenue_clients 
WHERE revenue_clients.altegio_client_id = %(altegio_client_id_1)s::INTEGER 
 LIMIT %(param_1)s::INTEGER
2026-08-01 12:12:09,007 INFO sqlalchemy.engine.Engine [cached since 0.07469s ago] {'altegio_client_id_1': 175725276, 'param_1': 1}
2026-08-01 12:12:09,008 INFO sqlalchemy.engine.Engine SELECT revenue_clients.id AS revenue_clients_id, revenue_clients.altegio_client_id AS revenue_clients_altegio_client_id, revenue_clients.company_id AS revenue_clients_company_id, revenue_clients.full_name AS revenue_clients_full_name, revenue_clients.phone AS revenue_clients_phone, revenue_clients.email AS revenue_clients_email, revenue_clients.birthday AS revenue_clients_birthday, revenue_clients.last_visit_date AS revenue_clients_last_visit_date, revenue_clients.first_visit_date AS revenue_clients_first_visit_date, revenue_clients.master_id AS revenue_clients_master_id, revenue_clients.last_service_id AS revenue_clients_last_service_id, revenue_clients.total_visits AS revenue_clients_total_visits, revenue_clients.total_spent AS revenue_clients_total_spent, revenue_clients.raw_data AS revenue_clients_raw_data, revenue_clients.last_visit_at AS revenue_clients_last_visit_at, revenue_clients.last_service_name AS revenue_clients_last_service_name, revenue_clients.visit_count AS revenue_clients_visit_count, revenue_clients.is_active AS revenue_clients_is_active, revenue_clients.created_at AS revenue_clients_created_at, revenue_clients.updated_at AS revenue_clients_updated_at 
FROM revenue_clients 
WHERE revenue_clients.altegio_client_id = %(altegio_client_id_1)s::INTEGER 
 LIMIT %(param_1)s::INTEGER
2026-08-01 12:12:09,008 INFO sqlalchemy.engine.Engine [cached since 0.07557s ago] {'altegio_client_id_1': 175777019, 'param_1': 1}
2026-08-01 12:12:09,009 INFO sqlalchemy.engine.Engine SELECT revenue_clients.id AS revenue_clients_id, revenue_clients.altegio_client_id AS revenue_clients_altegio_client_id, revenue_clients.company_id AS revenue_clients_company_id, revenue_clients.full_name AS revenue_clients_full_name, revenue_clients.phone AS revenue_clients_phone, revenue_clients.email AS revenue_clients_email, revenue_clients.birthday AS revenue_clients_birthday, revenue_clients.last_visit_date AS revenue_clients_last_visit_date, revenue_clients.first_visit_date AS revenue_clients_first_visit_date, revenue_clients.master_id AS revenue_clients_master_id, revenue_clients.last_service_id AS revenue_clients_last_service_id, revenue_clients.total_visits AS revenue_clients_total_visits, revenue_clients.total_spent AS revenue_clients_total_spent, revenue_clients.raw_data AS revenue_clients_raw_data, revenue_clients.last_visit_at AS revenue_clients_last_visit_at, revenue_clients.last_service_name AS revenue_clients_last_service_name, revenue_clients.visit_count AS revenue_clients_visit_count, revenue_clients.is_active AS revenue_clients_is_active, revenue_clients.created_at AS revenue_clients_created_at, revenue_clients.updated_at AS revenue_clients_updated_at 
FROM revenue_clients 
WHERE revenue_clients.altegio_client_id = %(altegio_client_id_1)s::INTEGER 
 LIMIT %(param_1)s::INTEGER
2026-08-01 12:12:09,009 INFO sqlalchemy.engine.Engine [cached since 0.07656s ago] {'altegio_client_id_1': 175778216, 'param_1': 1}
2026-08-01 12:12:09,010 INFO sqlalchemy.engine.Engine SELECT revenue_clients.id AS revenue_clients_id, revenue_clients.altegio_client_id AS revenue_clients_altegio_client_id, revenue_clients.company_id AS revenue_clients_company_id, revenue_clients.full_name AS revenue_clients_full_name, revenue_clients.phone AS revenue_clients_phone, revenue_clients.email AS revenue_clients_email, revenue_clients.birthday AS revenue_clients_birthday, revenue_clients.last_visit_date AS revenue_clients_last_visit_date, revenue_clients.first_visit_date AS revenue_clients_first_visit_date, revenue_clients.master_id AS revenue_clients_master_id, revenue_clients.last_service_id AS revenue_clients_last_service_id, revenue_clients.total_visits AS revenue_clients_total_visits, revenue_clients.total_spent AS revenue_clients_total_spent, revenue_clients.raw_data AS revenue_clients_raw_data, revenue_clients.last_visit_at AS revenue_clients_last_visit_at, revenue_clients.last_service_name AS revenue_clients_last_service_name, revenue_clients.visit_count AS revenue_clients_visit_count, revenue_clients.is_active AS revenue_clients_is_active, revenue_clients.created_at AS revenue_clients_created_at, revenue_clients.updated_at AS revenue_clients_updated_at 
FROM revenue_clients 
WHERE revenue_clients.altegio_client_id = %(altegio_client_id_1)s::INTEGER 
 LIMIT %(param_1)s::INTEGER
2026-08-01 12:12:09,010 INFO sqlalchemy.engine.Engine [cached since 0.07747s ago] {'altegio_client_id_1': 175783240, 'param_1': 1}
2026-08-01 12:12:09,011 INFO sqlalchemy.engine.Engine SELECT revenue_clients.id AS revenue_clients_id, revenue_clients.altegio_client_id AS revenue_clients_altegio_client_id, revenue_clients.company_id AS revenue_clients_company_id, revenue_clients.full_name AS revenue_clients_full_name, revenue_clients.phone AS revenue_clients_phone, revenue_clients.email AS revenue_clients_email, revenue_clients.birthday AS revenue_clients_birthday, revenue_clients.last_visit_date AS revenue_clients_last_visit_date, revenue_clients.first_visit_date AS revenue_clients_first_visit_date, revenue_clients.master_id AS revenue_clients_master_id, revenue_clients.last_service_id AS revenue_clients_last_service_id, revenue_clients.total_visits AS revenue_clients_total_visits, revenue_clients.total_spent AS revenue_clients_total_spent, revenue_clients.raw_data AS revenue_clients_raw_data, revenue_clients.last_visit_at AS revenue_clients_last_visit_at, revenue_clients.last_service_name AS revenue_clients_last_service_name, revenue_clients.visit_count AS revenue_clients_visit_count, revenue_clients.is_active AS revenue_clients_is_active, revenue_clients.created_at AS revenue_clients_created_at, revenue_clients.updated_at AS revenue_clients_updated_at 
FROM revenue_clients 
WHERE revenue_clients.altegio_client_id = %(altegio_client_id_1)s::INTEGER 
 LIMIT %(param_1)s::INTEGER
2026-08-01 12:12:09,011 INFO sqlalchemy.engine.Engine [cached since 0.07845s ago] {'altegio_client_id_1': 175833940, 'param_1': 1}
2026-08-01 12:12:09,012 INFO sqlalchemy.engine.Engine SELECT revenue_clients.id AS revenue_clients_id, revenue_clients.altegio_client_id AS revenue_clients_altegio_client_id, revenue_clients.company_id AS revenue_clients_company_id, revenue_clients.full_name AS revenue_clients_full_name, revenue_clients.phone AS revenue_clients_phone, revenue_clients.email AS revenue_clients_email, revenue_clients.birthday AS revenue_clients_birthday, revenue_clients.last_visit_date AS revenue_clients_last_visit_date, revenue_clients.first_visit_date AS revenue_clients_first_visit_date, revenue_clients.master_id AS revenue_clients_master_id, revenue_clients.last_service_id AS revenue_clients_last_service_id, revenue_clients.total_visits AS revenue_clients_total_visits, revenue_clients.total_spent AS revenue_clients_total_spent, revenue_clients.raw_data AS revenue_clients_raw_data, revenue_clients.last_visit_at AS revenue_clients_last_visit_at, revenue_clients.last_service_name AS revenue_clients_last_service_name, revenue_clients.visit_count AS revenue_clients_visit_count, revenue_clients.is_active AS revenue_clients_is_active, revenue_clients.created_at AS revenue_clients_created_at, revenue_clients.updated_at AS revenue_clients_updated_at 
FROM revenue_clients 
WHERE revenue_clients.altegio_client_id = %(altegio_client_id_1)s::INTEGER 
 LIMIT %(param_1)s::INTEGER
2026-08-01 12:12:09,012 INFO sqlalchemy.engine.Engine [cached since 0.07932s ago] {'altegio_client_id_1': 175842252, 'param_1': 1}
2026-08-01 12:12:09,013 INFO sqlalchemy.engine.Engine SELECT revenue_clients.id AS revenue_clients_id, revenue_clients.altegio_client_id AS revenue_clients_altegio_client_id, revenue_clients.company_id AS revenue_clients_company_id, revenue_clients.full_name AS revenue_clients_full_name, revenue_clients.phone AS revenue_clients_phone, revenue_clients.email AS revenue_clients_email, revenue_clients.birthday AS revenue_clients_birthday, revenue_clients.last_visit_date AS revenue_clients_last_visit_date, revenue_clients.first_visit_date AS revenue_clients_first_visit_date, revenue_clients.master_id AS revenue_clients_master_id, revenue_clients.last_service_id AS revenue_clients_last_service_id, revenue_clients.total_visits AS revenue_clients_total_visits, revenue_clients.total_spent AS revenue_clients_total_spent, revenue_clients.raw_data AS revenue_clients_raw_data, revenue_clients.last_visit_at AS revenue_clients_last_visit_at, revenue_clients.last_service_name AS revenue_clients_last_service_name, revenue_clients.visit_count AS revenue_clients_visit_count, revenue_clients.is_active AS revenue_clients_is_active, revenue_clients.created_at AS revenue_clients_created_at, revenue_clients.updated_at AS revenue_clients_updated_at 
FROM revenue_clients 
WHERE revenue_clients.altegio_client_id = %(altegio_client_id_1)s::INTEGER 
 LIMIT %(param_1)s::INTEGER
2026-08-01 12:12:09,013 INFO sqlalchemy.engine.Engine [cached since 0.08025s ago] {'altegio_client_id_1': 175899831, 'param_1': 1}
2026-08-01 12:12:09,014 INFO sqlalchemy.engine.Engine SELECT revenue_clients.id AS revenue_clients_id, revenue_clients.altegio_client_id AS revenue_clients_altegio_client_id, revenue_clients.company_id AS revenue_clients_company_id, revenue_clients.full_name AS revenue_clients_full_name, revenue_clients.phone AS revenue_clients_phone, revenue_clients.email AS revenue_clients_email, revenue_clients.birthday AS revenue_clients_birthday, revenue_clients.last_visit_date AS revenue_clients_last_visit_date, revenue_clients.first_visit_date AS revenue_clients_first_visit_date, revenue_clients.master_id AS revenue_clients_master_id, revenue_clients.last_service_id AS revenue_clients_last_service_id, revenue_clients.total_visits AS revenue_clients_total_visits, revenue_clients.total_spent AS revenue_clients_total_spent, revenue_clients.raw_data AS revenue_clients_raw_data, revenue_clients.last_visit_at AS revenue_clients_last_visit_at, revenue_clients.last_service_name AS revenue_clients_last_service_name, revenue_clients.visit_count AS revenue_clients_visit_count, revenue_clients.is_active AS revenue_clients_is_active, revenue_clients.created_at AS revenue_clients_created_at, revenue_clients.updated_at AS revenue_clients_updated_at 
FROM revenue_clients 
WHERE revenue_clients.altegio_client_id = %(altegio_client_id_1)s::INTEGER 
 LIMIT %(param_1)s::INTEGER
2026-08-01 12:12:09,014 INFO sqlalchemy.engine.Engine [cached since 0.08107s ago] {'altegio_client_id_1': 175902756, 'param_1': 1}
2026-08-01 12:12:09,015 INFO sqlalchemy.engine.Engine SELECT revenue_clients.id AS revenue_clients_id, revenue_clients.altegio_client_id AS revenue_clients_altegio_client_id, revenue_clients.company_id AS revenue_clients_company_id, revenue_clients.full_name AS revenue_clients_full_name, revenue_clients.phone AS revenue_clients_phone, revenue_clients.email AS revenue_clients_email, revenue_clients.birthday AS revenue_clients_birthday, revenue_clients.last_visit_date AS revenue_clients_last_visit_date, revenue_clients.first_visit_date AS revenue_clients_first_visit_date, revenue_clients.master_id AS revenue_clients_master_id, revenue_clients.last_service_id AS revenue_clients_last_service_id, revenue_clients.total_visits AS revenue_clients_total_visits, revenue_clients.total_spent AS revenue_clients_total_spent, revenue_clients.raw_data AS revenue_clients_raw_data, revenue_clients.last_visit_at AS revenue_clients_last_visit_at, revenue_clients.last_service_name AS revenue_clients_last_service_name, revenue_clients.visit_count AS revenue_clients_visit_count, revenue_clients.is_active AS revenue_clients_is_active, revenue_clients.created_at AS revenue_clients_created_at, revenue_clients.updated_at AS revenue_clients_updated_at 
FROM revenue_clients 
WHERE revenue_clients.altegio_client_id = %(altegio_client_id_1)s::INTEGER 
 LIMIT %(param_1)s::INTEGER
2026-08-01 12:12:09,015 INFO sqlalchemy.engine.Engine [cached since 0.08198s ago] {'altegio_client_id_1': 175914876, 'param_1': 1}
2026-08-01 12:12:09,016 INFO sqlalchemy.engine.Engine SELECT revenue_clients.id AS revenue_clients_id, revenue_clients.altegio_client_id AS revenue_clients_altegio_client_id, revenue_clients.company_id AS revenue_clients_company_id, revenue_clients.full_name AS revenue_clients_full_name, revenue_clients.phone AS revenue_clients_phone, revenue_clients.email AS revenue_clients_email, revenue_clients.birthday AS revenue_clients_birthday, revenue_clients.last_visit_date AS revenue_clients_last_visit_date, revenue_clients.first_visit_date AS revenue_clients_first_visit_date, revenue_clients.master_id AS revenue_clients_master_id, revenue_clients.last_service_id AS revenue_clients_last_service_id, revenue_clients.total_visits AS revenue_clients_total_visits, revenue_clients.total_spent AS revenue_clients_total_spent, revenue_clients.raw_data AS revenue_clients_raw_data, revenue_clients.last_visit_at AS revenue_clients_last_visit_at, revenue_clients.last_service_name AS revenue_clients_last_service_name, revenue_clients.visit_count AS revenue_clients_visit_count, revenue_clients.is_active AS revenue_clients_is_active, revenue_clients.created_at AS revenue_clients_created_at, revenue_clients.updated_at AS revenue_clients_updated_at 
FROM revenue_clients 
WHERE revenue_clients.altegio_client_id = %(altegio_client_id_1)s::INTEGER 
 LIMIT %(param_1)s::INTEGER
2026-08-01 12:12:09,016 INFO sqlalchemy.engine.Engine [cached since 0.08283s ago] {'altegio_client_id_1': 175925777, 'param_1': 1}
2026-08-01 12:12:09,016 INFO sqlalchemy.engine.Engine SELECT revenue_clients.id AS revenue_clients_id, revenue_clients.altegio_client_id AS revenue_clients_altegio_client_id, revenue_clients.company_id AS revenue_clients_company_id, revenue_clients.full_name AS revenue_clients_full_name, revenue_clients.phone AS revenue_clients_phone, revenue_clients.email AS revenue_clients_email, revenue_clients.birthday AS revenue_clients_birthday, revenue_clients.last_visit_date AS revenue_clients_last_visit_date, revenue_clients.first_visit_date AS revenue_clients_first_visit_date, revenue_clients.master_id AS revenue_clients_master_id, revenue_clients.last_service_id AS revenue_clients_last_service_id, revenue_clients.total_visits AS revenue_clients_total_visits, revenue_clients.total_spent AS revenue_clients_total_spent, revenue_clients.raw_data AS revenue_clients_raw_data, revenue_clients.last_visit_at AS revenue_clients_last_visit_at, revenue_clients.last_service_name AS revenue_clients_last_service_name, revenue_clients.visit_count AS revenue_clients_visit_count, revenue_clients.is_active AS revenue_clients_is_active, revenue_clients.created_at AS revenue_clients_created_at, revenue_clients.updated_at AS revenue_clients_updated_at 
FROM revenue_clients 
WHERE revenue_clients.altegio_client_id = %(altegio_client_id_1)s::INTEGER 
 LIMIT %(param_1)s::INTEGER
2026-08-01 12:12:09,016 INFO sqlalchemy.engine.Engine [cached since 0.08373s ago] {'altegio_client_id_1': 175927092, 'param_1': 1}
2026-08-01 12:12:09,017 INFO sqlalchemy.engine.Engine SELECT revenue_clients.id AS revenue_clients_id, revenue_clients.altegio_client_id AS revenue_clients_altegio_client_id, revenue_clients.company_id AS revenue_clients_company_id, revenue_clients.full_name AS revenue_clients_full_name, revenue_clients.phone AS revenue_clients_phone, revenue_clients.email AS revenue_clients_email, revenue_clients.birthday AS revenue_clients_birthday, revenue_clients.last_visit_date AS revenue_clients_last_visit_date, revenue_clients.first_visit_date AS revenue_clients_first_visit_date, revenue_clients.master_id AS revenue_clients_master_id, revenue_clients.last_service_id AS revenue_clients_last_service_id, revenue_clients.total_visits AS revenue_clients_total_visits, revenue_clients.total_spent AS revenue_clients_total_spent, revenue_clients.raw_data AS revenue_clients_raw_data, revenue_clients.last_visit_at AS revenue_clients_last_visit_at, revenue_clients.last_service_name AS revenue_clients_last_service_name, revenue_clients.visit_count AS revenue_clients_visit_count, revenue_clients.is_active AS revenue_clients_is_active, revenue_clients.created_at AS revenue_clients_created_at, revenue_clients.updated_at AS revenue_clients_updated_at 
FROM revenue_clients 
WHERE revenue_clients.altegio_client_id = %(altegio_client_id_1)s::INTEGER 
 LIMIT %(param_1)s::INTEGER
2026-08-01 12:12:09,017 INFO sqlalchemy.engine.Engine [cached since 0.08458s ago] {'altegio_client_id_1': 175946897, 'param_1': 1}
2026-08-01 12:12:09,018 INFO sqlalchemy.engine.Engine SELECT revenue_clients.id AS revenue_clients_id, revenue_clients.altegio_client_id AS revenue_clients_altegio_client_id, revenue_clients.company_id AS revenue_clients_company_id, revenue_clients.full_name AS revenue_clients_full_name, revenue_clients.phone AS revenue_clients_phone, revenue_clients.email AS revenue_clients_email, revenue_clients.birthday AS revenue_clients_birthday, revenue_clients.last_visit_date AS revenue_clients_last_visit_date, revenue_clients.first_visit_date AS revenue_clients_first_visit_date, revenue_clients.master_id AS revenue_clients_master_id, revenue_clients.last_service_id AS revenue_clients_last_service_id, revenue_clients.total_visits AS revenue_clients_total_visits, revenue_clients.total_spent AS revenue_clients_total_spent, revenue_clients.raw_data AS revenue_clients_raw_data, revenue_clients.last_visit_at AS revenue_clients_last_visit_at, revenue_clients.last_service_name AS revenue_clients_last_service_name, revenue_clients.visit_count AS revenue_clients_visit_count, revenue_clients.is_active AS revenue_clients_is_active, revenue_clients.created_at AS revenue_clients_created_at, revenue_clients.updated_at AS revenue_clients_updated_at 
FROM revenue_clients 
WHERE revenue_clients.altegio_client_id = %(altegio_client_id_1)s::INTEGER 
 LIMIT %(param_1)s::INTEGER
2026-08-01 12:12:09,018 INFO sqlalchemy.engine.Engine [cached since 0.08544s ago] {'altegio_client_id_1': 175989092, 'param_1': 1}
2026-08-01 12:12:09,019 INFO sqlalchemy.engine.Engine SELECT revenue_clients.id AS revenue_clients_id, revenue_clients.altegio_client_id AS revenue_clients_altegio_client_id, revenue_clients.company_id AS revenue_clients_company_id, revenue_clients.full_name AS revenue_clients_full_name, revenue_clients.phone AS revenue_clients_phone, revenue_clients.email AS revenue_clients_email, revenue_clients.birthday AS revenue_clients_birthday, revenue_clients.last_visit_date AS revenue_clients_last_visit_date, revenue_clients.first_visit_date AS revenue_clients_first_visit_date, revenue_clients.master_id AS revenue_clients_master_id, revenue_clients.last_service_id AS revenue_clients_last_service_id, revenue_clients.total_visits AS revenue_clients_total_visits, revenue_clients.total_spent AS revenue_clients_total_spent, revenue_clients.raw_data AS revenue_clients_raw_data, revenue_clients.last_visit_at AS revenue_clients_last_visit_at, revenue_clients.last_service_name AS revenue_clients_last_service_name, revenue_clients.visit_count AS revenue_clients_visit_count, revenue_clients.is_active AS revenue_clients_is_active, revenue_clients.created_at AS revenue_clients_created_at, revenue_clients.updated_at AS revenue_clients_updated_at 
FROM revenue_clients 
WHERE revenue_clients.altegio_client_id = %(altegio_client_id_1)s::INTEGER 
 LIMIT %(param_1)s::INTEGER
2026-08-01 12:12:09,019 INFO sqlalchemy.engine.Engine [cached since 0.08627s ago] {'altegio_client_id_1': 175997550, 'param_1': 1}
2026-08-01 12:12:09,020 INFO sqlalchemy.engine.Engine SELECT revenue_clients.id AS revenue_clients_id, revenue_clients.altegio_client_id AS revenue_clients_altegio_client_id, revenue_clients.company_id AS revenue_clients_company_id, revenue_clients.full_name AS revenue_clients_full_name, revenue_clients.phone AS revenue_clients_phone, revenue_clients.email AS revenue_clients_email, revenue_clients.birthday AS revenue_clients_birthday, revenue_clients.last_visit_date AS revenue_clients_last_visit_date, revenue_clients.first_visit_date AS revenue_clients_first_visit_date, revenue_clients.master_id AS revenue_clients_master_id, revenue_clients.last_service_id AS revenue_clients_last_service_id, revenue_clients.total_visits AS revenue_clients_total_visits, revenue_clients.total_spent AS revenue_clients_total_spent, revenue_clients.raw_data AS revenue_clients_raw_data, revenue_clients.last_visit_at AS revenue_clients_last_visit_at, revenue_clients.last_service_name AS revenue_clients_last_service_name, revenue_clients.visit_count AS revenue_clients_visit_count, revenue_clients.is_active AS revenue_clients_is_active, revenue_clients.created_at AS revenue_clients_created_at, revenue_clients.updated_at AS revenue_clients_updated_at 
FROM revenue_clients 
WHERE revenue_clients.altegio_client_id = %(altegio_client_id_1)s::INTEGER 
 LIMIT %(param_1)s::INTEGER
2026-08-01 12:12:09,020 INFO sqlalchemy.engine.Engine [cached since 0.08705s ago] {'altegio_client_id_1': 176064344, 'param_1': 1}
2026-08-01 12:12:09,021 INFO sqlalchemy.engine.Engine SELECT revenue_clients.id AS revenue_clients_id, revenue_clients.altegio_client_id AS revenue_clients_altegio_client_id, revenue_clients.company_id AS revenue_clients_company_id, revenue_clients.full_name AS revenue_clients_full_name, revenue_clients.phone AS revenue_clients_phone, revenue_clients.email AS revenue_clients_email, revenue_clients.birthday AS revenue_clients_birthday, revenue_clients.last_visit_date AS revenue_clients_last_visit_date, revenue_clients.first_visit_date AS revenue_clients_first_visit_date, revenue_clients.master_id AS revenue_clients_master_id, revenue_clients.last_service_id AS revenue_clients_last_service_id, revenue_clients.total_visits AS revenue_clients_total_visits, revenue_clients.total_spent AS revenue_clients_total_spent, revenue_clients.raw_data AS revenue_clients_raw_data, revenue_clients.last_visit_at AS revenue_clients_last_visit_at, revenue_clients.last_service_name AS revenue_clients_last_service_name, revenue_clients.visit_count AS revenue_clients_visit_count, revenue_clients.is_active AS revenue_clients_is_active, revenue_clients.created_at AS revenue_clients_created_at, revenue_clients.updated_at AS revenue_clients_updated_at 
FROM revenue_clients 
WHERE revenue_clients.altegio_client_id = %(altegio_client_id_1)s::INTEGER 
 LIMIT %(param_1)s::INTEGER
2026-08-01 12:12:09,021 INFO sqlalchemy.engine.Engine [cached since 0.08801s ago] {'altegio_client_id_1': 176094419, 'param_1': 1}
2026-08-01 12:12:09,022 INFO sqlalchemy.engine.Engine SELECT revenue_clients.id AS revenue_clients_id, revenue_clients.altegio_client_id AS revenue_clients_altegio_client_id, revenue_clients.company_id AS revenue_clients_company_id, revenue_clients.full_name AS revenue_clients_full_name, revenue_clients.phone AS revenue_clients_phone, revenue_clients.email AS revenue_clients_email, revenue_clients.birthday AS revenue_clients_birthday, revenue_clients.last_visit_date AS revenue_clients_last_visit_date, revenue_clients.first_visit_date AS revenue_clients_first_visit_date, revenue_clients.master_id AS revenue_clients_master_id, revenue_clients.last_service_id AS revenue_clients_last_service_id, revenue_clients.total_visits AS revenue_clients_total_visits, revenue_clients.total_spent AS revenue_clients_total_spent, revenue_clients.raw_data AS revenue_clients_raw_data, revenue_clients.last_visit_at AS revenue_clients_last_visit_at, revenue_clients.last_service_name AS revenue_clients_last_service_name, revenue_clients.visit_count AS revenue_clients_visit_count, revenue_clients.is_active AS revenue_clients_is_active, revenue_clients.created_at AS revenue_clients_created_at, revenue_clients.updated_at AS revenue_clients_updated_at 
FROM revenue_clients 
WHERE revenue_clients.altegio_client_id = %(altegio_client_id_1)s::INTEGER 
 LIMIT %(param_1)s::INTEGER
2026-08-01 12:12:09,022 INFO sqlalchemy.engine.Engine [cached since 0.08885s ago] {'altegio_client_id_1': 176134135, 'param_1': 1}
2026-08-01 12:12:09,022 INFO sqlalchemy.engine.Engine SELECT revenue_clients.id AS revenue_clients_id, revenue_clients.altegio_client_id AS revenue_clients_altegio_client_id, revenue_clients.company_id AS revenue_clients_company_id, revenue_clients.full_name AS revenue_clients_full_name, revenue_clients.phone AS revenue_clients_phone, revenue_clients.email AS revenue_clients_email, revenue_clients.birthday AS revenue_clients_birthday, revenue_clients.last_visit_date AS revenue_clients_last_visit_date, revenue_clients.first_visit_date AS revenue_clients_first_visit_date, revenue_clients.master_id AS revenue_clients_master_id, revenue_clients.last_service_id AS revenue_clients_last_service_id, revenue_clients.total_visits AS revenue_clients_total_visits, revenue_clients.total_spent AS revenue_clients_total_spent, revenue_clients.raw_data AS revenue_clients_raw_data, revenue_clients.last_visit_at AS revenue_clients_last_visit_at, revenue_clients.last_service_name AS revenue_clients_last_service_name, revenue_clients.visit_count AS revenue_clients_visit_count, revenue_clients.is_active AS revenue_clients_is_active, revenue_clients.created_at AS revenue_clients_created_at, revenue_clients.updated_at AS revenue_clients_updated_at 
FROM revenue_clients 
WHERE revenue_clients.altegio_client_id = %(altegio_client_id_1)s::INTEGER 
 LIMIT %(param_1)s::INTEGER
2026-08-01 12:12:09,022 INFO sqlalchemy.engine.Engine [cached since 0.08966s ago] {'altegio_client_id_1': 176140585, 'param_1': 1}
2026-08-01 12:12:09,023 INFO sqlalchemy.engine.Engine SELECT revenue_clients.id AS revenue_clients_id, revenue_clients.altegio_client_id AS revenue_clients_altegio_client_id, revenue_clients.company_id AS revenue_clients_company_id, revenue_clients.full_name AS revenue_clients_full_name, revenue_clients.phone AS revenue_clients_phone, revenue_clients.email AS revenue_clients_email, revenue_clients.birthday AS revenue_clients_birthday, revenue_clients.last_visit_date AS revenue_clients_last_visit_date, revenue_clients.first_visit_date AS revenue_clients_first_visit_date, revenue_clients.master_id AS revenue_clients_master_id, revenue_clients.last_service_id AS revenue_clients_last_service_id, revenue_clients.total_visits AS revenue_clients_total_visits, revenue_clients.total_spent AS revenue_clients_total_spent, revenue_clients.raw_data AS revenue_clients_raw_data, revenue_clients.last_visit_at AS revenue_clients_last_visit_at, revenue_clients.last_service_name AS revenue_clients_last_service_name, revenue_clients.visit_count AS revenue_clients_visit_count, revenue_clients.is_active AS revenue_clients_is_active, revenue_clients.created_at AS revenue_clients_created_at, revenue_clients.updated_at AS revenue_clients_updated_at 
FROM revenue_clients 
WHERE revenue_clients.altegio_client_id = %(altegio_client_id_1)s::INTEGER 
 LIMIT %(param_1)s::INTEGER
2026-08-01 12:12:09,023 INFO sqlalchemy.engine.Engine [cached since 0.09057s ago] {'altegio_client_id_1': 176153865, 'param_1': 1}
2026-08-01 12:12:09,024 INFO sqlalchemy.engine.Engine SELECT revenue_clients.id AS revenue_clients_id, revenue_clients.altegio_client_id AS revenue_clients_altegio_client_id, revenue_clients.company_id AS revenue_clients_company_id, revenue_clients.full_name AS revenue_clients_full_name, revenue_clients.phone AS revenue_clients_phone, revenue_clients.email AS revenue_clients_email, revenue_clients.birthday AS revenue_clients_birthday, revenue_clients.last_visit_date AS revenue_clients_last_visit_date, revenue_clients.first_visit_date AS revenue_clients_first_visit_date, revenue_clients.master_id AS revenue_clients_master_id, revenue_clients.last_service_id AS revenue_clients_last_service_id, revenue_clients.total_visits AS revenue_clients_total_visits, revenue_clients.total_spent AS revenue_clients_total_spent, revenue_clients.raw_data AS revenue_clients_raw_data, revenue_clients.last_visit_at AS revenue_clients_last_visit_at, revenue_clients.last_service_name AS revenue_clients_last_service_name, revenue_clients.visit_count AS revenue_clients_visit_count, revenue_clients.is_active AS revenue_clients_is_active, revenue_clients.created_at AS revenue_clients_created_at, revenue_clients.updated_at AS revenue_clients_updated_at 
FROM revenue_clients 
WHERE revenue_clients.altegio_client_id = %(altegio_client_id_1)s::INTEGER 
 LIMIT %(param_1)s::INTEGER
2026-08-01 12:12:09,024 INFO sqlalchemy.engine.Engine [cached since 0.09162s ago] {'altegio_client_id_1': 176158919, 'param_1': 1}
2026-08-01 12:12:09,025 INFO sqlalchemy.engine.Engine SELECT revenue_clients.id AS revenue_clients_id, revenue_clients.altegio_client_id AS revenue_clients_altegio_client_id, revenue_clients.company_id AS revenue_clients_company_id, revenue_clients.full_name AS revenue_clients_full_name, revenue_clients.phone AS revenue_clients_phone, revenue_clients.email AS revenue_clients_email, revenue_clients.birthday AS revenue_clients_birthday, revenue_clients.last_visit_date AS revenue_clients_last_visit_date, revenue_clients.first_visit_date AS revenue_clients_first_visit_date, revenue_clients.master_id AS revenue_clients_master_id, revenue_clients.last_service_id AS revenue_clients_last_service_id, revenue_clients.total_visits AS revenue_clients_total_visits, revenue_clients.total_spent AS revenue_clients_total_spent, revenue_clients.raw_data AS revenue_clients_raw_data, revenue_clients.last_visit_at AS revenue_clients_last_visit_at, revenue_clients.last_service_name AS revenue_clients_last_service_name, revenue_clients.visit_count AS revenue_clients_visit_count, revenue_clients.is_active AS revenue_clients_is_active, revenue_clients.created_at AS revenue_clients_created_at, revenue_clients.updated_at AS revenue_clients_updated_at 
FROM revenue_clients 
WHERE revenue_clients.altegio_client_id = %(altegio_client_id_1)s::INTEGER 
 LIMIT %(param_1)s::INTEGER
2026-08-01 12:12:09,025 INFO sqlalchemy.engine.Engine [cached since 0.09263s ago] {'altegio_client_id_1': 176200713, 'param_1': 1}
2026-08-01 12:12:09,026 INFO sqlalchemy.engine.Engine SELECT revenue_clients.id AS revenue_clients_id, revenue_clients.altegio_client_id AS revenue_clients_altegio_client_id, revenue_clients.company_id AS revenue_clients_company_id, revenue_clients.full_name AS revenue_clients_full_name, revenue_clients.phone AS revenue_clients_phone, revenue_clients.email AS revenue_clients_email, revenue_clients.birthday AS revenue_clients_birthday, revenue_clients.last_visit_date AS revenue_clients_last_visit_date, revenue_clients.first_visit_date AS revenue_clients_first_visit_date, revenue_clients.master_id AS revenue_clients_master_id, revenue_clients.last_service_id AS revenue_clients_last_service_id, revenue_clients.total_visits AS revenue_clients_total_visits, revenue_clients.total_spent AS revenue_clients_total_spent, revenue_clients.raw_data AS revenue_clients_raw_data, revenue_clients.last_visit_at AS revenue_clients_last_visit_at, revenue_clients.last_service_name AS revenue_clients_last_service_name, revenue_clients.visit_count AS revenue_clients_visit_count, revenue_clients.is_active AS revenue_clients_is_active, revenue_clients.created_at AS revenue_clients_created_at, revenue_clients.updated_at AS revenue_clients_updated_at 
FROM revenue_clients 
WHERE revenue_clients.altegio_client_id = %(altegio_client_id_1)s::INTEGER 
 LIMIT %(param_1)s::INTEGER
2026-08-01 12:12:09,026 INFO sqlalchemy.engine.Engine [cached since 0.09365s ago] {'altegio_client_id_1': 176209490, 'param_1': 1}
2026-08-01 12:12:09,027 INFO sqlalchemy.engine.Engine SELECT revenue_clients.id AS revenue_clients_id, revenue_clients.altegio_client_id AS revenue_clients_altegio_client_id, revenue_clients.company_id AS revenue_clients_company_id, revenue_clients.full_name AS revenue_clients_full_name, revenue_clients.phone AS revenue_clients_phone, revenue_clients.email AS revenue_clients_email, revenue_clients.birthday AS revenue_clients_birthday, revenue_clients.last_visit_date AS revenue_clients_last_visit_date, revenue_clients.first_visit_date AS revenue_clients_first_visit_date, revenue_clients.master_id AS revenue_clients_master_id, revenue_clients.last_service_id AS revenue_clients_last_service_id, revenue_clients.total_visits AS revenue_clients_total_visits, revenue_clients.total_spent AS revenue_clients_total_spent, revenue_clients.raw_data AS revenue_clients_raw_data, revenue_clients.last_visit_at AS revenue_clients_last_visit_at, revenue_clients.last_service_name AS revenue_clients_last_service_name, revenue_clients.visit_count AS revenue_clients_visit_count, revenue_clients.is_active AS revenue_clients_is_active, revenue_clients.created_at AS revenue_clients_created_at, revenue_clients.updated_at AS revenue_clients_updated_at 
FROM revenue_clients 
WHERE revenue_clients.altegio_client_id = %(altegio_client_id_1)s::INTEGER 
 LIMIT %(param_1)s::INTEGER
2026-08-01 12:12:09,028 INFO sqlalchemy.engine.Engine [cached since 0.09471s ago] {'altegio_client_id_1': 176241329, 'param_1': 1}
2026-08-01 12:12:09,029 INFO sqlalchemy.engine.Engine SELECT revenue_clients.id AS revenue_clients_id, revenue_clients.altegio_client_id AS revenue_clients_altegio_client_id, revenue_clients.company_id AS revenue_clients_company_id, revenue_clients.full_name AS revenue_clients_full_name, revenue_clients.phone AS revenue_clients_phone, revenue_clients.email AS revenue_clients_email, revenue_clients.birthday AS revenue_clients_birthday, revenue_clients.last_visit_date AS revenue_clients_last_visit_date, revenue_clients.first_visit_date AS revenue_clients_first_visit_date, revenue_clients.master_id AS revenue_clients_master_id, revenue_clients.last_service_id AS revenue_clients_last_service_id, revenue_clients.total_visits AS revenue_clients_total_visits, revenue_clients.total_spent AS revenue_clients_total_spent, revenue_clients.raw_data AS revenue_clients_raw_data, revenue_clients.last_visit_at AS revenue_clients_last_visit_at, revenue_clients.last_service_name AS revenue_clients_last_service_name, revenue_clients.visit_count AS revenue_clients_visit_count, revenue_clients.is_active AS revenue_clients_is_active, revenue_clients.created_at AS revenue_clients_created_at, revenue_clients.updated_at AS revenue_clients_updated_at 
FROM revenue_clients 
WHERE revenue_clients.altegio_client_id = %(altegio_client_id_1)s::INTEGER 
 LIMIT %(param_1)s::INTEGER
2026-08-01 12:12:09,029 INFO sqlalchemy.engine.Engine [cached since 0.096s ago] {'altegio_client_id_1': 176268465, 'param_1': 1}
2026-08-01 12:12:09,030 INFO sqlalchemy.engine.Engine SELECT revenue_clients.id AS revenue_clients_id, revenue_clients.altegio_client_id AS revenue_clients_altegio_client_id, revenue_clients.company_id AS revenue_clients_company_id, revenue_clients.full_name AS revenue_clients_full_name, revenue_clients.phone AS revenue_clients_phone, revenue_clients.email AS revenue_clients_email, revenue_clients.birthday AS revenue_clients_birthday, revenue_clients.last_visit_date AS revenue_clients_last_visit_date, revenue_clients.first_visit_date AS revenue_clients_first_visit_date, revenue_clients.master_id AS revenue_clients_master_id, revenue_clients.last_service_id AS revenue_clients_last_service_id, revenue_clients.total_visits AS revenue_clients_total_visits, revenue_clients.total_spent AS revenue_clients_total_spent, revenue_clients.raw_data AS revenue_clients_raw_data, revenue_clients.last_visit_at AS revenue_clients_last_visit_at, revenue_clients.last_service_name AS revenue_clients_last_service_name, revenue_clients.visit_count AS revenue_clients_visit_count, revenue_clients.is_active AS revenue_clients_is_active, revenue_clients.created_at AS revenue_clients_created_at, revenue_clients.updated_at AS revenue_clients_updated_at 
FROM revenue_clients 
WHERE revenue_clients.altegio_client_id = %(altegio_client_id_1)s::INTEGER 
 LIMIT %(param_1)s::INTEGER
2026-08-01 12:12:09,030 INFO sqlalchemy.engine.Engine [cached since 0.09698s ago] {'altegio_client_id_1': 176290624, 'param_1': 1}
2026-08-01 12:12:09,031 INFO sqlalchemy.engine.Engine SELECT revenue_clients.id AS revenue_clients_id, revenue_clients.altegio_client_id AS revenue_clients_altegio_client_id, revenue_clients.company_id AS revenue_clients_company_id, revenue_clients.full_name AS revenue_clients_full_name, revenue_clients.phone AS revenue_clients_phone, revenue_clients.email AS revenue_clients_email, revenue_clients.birthday AS revenue_clients_birthday, revenue_clients.last_visit_date AS revenue_clients_last_visit_date, revenue_clients.first_visit_date AS revenue_clients_first_visit_date, revenue_clients.master_id AS revenue_clients_master_id, revenue_clients.last_service_id AS revenue_clients_last_service_id, revenue_clients.total_visits AS revenue_clients_total_visits, revenue_clients.total_spent AS revenue_clients_total_spent, revenue_clients.raw_data AS revenue_clients_raw_data, revenue_clients.last_visit_at AS revenue_clients_last_visit_at, revenue_clients.last_service_name AS revenue_clients_last_service_name, revenue_clients.visit_count AS revenue_clients_visit_count, revenue_clients.is_active AS revenue_clients_is_active, revenue_clients.created_at AS revenue_clients_created_at, revenue_clients.updated_at AS revenue_clients_updated_at 
FROM revenue_clients 
WHERE revenue_clients.altegio_client_id = %(altegio_client_id_1)s::INTEGER 
 LIMIT %(param_1)s::INTEGER
2026-08-01 12:12:09,031 INFO sqlalchemy.engine.Engine [cached since 0.098s ago] {'altegio_client_id_1': 176321787, 'param_1': 1}
2026-08-01 12:12:09,032 INFO sqlalchemy.engine.Engine SELECT revenue_clients.id AS revenue_clients_id, revenue_clients.altegio_client_id AS revenue_clients_altegio_client_id, revenue_clients.company_id AS revenue_clients_company_id, revenue_clients.full_name AS revenue_clients_full_name, revenue_clients.phone AS revenue_clients_phone, revenue_clients.email AS revenue_clients_email, revenue_clients.birthday AS revenue_clients_birthday, revenue_clients.last_visit_date AS revenue_clients_last_visit_date, revenue_clients.first_visit_date AS revenue_clients_first_visit_date, revenue_clients.master_id AS revenue_clients_master_id, revenue_clients.last_service_id AS revenue_clients_last_service_id, revenue_clients.total_visits AS revenue_clients_total_visits, revenue_clients.total_spent AS revenue_clients_total_spent, revenue_clients.raw_data AS revenue_clients_raw_data, revenue_clients.last_visit_at AS revenue_clients_last_visit_at, revenue_clients.last_service_name AS revenue_clients_last_service_name, revenue_clients.visit_count AS revenue_clients_visit_count, revenue_clients.is_active AS revenue_clients_is_active, revenue_clients.created_at AS revenue_clients_created_at, revenue_clients.updated_at AS revenue_clients_updated_at 
FROM revenue_clients 
WHERE revenue_clients.altegio_client_id = %(altegio_client_id_1)s::INTEGER 
 LIMIT %(param_1)s::INTEGER
2026-08-01 12:12:09,032 INFO sqlalchemy.engine.Engine [cached since 0.09894s ago] {'altegio_client_id_1': 176330207, 'param_1': 1}
2026-08-01 12:12:09,033 INFO sqlalchemy.engine.Engine SELECT revenue_clients.id AS revenue_clients_id, revenue_clients.altegio_client_id AS revenue_clients_altegio_client_id, revenue_clients.company_id AS revenue_clients_company_id, revenue_clients.full_name AS revenue_clients_full_name, revenue_clients.phone AS revenue_clients_phone, revenue_clients.email AS revenue_clients_email, revenue_clients.birthday AS revenue_clients_birthday, revenue_clients.last_visit_date AS revenue_clients_last_visit_date, revenue_clients.first_visit_date AS revenue_clients_first_visit_date, revenue_clients.master_id AS revenue_clients_master_id, revenue_clients.last_service_id AS revenue_clients_last_service_id, revenue_clients.total_visits AS revenue_clients_total_visits, revenue_clients.total_spent AS revenue_clients_total_spent, revenue_clients.raw_data AS revenue_clients_raw_data, revenue_clients.last_visit_at AS revenue_clients_last_visit_at, revenue_clients.last_service_name AS revenue_clients_last_service_name, revenue_clients.visit_count AS revenue_clients_visit_count, revenue_clients.is_active AS revenue_clients_is_active, revenue_clients.created_at AS revenue_clients_created_at, revenue_clients.updated_at AS revenue_clients_updated_at 
FROM revenue_clients 
WHERE revenue_clients.altegio_client_id = %(altegio_client_id_1)s::INTEGER 
 LIMIT %(param_1)s::INTEGER
2026-08-01 12:12:09,033 INFO sqlalchemy.engine.Engine [cached since 0.09985s ago] {'altegio_client_id_1': 176387666, 'param_1': 1}
2026-08-01 12:12:09,033 INFO sqlalchemy.engine.Engine SELECT revenue_clients.id AS revenue_clients_id, revenue_clients.altegio_client_id AS revenue_clients_altegio_client_id, revenue_clients.company_id AS revenue_clients_company_id, revenue_clients.full_name AS revenue_clients_full_name, revenue_clients.phone AS revenue_clients_phone, revenue_clients.email AS revenue_clients_email, revenue_clients.birthday AS revenue_clients_birthday, revenue_clients.last_visit_date AS revenue_clients_last_visit_date, revenue_clients.first_visit_date AS revenue_clients_first_visit_date, revenue_clients.master_id AS revenue_clients_master_id, revenue_clients.last_service_id AS revenue_clients_last_service_id, revenue_clients.total_visits AS revenue_clients_total_visits, revenue_clients.total_spent AS revenue_clients_total_spent, revenue_clients.raw_data AS revenue_clients_raw_data, revenue_clients.last_visit_at AS revenue_clients_last_visit_at, revenue_clients.last_service_name AS revenue_clients_last_service_name, revenue_clients.visit_count AS revenue_clients_visit_count, revenue_clients.is_active AS revenue_clients_is_active, revenue_clients.created_at AS revenue_clients_created_at, revenue_clients.updated_at AS revenue_clients_updated_at 
FROM revenue_clients 
WHERE revenue_clients.altegio_client_id = %(altegio_client_id_1)s::INTEGER 
 LIMIT %(param_1)s::INTEGER
2026-08-01 12:12:09,033 INFO sqlalchemy.engine.Engine [cached since 0.1007s ago] {'altegio_client_id_1': 176406418, 'param_1': 1}
2026-08-01 12:12:09,034 INFO sqlalchemy.engine.Engine SELECT revenue_clients.id AS revenue_clients_id, revenue_clients.altegio_client_id AS revenue_clients_altegio_client_id, revenue_clients.company_id AS revenue_clients_company_id, revenue_clients.full_name AS revenue_clients_full_name, revenue_clients.phone AS revenue_clients_phone, revenue_clients.email AS revenue_clients_email, revenue_clients.birthday AS revenue_clients_birthday, revenue_clients.last_visit_date AS revenue_clients_last_visit_date, revenue_clients.first_visit_date AS revenue_clients_first_visit_date, revenue_clients.master_id AS revenue_clients_master_id, revenue_clients.last_service_id AS revenue_clients_last_service_id, revenue_clients.total_visits AS revenue_clients_total_visits, revenue_clients.total_spent AS revenue_clients_total_spent, revenue_clients.raw_data AS revenue_clients_raw_data, revenue_clients.last_visit_at AS revenue_clients_last_visit_at, revenue_clients.last_service_name AS revenue_clients_last_service_name, revenue_clients.visit_count AS revenue_clients_visit_count, revenue_clients.is_active AS revenue_clients_is_active, revenue_clients.created_at AS revenue_clients_created_at, revenue_clients.updated_at AS revenue_clients_updated_at 
FROM revenue_clients 
WHERE revenue_clients.altegio_client_id = %(altegio_client_id_1)s::INTEGER 
 LIMIT %(param_1)s::INTEGER
2026-08-01 12:12:09,034 INFO sqlalchemy.engine.Engine [cached since 0.1017s ago] {'altegio_client_id_1': 176442480, 'param_1': 1}
2026-08-01 12:12:09,035 INFO sqlalchemy.engine.Engine SELECT revenue_clients.id AS revenue_clients_id, revenue_clients.altegio_client_id AS revenue_clients_altegio_client_id, revenue_clients.company_id AS revenue_clients_company_id, revenue_clients.full_name AS revenue_clients_full_name, revenue_clients.phone AS revenue_clients_phone, revenue_clients.email AS revenue_clients_email, revenue_clients.birthday AS revenue_clients_birthday, revenue_clients.last_visit_date AS revenue_clients_last_visit_date, revenue_clients.first_visit_date AS revenue_clients_first_visit_date, revenue_clients.master_id AS revenue_clients_master_id, revenue_clients.last_service_id AS revenue_clients_last_service_id, revenue_clients.total_visits AS revenue_clients_total_visits, revenue_clients.total_spent AS revenue_clients_total_spent, revenue_clients.raw_data AS revenue_clients_raw_data, revenue_clients.last_visit_at AS revenue_clients_last_visit_at, revenue_clients.last_service_name AS revenue_clients_last_service_name, revenue_clients.visit_count AS revenue_clients_visit_count, revenue_clients.is_active AS revenue_clients_is_active, revenue_clients.created_at AS revenue_clients_created_at, revenue_clients.updated_at AS revenue_clients_updated_at 
FROM revenue_clients 
WHERE revenue_clients.altegio_client_id = %(altegio_client_id_1)s::INTEGER 
 LIMIT %(param_1)s::INTEGER
2026-08-01 12:12:09,035 INFO sqlalchemy.engine.Engine [cached since 0.1025s ago] {'altegio_client_id_1': 176443810, 'param_1': 1}
2026-08-01 12:12:09,036 INFO sqlalchemy.engine.Engine SELECT revenue_clients.id AS revenue_clients_id, revenue_clients.altegio_client_id AS revenue_clients_altegio_client_id, revenue_clients.company_id AS revenue_clients_company_id, revenue_clients.full_name AS revenue_clients_full_name, revenue_clients.phone AS revenue_clients_phone, revenue_clients.email AS revenue_clients_email, revenue_clients.birthday AS revenue_clients_birthday, revenue_clients.last_visit_date AS revenue_clients_last_visit_date, revenue_clients.first_visit_date AS revenue_clients_first_visit_date, revenue_clients.master_id AS revenue_clients_master_id, revenue_clients.last_service_id AS revenue_clients_last_service_id, revenue_clients.total_visits AS revenue_clients_total_visits, revenue_clients.total_spent AS revenue_clients_total_spent, revenue_clients.raw_data AS revenue_clients_raw_data, revenue_clients.last_visit_at AS revenue_clients_last_visit_at, revenue_clients.last_service_name AS revenue_clients_last_service_name, revenue_clients.visit_count AS revenue_clients_visit_count, revenue_clients.is_active AS revenue_clients_is_active, revenue_clients.created_at AS revenue_clients_created_at, revenue_clients.updated_at AS revenue_clients_updated_at 
FROM revenue_clients 
WHERE revenue_clients.altegio_client_id = %(altegio_client_id_1)s::INTEGER 
 LIMIT %(param_1)s::INTEGER
2026-08-01 12:12:09,036 INFO sqlalchemy.engine.Engine [cached since 0.1034s ago] {'altegio_client_id_1': 176455416, 'param_1': 1}
2026-08-01 12:12:09,037 INFO sqlalchemy.engine.Engine SELECT revenue_clients.id AS revenue_clients_id, revenue_clients.altegio_client_id AS revenue_clients_altegio_client_id, revenue_clients.company_id AS revenue_clients_company_id, revenue_clients.full_name AS revenue_clients_full_name, revenue_clients.phone AS revenue_clients_phone, revenue_clients.email AS revenue_clients_email, revenue_clients.birthday AS revenue_clients_birthday, revenue_clients.last_visit_date AS revenue_clients_last_visit_date, revenue_clients.first_visit_date AS revenue_clients_first_visit_date, revenue_clients.master_id AS revenue_clients_master_id, revenue_clients.last_service_id AS revenue_clients_last_service_id, revenue_clients.total_visits AS revenue_clients_total_visits, revenue_clients.total_spent AS revenue_clients_total_spent, revenue_clients.raw_data AS revenue_clients_raw_data, revenue_clients.last_visit_at AS revenue_clients_last_visit_at, revenue_clients.last_service_name AS revenue_clients_last_service_name, revenue_clients.visit_count AS revenue_clients_visit_count, revenue_clients.is_active AS revenue_clients_is_active, revenue_clients.created_at AS revenue_clients_created_at, revenue_clients.updated_at AS revenue_clients_updated_at 
FROM revenue_clients 
WHERE revenue_clients.altegio_client_id = %(altegio_client_id_1)s::INTEGER 
 LIMIT %(param_1)s::INTEGER
2026-08-01 12:12:09,037 INFO sqlalchemy.engine.Engine [cached since 0.1042s ago] {'altegio_client_id_1': 176455455, 'param_1': 1}
2026-08-01 12:12:09,038 INFO sqlalchemy.engine.Engine SELECT revenue_clients.id AS revenue_clients_id, revenue_clients.altegio_client_id AS revenue_clients_altegio_client_id, revenue_clients.company_id AS revenue_clients_company_id, revenue_clients.full_name AS revenue_clients_full_name, revenue_clients.phone AS revenue_clients_phone, revenue_clients.email AS revenue_clients_email, revenue_clients.birthday AS revenue_clients_birthday, revenue_clients.last_visit_date AS revenue_clients_last_visit_date, revenue_clients.first_visit_date AS revenue_clients_first_visit_date, revenue_clients.master_id AS revenue_clients_master_id, revenue_clients.last_service_id AS revenue_clients_last_service_id, revenue_clients.total_visits AS revenue_clients_total_visits, revenue_clients.total_spent AS revenue_clients_total_spent, revenue_clients.raw_data AS revenue_clients_raw_data, revenue_clients.last_visit_at AS revenue_clients_last_visit_at, revenue_clients.last_service_name AS revenue_clients_last_service_name, revenue_clients.visit_count AS revenue_clients_visit_count, revenue_clients.is_active AS revenue_clients_is_active, revenue_clients.created_at AS revenue_clients_created_at, revenue_clients.updated_at AS revenue_clients_updated_at 
FROM revenue_clients 
WHERE revenue_clients.altegio_client_id = %(altegio_client_id_1)s::INTEGER 
 LIMIT %(param_1)s::INTEGER
2026-08-01 12:12:09,038 INFO sqlalchemy.engine.Engine [cached since 0.1051s ago] {'altegio_client_id_1': 176496234, 'param_1': 1}
2026-08-01 12:12:09,039 INFO sqlalchemy.engine.Engine SELECT revenue_clients.id AS revenue_clients_id, revenue_clients.altegio_client_id AS revenue_clients_altegio_client_id, revenue_clients.company_id AS revenue_clients_company_id, revenue_clients.full_name AS revenue_clients_full_name, revenue_clients.phone AS revenue_clients_phone, revenue_clients.email AS revenue_clients_email, revenue_clients.birthday AS revenue_clients_birthday, revenue_clients.last_visit_date AS revenue_clients_last_visit_date, revenue_clients.first_visit_date AS revenue_clients_first_visit_date, revenue_clients.master_id AS revenue_clients_master_id, revenue_clients.last_service_id AS revenue_clients_last_service_id, revenue_clients.total_visits AS revenue_clients_total_visits, revenue_clients.total_spent AS revenue_clients_total_spent, revenue_clients.raw_data AS revenue_clients_raw_data, revenue_clients.last_visit_at AS revenue_clients_last_visit_at, revenue_clients.last_service_name AS revenue_clients_last_service_name, revenue_clients.visit_count AS revenue_clients_visit_count, revenue_clients.is_active AS revenue_clients_is_active, revenue_clients.created_at AS revenue_clients_created_at, revenue_clients.updated_at AS revenue_clients_updated_at 
FROM revenue_clients 
WHERE revenue_clients.altegio_client_id = %(altegio_client_id_1)s::INTEGER 
 LIMIT %(param_1)s::INTEGER
2026-08-01 12:12:09,039 INFO sqlalchemy.engine.Engine [cached since 0.1061s ago] {'altegio_client_id_1': 176510256, 'param_1': 1}
2026-08-01 12:12:09,040 INFO sqlalchemy.engine.Engine SELECT revenue_clients.id AS revenue_clients_id, revenue_clients.altegio_client_id AS revenue_clients_altegio_client_id, revenue_clients.company_id AS revenue_clients_company_id, revenue_clients.full_name AS revenue_clients_full_name, revenue_clients.phone AS revenue_clients_phone, revenue_clients.email AS revenue_clients_email, revenue_clients.birthday AS revenue_clients_birthday, revenue_clients.last_visit_date AS revenue_clients_last_visit_date, revenue_clients.first_visit_date AS revenue_clients_first_visit_date, revenue_clients.master_id AS revenue_clients_master_id, revenue_clients.last_service_id AS revenue_clients_last_service_id, revenue_clients.total_visits AS revenue_clients_total_visits, revenue_clients.total_spent AS revenue_clients_total_spent, revenue_clients.raw_data AS revenue_clients_raw_data, revenue_clients.last_visit_at AS revenue_clients_last_visit_at, revenue_clients.last_service_name AS revenue_clients_last_service_name, revenue_clients.visit_count AS revenue_clients_visit_count, revenue_clients.is_active AS revenue_clients_is_active, revenue_clients.created_at AS revenue_clients_created_at, revenue_clients.updated_at AS revenue_clients_updated_at 
FROM revenue_clients 
WHERE revenue_clients.altegio_client_id = %(altegio_client_id_1)s::INTEGER 
 LIMIT %(param_1)s::INTEGER
2026-08-01 12:12:09,040 INFO sqlalchemy.engine.Engine [cached since 0.1071s ago] {'altegio_client_id_1': 176510287, 'param_1': 1}
2026-08-01 12:12:09,041 INFO sqlalchemy.engine.Engine SELECT revenue_clients.id AS revenue_clients_id, revenue_clients.altegio_client_id AS revenue_clients_altegio_client_id, revenue_clients.company_id AS revenue_clients_company_id, revenue_clients.full_name AS revenue_clients_full_name, revenue_clients.phone AS revenue_clients_phone, revenue_clients.email AS revenue_clients_email, revenue_clients.birthday AS revenue_clients_birthday, revenue_clients.last_visit_date AS revenue_clients_last_visit_date, revenue_clients.first_visit_date AS revenue_clients_first_visit_date, revenue_clients.master_id AS revenue_clients_master_id, revenue_clients.last_service_id AS revenue_clients_last_service_id, revenue_clients.total_visits AS revenue_clients_total_visits, revenue_clients.total_spent AS revenue_clients_total_spent, revenue_clients.raw_data AS revenue_clients_raw_data, revenue_clients.last_visit_at AS revenue_clients_last_visit_at, revenue_clients.last_service_name AS revenue_clients_last_service_name, revenue_clients.visit_count AS revenue_clients_visit_count, revenue_clients.is_active AS revenue_clients_is_active, revenue_clients.created_at AS revenue_clients_created_at, revenue_clients.updated_at AS revenue_clients_updated_at 
FROM revenue_clients 
WHERE revenue_clients.altegio_client_id = %(altegio_client_id_1)s::INTEGER 
 LIMIT %(param_1)s::INTEGER
2026-08-01 12:12:09,041 INFO sqlalchemy.engine.Engine [cached since 0.1081s ago] {'altegio_client_id_1': 176530315, 'param_1': 1}
2026-08-01 12:12:09,042 INFO sqlalchemy.engine.Engine SELECT revenue_clients.id AS revenue_clients_id, revenue_clients.altegio_client_id AS revenue_clients_altegio_client_id, revenue_clients.company_id AS revenue_clients_company_id, revenue_clients.full_name AS revenue_clients_full_name, revenue_clients.phone AS revenue_clients_phone, revenue_clients.email AS revenue_clients_email, revenue_clients.birthday AS revenue_clients_birthday, revenue_clients.last_visit_date AS revenue_clients_last_visit_date, revenue_clients.first_visit_date AS revenue_clients_first_visit_date, revenue_clients.master_id AS revenue_clients_master_id, revenue_clients.last_service_id AS revenue_clients_last_service_id, revenue_clients.total_visits AS revenue_clients_total_visits, revenue_clients.total_spent AS revenue_clients_total_spent, revenue_clients.raw_data AS revenue_clients_raw_data, revenue_clients.last_visit_at AS revenue_clients_last_visit_at, revenue_clients.last_service_name AS revenue_clients_last_service_name, revenue_clients.visit_count AS revenue_clients_visit_count, revenue_clients.is_active AS revenue_clients_is_active, revenue_clients.created_at AS revenue_clients_created_at, revenue_clients.updated_at AS revenue_clients_updated_at 
FROM revenue_clients 
WHERE revenue_clients.altegio_client_id = %(altegio_client_id_1)s::INTEGER 
 LIMIT %(param_1)s::INTEGER
2026-08-01 12:12:09,042 INFO sqlalchemy.engine.Engine [cached since 0.109s ago] {'altegio_client_id_1': 176530747, 'param_1': 1}
2026-08-01 12:12:09,043 INFO sqlalchemy.engine.Engine SELECT revenue_clients.id AS revenue_clients_id, revenue_clients.altegio_client_id AS revenue_clients_altegio_client_id, revenue_clients.company_id AS revenue_clients_company_id, revenue_clients.full_name AS revenue_clients_full_name, revenue_clients.phone AS revenue_clients_phone, revenue_clients.email AS revenue_clients_email, revenue_clients.birthday AS revenue_clients_birthday, revenue_clients.last_visit_date AS revenue_clients_last_visit_date, revenue_clients.first_visit_date AS revenue_clients_first_visit_date, revenue_clients.master_id AS revenue_clients_master_id, revenue_clients.last_service_id AS revenue_clients_last_service_id, revenue_clients.total_visits AS revenue_clients_total_visits, revenue_clients.total_spent AS revenue_clients_total_spent, revenue_clients.raw_data AS revenue_clients_raw_data, revenue_clients.last_visit_at AS revenue_clients_last_visit_at, revenue_clients.last_service_name AS revenue_clients_last_service_name, revenue_clients.visit_count AS revenue_clients_visit_count, revenue_clients.is_active AS revenue_clients_is_active, revenue_clients.created_at AS revenue_clients_created_at, revenue_clients.updated_at AS revenue_clients_updated_at 
FROM revenue_clients 
WHERE revenue_clients.altegio_client_id = %(altegio_client_id_1)s::INTEGER 
 LIMIT %(param_1)s::INTEGER
2026-08-01 12:12:09,043 INFO sqlalchemy.engine.Engine [cached since 0.11s ago] {'altegio_client_id_1': 176696151, 'param_1': 1}
2026-08-01 12:12:09,044 INFO sqlalchemy.engine.Engine SELECT revenue_clients.id AS revenue_clients_id, revenue_clients.altegio_client_id AS revenue_clients_altegio_client_id, revenue_clients.company_id AS revenue_clients_company_id, revenue_clients.full_name AS revenue_clients_full_name, revenue_clients.phone AS revenue_clients_phone, revenue_clients.email AS revenue_clients_email, revenue_clients.birthday AS revenue_clients_birthday, revenue_clients.last_visit_date AS revenue_clients_last_visit_date, revenue_clients.first_visit_date AS revenue_clients_first_visit_date, revenue_clients.master_id AS revenue_clients_master_id, revenue_clients.last_service_id AS revenue_clients_last_service_id, revenue_clients.total_visits AS revenue_clients_total_visits, revenue_clients.total_spent AS revenue_clients_total_spent, revenue_clients.raw_data AS revenue_clients_raw_data, revenue_clients.last_visit_at AS revenue_clients_last_visit_at, revenue_clients.last_service_name AS revenue_clients_last_service_name, revenue_clients.visit_count AS revenue_clients_visit_count, revenue_clients.is_active AS revenue_clients_is_active, revenue_clients.created_at AS revenue_clients_created_at, revenue_clients.updated_at AS revenue_clients_updated_at 
FROM revenue_clients 
WHERE revenue_clients.altegio_client_id = %(altegio_client_id_1)s::INTEGER 
 LIMIT %(param_1)s::INTEGER
2026-08-01 12:12:09,044 INFO sqlalchemy.engine.Engine [cached since 0.111s ago] {'altegio_client_id_1': 176741735, 'param_1': 1}
2026-08-01 12:12:09,045 INFO sqlalchemy.engine.Engine SELECT revenue_clients.id AS revenue_clients_id, revenue_clients.altegio_client_id AS revenue_clients_altegio_client_id, revenue_clients.company_id AS revenue_clients_company_id, revenue_clients.full_name AS revenue_clients_full_name, revenue_clients.phone AS revenue_clients_phone, revenue_clients.email AS revenue_clients_email, revenue_clients.birthday AS revenue_clients_birthday, revenue_clients.last_visit_date AS revenue_clients_last_visit_date, revenue_clients.first_visit_date AS revenue_clients_first_visit_date, revenue_clients.master_id AS revenue_clients_master_id, revenue_clients.last_service_id AS revenue_clients_last_service_id, revenue_clients.total_visits AS revenue_clients_total_visits, revenue_clients.total_spent AS revenue_clients_total_spent, revenue_clients.raw_data AS revenue_clients_raw_data, revenue_clients.last_visit_at AS revenue_clients_last_visit_at, revenue_clients.last_service_name AS revenue_clients_last_service_name, revenue_clients.visit_count AS revenue_clients_visit_count, revenue_clients.is_active AS revenue_clients_is_active, revenue_clients.created_at AS revenue_clients_created_at, revenue_clients.updated_at AS revenue_clients_updated_at 
FROM revenue_clients 
WHERE revenue_clients.altegio_client_id = %(altegio_client_id_1)s::INTEGER 
 LIMIT %(param_1)s::INTEGER
2026-08-01 12:12:09,045 INFO sqlalchemy.engine.Engine [cached since 0.1119s ago] {'altegio_client_id_1': 176749939, 'param_1': 1}
2026-08-01 12:12:09,046 INFO sqlalchemy.engine.Engine SELECT revenue_clients.id AS revenue_clients_id, revenue_clients.altegio_client_id AS revenue_clients_altegio_client_id, revenue_clients.company_id AS revenue_clients_company_id, revenue_clients.full_name AS revenue_clients_full_name, revenue_clients.phone AS revenue_clients_phone, revenue_clients.email AS revenue_clients_email, revenue_clients.birthday AS revenue_clients_birthday, revenue_clients.last_visit_date AS revenue_clients_last_visit_date, revenue_clients.first_visit_date AS revenue_clients_first_visit_date, revenue_clients.master_id AS revenue_clients_master_id, revenue_clients.last_service_id AS revenue_clients_last_service_id, revenue_clients.total_visits AS revenue_clients_total_visits, revenue_clients.total_spent AS revenue_clients_total_spent, revenue_clients.raw_data AS revenue_clients_raw_data, revenue_clients.last_visit_at AS revenue_clients_last_visit_at, revenue_clients.last_service_name AS revenue_clients_last_service_name, revenue_clients.visit_count AS revenue_clients_visit_count, revenue_clients.is_active AS revenue_clients_is_active, revenue_clients.created_at AS revenue_clients_created_at, revenue_clients.updated_at AS revenue_clients_updated_at 
FROM revenue_clients 
WHERE revenue_clients.altegio_client_id = %(altegio_client_id_1)s::INTEGER 
 LIMIT %(param_1)s::INTEGER
2026-08-01 12:12:09,046 INFO sqlalchemy.engine.Engine [cached since 0.1128s ago] {'altegio_client_id_1': 176750445, 'param_1': 1}
2026-08-01 12:12:09,046 INFO sqlalchemy.engine.Engine SELECT revenue_clients.id AS revenue_clients_id, revenue_clients.altegio_client_id AS revenue_clients_altegio_client_id, revenue_clients.company_id AS revenue_clients_company_id, revenue_clients.full_name AS revenue_clients_full_name, revenue_clients.phone AS revenue_clients_phone, revenue_clients.email AS revenue_clients_email, revenue_clients.birthday AS revenue_clients_birthday, revenue_clients.last_visit_date AS revenue_clients_last_visit_date, revenue_clients.first_visit_date AS revenue_clients_first_visit_date, revenue_clients.master_id AS revenue_clients_master_id, revenue_clients.last_service_id AS revenue_clients_last_service_id, revenue_clients.total_visits AS revenue_clients_total_visits, revenue_clients.total_spent AS revenue_clients_total_spent, revenue_clients.raw_data AS revenue_clients_raw_data, revenue_clients.last_visit_at AS revenue_clients_last_visit_at, revenue_clients.last_service_name AS revenue_clients_last_service_name, revenue_clients.visit_count AS revenue_clients_visit_count, revenue_clients.is_active AS revenue_clients_is_active, revenue_clients.created_at AS revenue_clients_created_at, revenue_clients.updated_at AS revenue_clients_updated_at 
FROM revenue_clients 
WHERE revenue_clients.altegio_client_id = %(altegio_client_id_1)s::INTEGER 
 LIMIT %(param_1)s::INTEGER
2026-08-01 12:12:09,047 INFO sqlalchemy.engine.Engine [cached since 0.1138s ago] {'altegio_client_id_1': 176751622, 'param_1': 1}
2026-08-01 12:12:09,047 INFO sqlalchemy.engine.Engine SELECT revenue_clients.id AS revenue_clients_id, revenue_clients.altegio_client_id AS revenue_clients_altegio_client_id, revenue_clients.company_id AS revenue_clients_company_id, revenue_clients.full_name AS revenue_clients_full_name, revenue_clients.phone AS revenue_clients_phone, revenue_clients.email AS revenue_clients_email, revenue_clients.birthday AS revenue_clients_birthday, revenue_clients.last_visit_date AS revenue_clients_last_visit_date, revenue_clients.first_visit_date AS revenue_clients_first_visit_date, revenue_clients.master_id AS revenue_clients_master_id, revenue_clients.last_service_id AS revenue_clients_last_service_id, revenue_clients.total_visits AS revenue_clients_total_visits, revenue_clients.total_spent AS revenue_clients_total_spent, revenue_clients.raw_data AS revenue_clients_raw_data, revenue_clients.last_visit_at AS revenue_clients_last_visit_at, revenue_clients.last_service_name AS revenue_clients_last_service_name, revenue_clients.visit_count AS revenue_clients_visit_count, revenue_clients.is_active AS revenue_clients_is_active, revenue_clients.created_at AS revenue_clients_created_at, revenue_clients.updated_at AS revenue_clients_updated_at 
FROM revenue_clients 
WHERE revenue_clients.altegio_client_id = %(altegio_client_id_1)s::INTEGER 
 LIMIT %(param_1)s::INTEGER
2026-08-01 12:12:09,047 INFO sqlalchemy.engine.Engine [cached since 0.1147s ago] {'altegio_client_id_1': 176766048, 'param_1': 1}
2026-08-01 12:12:09,048 INFO sqlalchemy.engine.Engine SELECT revenue_clients.id AS revenue_clients_id, revenue_clients.altegio_client_id AS revenue_clients_altegio_client_id, revenue_clients.company_id AS revenue_clients_company_id, revenue_clients.full_name AS revenue_clients_full_name, revenue_clients.phone AS revenue_clients_phone, revenue_clients.email AS revenue_clients_email, revenue_clients.birthday AS revenue_clients_birthday, revenue_clients.last_visit_date AS revenue_clients_last_visit_date, revenue_clients.first_visit_date AS revenue_clients_first_visit_date, revenue_clients.master_id AS revenue_clients_master_id, revenue_clients.last_service_id AS revenue_clients_last_service_id, revenue_clients.total_visits AS revenue_clients_total_visits, revenue_clients.total_spent AS revenue_clients_total_spent, revenue_clients.raw_data AS revenue_clients_raw_data, revenue_clients.last_visit_at AS revenue_clients_last_visit_at, revenue_clients.last_service_name AS revenue_clients_last_service_name, revenue_clients.visit_count AS revenue_clients_visit_count, revenue_clients.is_active AS revenue_clients_is_active, revenue_clients.created_at AS revenue_clients_created_at, revenue_clients.updated_at AS revenue_clients_updated_at 
FROM revenue_clients 
WHERE revenue_clients.altegio_client_id = %(altegio_client_id_1)s::INTEGER 
 LIMIT %(param_1)s::INTEGER
2026-08-01 12:12:09,048 INFO sqlalchemy.engine.Engine [cached since 0.1156s ago] {'altegio_client_id_1': 176774333, 'param_1': 1}
2026-08-01 12:12:09,049 INFO sqlalchemy.engine.Engine SELECT revenue_clients.id AS revenue_clients_id, revenue_clients.altegio_client_id AS revenue_clients_altegio_client_id, revenue_clients.company_id AS revenue_clients_company_id, revenue_clients.full_name AS revenue_clients_full_name, revenue_clients.phone AS revenue_clients_phone, revenue_clients.email AS revenue_clients_email, revenue_clients.birthday AS revenue_clients_birthday, revenue_clients.last_visit_date AS revenue_clients_last_visit_date, revenue_clients.first_visit_date AS revenue_clients_first_visit_date, revenue_clients.master_id AS revenue_clients_master_id, revenue_clients.last_service_id AS revenue_clients_last_service_id, revenue_clients.total_visits AS revenue_clients_total_visits, revenue_clients.total_spent AS revenue_clients_total_spent, revenue_clients.raw_data AS revenue_clients_raw_data, revenue_clients.last_visit_at AS revenue_clients_last_visit_at, revenue_clients.last_service_name AS revenue_clients_last_service_name, revenue_clients.visit_count AS revenue_clients_visit_count, revenue_clients.is_active AS revenue_clients_is_active, revenue_clients.created_at AS revenue_clients_created_at, revenue_clients.updated_at AS revenue_clients_updated_at 
FROM revenue_clients 
WHERE revenue_clients.altegio_client_id = %(altegio_client_id_1)s::INTEGER 
 LIMIT %(param_1)s::INTEGER
2026-08-01 12:12:09,049 INFO sqlalchemy.engine.Engine [cached since 0.1165s ago] {'altegio_client_id_1': 176797664, 'param_1': 1}
2026-08-01 12:12:09,050 INFO sqlalchemy.engine.Engine SELECT revenue_clients.id AS revenue_clients_id, revenue_clients.altegio_client_id AS revenue_clients_altegio_client_id, revenue_clients.company_id AS revenue_clients_company_id, revenue_clients.full_name AS revenue_clients_full_name, revenue_clients.phone AS revenue_clients_phone, revenue_clients.email AS revenue_clients_email, revenue_clients.birthday AS revenue_clients_birthday, revenue_clients.last_visit_date AS revenue_clients_last_visit_date, revenue_clients.first_visit_date AS revenue_clients_first_visit_date, revenue_clients.master_id AS revenue_clients_master_id, revenue_clients.last_service_id AS revenue_clients_last_service_id, revenue_clients.total_visits AS revenue_clients_total_visits, revenue_clients.total_spent AS revenue_clients_total_spent, revenue_clients.raw_data AS revenue_clients_raw_data, revenue_clients.last_visit_at AS revenue_clients_last_visit_at, revenue_clients.last_service_name AS revenue_clients_last_service_name, revenue_clients.visit_count AS revenue_clients_visit_count, revenue_clients.is_active AS revenue_clients_is_active, revenue_clients.created_at AS revenue_clients_created_at, revenue_clients.updated_at AS revenue_clients_updated_at 
FROM revenue_clients 
WHERE revenue_clients.altegio_client_id = %(altegio_client_id_1)s::INTEGER 
 LIMIT %(param_1)s::INTEGER
2026-08-01 12:12:09,050 INFO sqlalchemy.engine.Engine [cached since 0.1174s ago] {'altegio_client_id_1': 176830678, 'param_1': 1}
2026-08-01 12:12:09,051 INFO sqlalchemy.engine.Engine SELECT revenue_clients.id AS revenue_clients_id, revenue_clients.altegio_client_id AS revenue_clients_altegio_client_id, revenue_clients.company_id AS revenue_clients_company_id, revenue_clients.full_name AS revenue_clients_full_name, revenue_clients.phone AS revenue_clients_phone, revenue_clients.email AS revenue_clients_email, revenue_clients.birthday AS revenue_clients_birthday, revenue_clients.last_visit_date AS revenue_clients_last_visit_date, revenue_clients.first_visit_date AS revenue_clients_first_visit_date, revenue_clients.master_id AS revenue_clients_master_id, revenue_clients.last_service_id AS revenue_clients_last_service_id, revenue_clients.total_visits AS revenue_clients_total_visits, revenue_clients.total_spent AS revenue_clients_total_spent, revenue_clients.raw_data AS revenue_clients_raw_data, revenue_clients.last_visit_at AS revenue_clients_last_visit_at, revenue_clients.last_service_name AS revenue_clients_last_service_name, revenue_clients.visit_count AS revenue_clients_visit_count, revenue_clients.is_active AS revenue_clients_is_active, revenue_clients.created_at AS revenue_clients_created_at, revenue_clients.updated_at AS revenue_clients_updated_at 
FROM revenue_clients 
WHERE revenue_clients.altegio_client_id = %(altegio_client_id_1)s::INTEGER 
 LIMIT %(param_1)s::INTEGER
2026-08-01 12:12:09,051 INFO sqlalchemy.engine.Engine [cached since 0.1183s ago] {'altegio_client_id_1': 176841333, 'param_1': 1}
2026-08-01 12:12:09,052 INFO sqlalchemy.engine.Engine SELECT revenue_clients.id AS revenue_clients_id, revenue_clients.altegio_client_id AS revenue_clients_altegio_client_id, revenue_clients.company_id AS revenue_clients_company_id, revenue_clients.full_name AS revenue_clients_full_name, revenue_clients.phone AS revenue_clients_phone, revenue_clients.email AS revenue_clients_email, revenue_clients.birthday AS revenue_clients_birthday, revenue_clients.last_visit_date AS revenue_clients_last_visit_date, revenue_clients.first_visit_date AS revenue_clients_first_visit_date, revenue_clients.master_id AS revenue_clients_master_id, revenue_clients.last_service_id AS revenue_clients_last_service_id, revenue_clients.total_visits AS revenue_clients_total_visits, revenue_clients.total_spent AS revenue_clients_total_spent, revenue_clients.raw_data AS revenue_clients_raw_data, revenue_clients.last_visit_at AS revenue_clients_last_visit_at, revenue_clients.last_service_name AS revenue_clients_last_service_name, revenue_clients.visit_count AS revenue_clients_visit_count, revenue_clients.is_active AS revenue_clients_is_active, revenue_clients.created_at AS revenue_clients_created_at, revenue_clients.updated_at AS revenue_clients_updated_at 
FROM revenue_clients 
WHERE revenue_clients.altegio_client_id = %(altegio_client_id_1)s::INTEGER 
 LIMIT %(param_1)s::INTEGER
2026-08-01 12:12:09,052 INFO sqlalchemy.engine.Engine [cached since 0.1192s ago] {'altegio_client_id_1': 176928861, 'param_1': 1}
2026-08-01 12:12:09,053 INFO sqlalchemy.engine.Engine SELECT revenue_clients.id AS revenue_clients_id, revenue_clients.altegio_client_id AS revenue_clients_altegio_client_id, revenue_clients.company_id AS revenue_clients_company_id, revenue_clients.full_name AS revenue_clients_full_name, revenue_clients.phone AS revenue_clients_phone, revenue_clients.email AS revenue_clients_email, revenue_clients.birthday AS revenue_clients_birthday, revenue_clients.last_visit_date AS revenue_clients_last_visit_date, revenue_clients.first_visit_date AS revenue_clients_first_visit_date, revenue_clients.master_id AS revenue_clients_master_id, revenue_clients.last_service_id AS revenue_clients_last_service_id, revenue_clients.total_visits AS revenue_clients_total_visits, revenue_clients.total_spent AS revenue_clients_total_spent, revenue_clients.raw_data AS revenue_clients_raw_data, revenue_clients.last_visit_at AS revenue_clients_last_visit_at, revenue_clients.last_service_name AS revenue_clients_last_service_name, revenue_clients.visit_count AS revenue_clients_visit_count, revenue_clients.is_active AS revenue_clients_is_active, revenue_clients.created_at AS revenue_clients_created_at, revenue_clients.updated_at AS revenue_clients_updated_at 
FROM revenue_clients 
WHERE revenue_clients.altegio_client_id = %(altegio_client_id_1)s::INTEGER 
 LIMIT %(param_1)s::INTEGER
2026-08-01 12:12:09,053 INFO sqlalchemy.engine.Engine [cached since 0.1201s ago] {'altegio_client_id_1': 176930387, 'param_1': 1}
2026-08-01 12:12:09,054 INFO sqlalchemy.engine.Engine SELECT revenue_clients.id AS revenue_clients_id, revenue_clients.altegio_client_id AS revenue_clients_altegio_client_id, revenue_clients.company_id AS revenue_clients_company_id, revenue_clients.full_name AS revenue_clients_full_name, revenue_clients.phone AS revenue_clients_phone, revenue_clients.email AS revenue_clients_email, revenue_clients.birthday AS revenue_clients_birthday, revenue_clients.last_visit_date AS revenue_clients_last_visit_date, revenue_clients.first_visit_date AS revenue_clients_first_visit_date, revenue_clients.master_id AS revenue_clients_master_id, revenue_clients.last_service_id AS revenue_clients_last_service_id, revenue_clients.total_visits AS revenue_clients_total_visits, revenue_clients.total_spent AS revenue_clients_total_spent, revenue_clients.raw_data AS revenue_clients_raw_data, revenue_clients.last_visit_at AS revenue_clients_last_visit_at, revenue_clients.last_service_name AS revenue_clients_last_service_name, revenue_clients.visit_count AS revenue_clients_visit_count, revenue_clients.is_active AS revenue_clients_is_active, revenue_clients.created_at AS revenue_clients_created_at, revenue_clients.updated_at AS revenue_clients_updated_at 
FROM revenue_clients 
WHERE revenue_clients.altegio_client_id = %(altegio_client_id_1)s::INTEGER 
 LIMIT %(param_1)s::INTEGER
2026-08-01 12:12:09,054 INFO sqlalchemy.engine.Engine [cached since 0.1211s ago] {'altegio_client_id_1': 177049840, 'param_1': 1}
2026-08-01 12:12:09,055 INFO sqlalchemy.engine.Engine SELECT revenue_clients.id AS revenue_clients_id, revenue_clients.altegio_client_id AS revenue_clients_altegio_client_id, revenue_clients.company_id AS revenue_clients_company_id, revenue_clients.full_name AS revenue_clients_full_name, revenue_clients.phone AS revenue_clients_phone, revenue_clients.email AS revenue_clients_email, revenue_clients.birthday AS revenue_clients_birthday, revenue_clients.last_visit_date AS revenue_clients_last_visit_date, revenue_clients.first_visit_date AS revenue_clients_first_visit_date, revenue_clients.master_id AS revenue_clients_master_id, revenue_clients.last_service_id AS revenue_clients_last_service_id, revenue_clients.total_visits AS revenue_clients_total_visits, revenue_clients.total_spent AS revenue_clients_total_spent, revenue_clients.raw_data AS revenue_clients_raw_data, revenue_clients.last_visit_at AS revenue_clients_last_visit_at, revenue_clients.last_service_name AS revenue_clients_last_service_name, revenue_clients.visit_count AS revenue_clients_visit_count, revenue_clients.is_active AS revenue_clients_is_active, revenue_clients.created_at AS revenue_clients_created_at, revenue_clients.updated_at AS revenue_clients_updated_at 
FROM revenue_clients 
WHERE revenue_clients.altegio_client_id = %(altegio_client_id_1)s::INTEGER 
 LIMIT %(param_1)s::INTEGER
2026-08-01 12:12:09,055 INFO sqlalchemy.engine.Engine [cached since 0.122s ago] {'altegio_client_id_1': 177050594, 'param_1': 1}
2026-08-01 12:12:09,056 INFO sqlalchemy.engine.Engine SELECT revenue_clients.id AS revenue_clients_id, revenue_clients.altegio_client_id AS revenue_clients_altegio_client_id, revenue_clients.company_id AS revenue_clients_company_id, revenue_clients.full_name AS revenue_clients_full_name, revenue_clients.phone AS revenue_clients_phone, revenue_clients.email AS revenue_clients_email, revenue_clients.birthday AS revenue_clients_birthday, revenue_clients.last_visit_date AS revenue_clients_last_visit_date, revenue_clients.first_visit_date AS revenue_clients_first_visit_date, revenue_clients.master_id AS revenue_clients_master_id, revenue_clients.last_service_id AS revenue_clients_last_service_id, revenue_clients.total_visits AS revenue_clients_total_visits, revenue_clients.total_spent AS revenue_clients_total_spent, revenue_clients.raw_data AS revenue_clients_raw_data, revenue_clients.last_visit_at AS revenue_clients_last_visit_at, revenue_clients.last_service_name AS revenue_clients_last_service_name, revenue_clients.visit_count AS revenue_clients_visit_count, revenue_clients.is_active AS revenue_clients_is_active, revenue_clients.created_at AS revenue_clients_created_at, revenue_clients.updated_at AS revenue_clients_updated_at 
FROM revenue_clients 
WHERE revenue_clients.altegio_client_id = %(altegio_client_id_1)s::INTEGER 
 LIMIT %(param_1)s::INTEGER
2026-08-01 12:12:09,056 INFO sqlalchemy.engine.Engine [cached since 0.1229s ago] {'altegio_client_id_1': 177184979, 'param_1': 1}
2026-08-01 12:12:09,057 INFO sqlalchemy.engine.Engine SELECT revenue_clients.id AS revenue_clients_id, revenue_clients.altegio_client_id AS revenue_clients_altegio_client_id, revenue_clients.company_id AS revenue_clients_company_id, revenue_clients.full_name AS revenue_clients_full_name, revenue_clients.phone AS revenue_clients_phone, revenue_clients.email AS revenue_clients_email, revenue_clients.birthday AS revenue_clients_birthday, revenue_clients.last_visit_date AS revenue_clients_last_visit_date, revenue_clients.first_visit_date AS revenue_clients_first_visit_date, revenue_clients.master_id AS revenue_clients_master_id, revenue_clients.last_service_id AS revenue_clients_last_service_id, revenue_clients.total_visits AS revenue_clients_total_visits, revenue_clients.total_spent AS revenue_clients_total_spent, revenue_clients.raw_data AS revenue_clients_raw_data, revenue_clients.last_visit_at AS revenue_clients_last_visit_at, revenue_clients.last_service_name AS revenue_clients_last_service_name, revenue_clients.visit_count AS revenue_clients_visit_count, revenue_clients.is_active AS revenue_clients_is_active, revenue_clients.created_at AS revenue_clients_created_at, revenue_clients.updated_at AS revenue_clients_updated_at 
FROM revenue_clients 
WHERE revenue_clients.altegio_client_id = %(altegio_client_id_1)s::INTEGER 
 LIMIT %(param_1)s::INTEGER
2026-08-01 12:12:09,057 INFO sqlalchemy.engine.Engine [cached since 0.1238s ago] {'altegio_client_id_1': 177234886, 'param_1': 1}
2026-08-01 12:12:09,057 INFO sqlalchemy.engine.Engine SELECT revenue_clients.id AS revenue_clients_id, revenue_clients.altegio_client_id AS revenue_clients_altegio_client_id, revenue_clients.company_id AS revenue_clients_company_id, revenue_clients.full_name AS revenue_clients_full_name, revenue_clients.phone AS revenue_clients_phone, revenue_clients.email AS revenue_clients_email, revenue_clients.birthday AS revenue_clients_birthday, revenue_clients.last_visit_date AS revenue_clients_last_visit_date, revenue_clients.first_visit_date AS revenue_clients_first_visit_date, revenue_clients.master_id AS revenue_clients_master_id, revenue_clients.last_service_id AS revenue_clients_last_service_id, revenue_clients.total_visits AS revenue_clients_total_visits, revenue_clients.total_spent AS revenue_clients_total_spent, revenue_clients.raw_data AS revenue_clients_raw_data, revenue_clients.last_visit_at AS revenue_clients_last_visit_at, revenue_clients.last_service_name AS revenue_clients_last_service_name, revenue_clients.visit_count AS revenue_clients_visit_count, revenue_clients.is_active AS revenue_clients_is_active, revenue_clients.created_at AS revenue_clients_created_at, revenue_clients.updated_at AS revenue_clients_updated_at 
FROM revenue_clients 
WHERE revenue_clients.altegio_client_id = %(altegio_client_id_1)s::INTEGER 
 LIMIT %(param_1)s::INTEGER
2026-08-01 12:12:09,058 INFO sqlalchemy.engine.Engine [cached since 0.1248s ago] {'altegio_client_id_1': 177242096, 'param_1': 1}
2026-08-01 12:12:09,058 INFO sqlalchemy.engine.Engine SELECT revenue_clients.id AS revenue_clients_id, revenue_clients.altegio_client_id AS revenue_clients_altegio_client_id, revenue_clients.company_id AS revenue_clients_company_id, revenue_clients.full_name AS revenue_clients_full_name, revenue_clients.phone AS revenue_clients_phone, revenue_clients.email AS revenue_clients_email, revenue_clients.birthday AS revenue_clients_birthday, revenue_clients.last_visit_date AS revenue_clients_last_visit_date, revenue_clients.first_visit_date AS revenue_clients_first_visit_date, revenue_clients.master_id AS revenue_clients_master_id, revenue_clients.last_service_id AS revenue_clients_last_service_id, revenue_clients.total_visits AS revenue_clients_total_visits, revenue_clients.total_spent AS revenue_clients_total_spent, revenue_clients.raw_data AS revenue_clients_raw_data, revenue_clients.last_visit_at AS revenue_clients_last_visit_at, revenue_clients.last_service_name AS revenue_clients_last_service_name, revenue_clients.visit_count AS revenue_clients_visit_count, revenue_clients.is_active AS revenue_clients_is_active, revenue_clients.created_at AS revenue_clients_created_at, revenue_clients.updated_at AS revenue_clients_updated_at 
FROM revenue_clients 
WHERE revenue_clients.altegio_client_id = %(altegio_client_id_1)s::INTEGER 
 LIMIT %(param_1)s::INTEGER
2026-08-01 12:12:09,058 INFO sqlalchemy.engine.Engine [cached since 0.1257s ago] {'altegio_client_id_1': 177254413, 'param_1': 1}
2026-08-01 12:12:09,059 INFO sqlalchemy.engine.Engine SELECT revenue_clients.id AS revenue_clients_id, revenue_clients.altegio_client_id AS revenue_clients_altegio_client_id, revenue_clients.company_id AS revenue_clients_company_id, revenue_clients.full_name AS revenue_clients_full_name, revenue_clients.phone AS revenue_clients_phone, revenue_clients.email AS revenue_clients_email, revenue_clients.birthday AS revenue_clients_birthday, revenue_clients.last_visit_date AS revenue_clients_last_visit_date, revenue_clients.first_visit_date AS revenue_clients_first_visit_date, revenue_clients.master_id AS revenue_clients_master_id, revenue_clients.last_service_id AS revenue_clients_last_service_id, revenue_clients.total_visits AS revenue_clients_total_visits, revenue_clients.total_spent AS revenue_clients_total_spent, revenue_clients.raw_data AS revenue_clients_raw_data, revenue_clients.last_visit_at AS revenue_clients_last_visit_at, revenue_clients.last_service_name AS revenue_clients_last_service_name, revenue_clients.visit_count AS revenue_clients_visit_count, revenue_clients.is_active AS revenue_clients_is_active, revenue_clients.created_at AS revenue_clients_created_at, revenue_clients.updated_at AS revenue_clients_updated_at 
FROM revenue_clients 
WHERE revenue_clients.altegio_client_id = %(altegio_client_id_1)s::INTEGER 
 LIMIT %(param_1)s::INTEGER
2026-08-01 12:12:09,059 INFO sqlalchemy.engine.Engine [cached since 0.1266s ago] {'altegio_client_id_1': 177254497, 'param_1': 1}
2026-08-01 12:12:09,060 INFO sqlalchemy.engine.Engine SELECT revenue_clients.id AS revenue_clients_id, revenue_clients.altegio_client_id AS revenue_clients_altegio_client_id, revenue_clients.company_id AS revenue_clients_company_id, revenue_clients.full_name AS revenue_clients_full_name, revenue_clients.phone AS revenue_clients_phone, revenue_clients.email AS revenue_clients_email, revenue_clients.birthday AS revenue_clients_birthday, revenue_clients.last_visit_date AS revenue_clients_last_visit_date, revenue_clients.first_visit_date AS revenue_clients_first_visit_date, revenue_clients.master_id AS revenue_clients_master_id, revenue_clients.last_service_id AS revenue_clients_last_service_id, revenue_clients.total_visits AS revenue_clients_total_visits, revenue_clients.total_spent AS revenue_clients_total_spent, revenue_clients.raw_data AS revenue_clients_raw_data, revenue_clients.last_visit_at AS revenue_clients_last_visit_at, revenue_clients.last_service_name AS revenue_clients_last_service_name, revenue_clients.visit_count AS revenue_clients_visit_count, revenue_clients.is_active AS revenue_clients_is_active, revenue_clients.created_at AS revenue_clients_created_at, revenue_clients.updated_at AS revenue_clients_updated_at 
FROM revenue_clients 
WHERE revenue_clients.altegio_client_id = %(altegio_client_id_1)s::INTEGER 
 LIMIT %(param_1)s::INTEGER
2026-08-01 12:12:09,060 INFO sqlalchemy.engine.Engine [cached since 0.1275s ago] {'altegio_client_id_1': 177512887, 'param_1': 1}
2026-08-01 12:12:09,061 INFO sqlalchemy.engine.Engine SELECT revenue_clients.id AS revenue_clients_id, revenue_clients.altegio_client_id AS revenue_clients_altegio_client_id, revenue_clients.company_id AS revenue_clients_company_id, revenue_clients.full_name AS revenue_clients_full_name, revenue_clients.phone AS revenue_clients_phone, revenue_clients.email AS revenue_clients_email, revenue_clients.birthday AS revenue_clients_birthday, revenue_clients.last_visit_date AS revenue_clients_last_visit_date, revenue_clients.first_visit_date AS revenue_clients_first_visit_date, revenue_clients.master_id AS revenue_clients_master_id, revenue_clients.last_service_id AS revenue_clients_last_service_id, revenue_clients.total_visits AS revenue_clients_total_visits, revenue_clients.total_spent AS revenue_clients_total_spent, revenue_clients.raw_data AS revenue_clients_raw_data, revenue_clients.last_visit_at AS revenue_clients_last_visit_at, revenue_clients.last_service_name AS revenue_clients_last_service_name, revenue_clients.visit_count AS revenue_clients_visit_count, revenue_clients.is_active AS revenue_clients_is_active, revenue_clients.created_at AS revenue_clients_created_at, revenue_clients.updated_at AS revenue_clients_updated_at 
FROM revenue_clients 
WHERE revenue_clients.altegio_client_id = %(altegio_client_id_1)s::INTEGER 
 LIMIT %(param_1)s::INTEGER
2026-08-01 12:12:09,061 INFO sqlalchemy.engine.Engine [cached since 0.1284s ago] {'altegio_client_id_1': 177600134, 'param_1': 1}
2026-08-01 12:12:09,062 INFO sqlalchemy.engine.Engine SELECT revenue_clients.id AS revenue_clients_id, revenue_clients.altegio_client_id AS revenue_clients_altegio_client_id, revenue_clients.company_id AS revenue_clients_company_id, revenue_clients.full_name AS revenue_clients_full_name, revenue_clients.phone AS revenue_clients_phone, revenue_clients.email AS revenue_clients_email, revenue_clients.birthday AS revenue_clients_birthday, revenue_clients.last_visit_date AS revenue_clients_last_visit_date, revenue_clients.first_visit_date AS revenue_clients_first_visit_date, revenue_clients.master_id AS revenue_clients_master_id, revenue_clients.last_service_id AS revenue_clients_last_service_id, revenue_clients.total_visits AS revenue_clients_total_visits, revenue_clients.total_spent AS revenue_clients_total_spent, revenue_clients.raw_data AS revenue_clients_raw_data, revenue_clients.last_visit_at AS revenue_clients_last_visit_at, revenue_clients.last_service_name AS revenue_clients_last_service_name, revenue_clients.visit_count AS revenue_clients_visit_count, revenue_clients.is_active AS revenue_clients_is_active, revenue_clients.created_at AS revenue_clients_created_at, revenue_clients.updated_at AS revenue_clients_updated_at 
FROM revenue_clients 
WHERE revenue_clients.altegio_client_id = %(altegio_client_id_1)s::INTEGER 
 LIMIT %(param_1)s::INTEGER
2026-08-01 12:12:09,062 INFO sqlalchemy.engine.Engine [cached since 0.1293s ago] {'altegio_client_id_1': 177603709, 'param_1': 1}
2026-08-01 12:12:09,063 INFO sqlalchemy.engine.Engine SELECT revenue_clients.id AS revenue_clients_id, revenue_clients.altegio_client_id AS revenue_clients_altegio_client_id, revenue_clients.company_id AS revenue_clients_company_id, revenue_clients.full_name AS revenue_clients_full_name, revenue_clients.phone AS revenue_clients_phone, revenue_clients.email AS revenue_clients_email, revenue_clients.birthday AS revenue_clients_birthday, revenue_clients.last_visit_date AS revenue_clients_last_visit_date, revenue_clients.first_visit_date AS revenue_clients_first_visit_date, revenue_clients.master_id AS revenue_clients_master_id, revenue_clients.last_service_id AS revenue_clients_last_service_id, revenue_clients.total_visits AS revenue_clients_total_visits, revenue_clients.total_spent AS revenue_clients_total_spent, revenue_clients.raw_data AS revenue_clients_raw_data, revenue_clients.last_visit_at AS revenue_clients_last_visit_at, revenue_clients.last_service_name AS revenue_clients_last_service_name, revenue_clients.visit_count AS revenue_clients_visit_count, revenue_clients.is_active AS revenue_clients_is_active, revenue_clients.created_at AS revenue_clients_created_at, revenue_clients.updated_at AS revenue_clients_updated_at 
FROM revenue_clients 
WHERE revenue_clients.altegio_client_id = %(altegio_client_id_1)s::INTEGER 
 LIMIT %(param_1)s::INTEGER
2026-08-01 12:12:09,063 INFO sqlalchemy.engine.Engine [cached since 0.1302s ago] {'altegio_client_id_1': 177615152, 'param_1': 1}
2026-08-01 12:12:09,064 INFO sqlalchemy.engine.Engine SELECT revenue_clients.id AS revenue_clients_id, revenue_clients.altegio_client_id AS revenue_clients_altegio_client_id, revenue_clients.company_id AS revenue_clients_company_id, revenue_clients.full_name AS revenue_clients_full_name, revenue_clients.phone AS revenue_clients_phone, revenue_clients.email AS revenue_clients_email, revenue_clients.birthday AS revenue_clients_birthday, revenue_clients.last_visit_date AS revenue_clients_last_visit_date, revenue_clients.first_visit_date AS revenue_clients_first_visit_date, revenue_clients.master_id AS revenue_clients_master_id, revenue_clients.last_service_id AS revenue_clients_last_service_id, revenue_clients.total_visits AS revenue_clients_total_visits, revenue_clients.total_spent AS revenue_clients_total_spent, revenue_clients.raw_data AS revenue_clients_raw_data, revenue_clients.last_visit_at AS revenue_clients_last_visit_at, revenue_clients.last_service_name AS revenue_clients_last_service_name, revenue_clients.visit_count AS revenue_clients_visit_count, revenue_clients.is_active AS revenue_clients_is_active, revenue_clients.created_at AS revenue_clients_created_at, revenue_clients.updated_at AS revenue_clients_updated_at 
FROM revenue_clients 
WHERE revenue_clients.altegio_client_id = %(altegio_client_id_1)s::INTEGER 
 LIMIT %(param_1)s::INTEGER
2026-08-01 12:12:09,064 INFO sqlalchemy.engine.Engine [cached since 0.1311s ago] {'altegio_client_id_1': 177624073, 'param_1': 1}
2026-08-01 12:12:09,065 INFO sqlalchemy.engine.Engine SELECT revenue_clients.id AS revenue_clients_id, revenue_clients.altegio_client_id AS revenue_clients_altegio_client_id, revenue_clients.company_id AS revenue_clients_company_id, revenue_clients.full_name AS revenue_clients_full_name, revenue_clients.phone AS revenue_clients_phone, revenue_clients.email AS revenue_clients_email, revenue_clients.birthday AS revenue_clients_birthday, revenue_clients.last_visit_date AS revenue_clients_last_visit_date, revenue_clients.first_visit_date AS revenue_clients_first_visit_date, revenue_clients.master_id AS revenue_clients_master_id, revenue_clients.last_service_id AS revenue_clients_last_service_id, revenue_clients.total_visits AS revenue_clients_total_visits, revenue_clients.total_spent AS revenue_clients_total_spent, revenue_clients.raw_data AS revenue_clients_raw_data, revenue_clients.last_visit_at AS revenue_clients_last_visit_at, revenue_clients.last_service_name AS revenue_clients_last_service_name, revenue_clients.visit_count AS revenue_clients_visit_count, revenue_clients.is_active AS revenue_clients_is_active, revenue_clients.created_at AS revenue_clients_created_at, revenue_clients.updated_at AS revenue_clients_updated_at 
FROM revenue_clients 
WHERE revenue_clients.altegio_client_id = %(altegio_client_id_1)s::INTEGER 
 LIMIT %(param_1)s::INTEGER
2026-08-01 12:12:09,065 INFO sqlalchemy.engine.Engine [cached since 0.132s ago] {'altegio_client_id_1': 177684342, 'param_1': 1}
2026-08-01 12:12:09,066 INFO sqlalchemy.engine.Engine SELECT revenue_clients.id AS revenue_clients_id, revenue_clients.altegio_client_id AS revenue_clients_altegio_client_id, revenue_clients.company_id AS revenue_clients_company_id, revenue_clients.full_name AS revenue_clients_full_name, revenue_clients.phone AS revenue_clients_phone, revenue_clients.email AS revenue_clients_email, revenue_clients.birthday AS revenue_clients_birthday, revenue_clients.last_visit_date AS revenue_clients_last_visit_date, revenue_clients.first_visit_date AS revenue_clients_first_visit_date, revenue_clients.master_id AS revenue_clients_master_id, revenue_clients.last_service_id AS revenue_clients_last_service_id, revenue_clients.total_visits AS revenue_clients_total_visits, revenue_clients.total_spent AS revenue_clients_total_spent, revenue_clients.raw_data AS revenue_clients_raw_data, revenue_clients.last_visit_at AS revenue_clients_last_visit_at, revenue_clients.last_service_name AS revenue_clients_last_service_name, revenue_clients.visit_count AS revenue_clients_visit_count, revenue_clients.is_active AS revenue_clients_is_active, revenue_clients.created_at AS revenue_clients_created_at, revenue_clients.updated_at AS revenue_clients_updated_at 
FROM revenue_clients 
WHERE revenue_clients.altegio_client_id = %(altegio_client_id_1)s::INTEGER 
 LIMIT %(param_1)s::INTEGER
2026-08-01 12:12:09,066 INFO sqlalchemy.engine.Engine [cached since 0.1329s ago] {'altegio_client_id_1': 177684578, 'param_1': 1}
2026-08-01 12:12:09,066 INFO sqlalchemy.engine.Engine SELECT revenue_clients.id AS revenue_clients_id, revenue_clients.altegio_client_id AS revenue_clients_altegio_client_id, revenue_clients.company_id AS revenue_clients_company_id, revenue_clients.full_name AS revenue_clients_full_name, revenue_clients.phone AS revenue_clients_phone, revenue_clients.email AS revenue_clients_email, revenue_clients.birthday AS revenue_clients_birthday, revenue_clients.last_visit_date AS revenue_clients_last_visit_date, revenue_clients.first_visit_date AS revenue_clients_first_visit_date, revenue_clients.master_id AS revenue_clients_master_id, revenue_clients.last_service_id AS revenue_clients_last_service_id, revenue_clients.total_visits AS revenue_clients_total_visits, revenue_clients.total_spent AS revenue_clients_total_spent, revenue_clients.raw_data AS revenue_clients_raw_data, revenue_clients.last_visit_at AS revenue_clients_last_visit_at, revenue_clients.last_service_name AS revenue_clients_last_service_name, revenue_clients.visit_count AS revenue_clients_visit_count, revenue_clients.is_active AS revenue_clients_is_active, revenue_clients.created_at AS revenue_clients_created_at, revenue_clients.updated_at AS revenue_clients_updated_at 
FROM revenue_clients 
WHERE revenue_clients.altegio_client_id = %(altegio_client_id_1)s::INTEGER 
 LIMIT %(param_1)s::INTEGER
2026-08-01 12:12:09,067 INFO sqlalchemy.engine.Engine [cached since 0.1338s ago] {'altegio_client_id_1': 177695782, 'param_1': 1}
2026-08-01 12:12:09,067 INFO sqlalchemy.engine.Engine SELECT revenue_clients.id AS revenue_clients_id, revenue_clients.altegio_client_id AS revenue_clients_altegio_client_id, revenue_clients.company_id AS revenue_clients_company_id, revenue_clients.full_name AS revenue_clients_full_name, revenue_clients.phone AS revenue_clients_phone, revenue_clients.email AS revenue_clients_email, revenue_clients.birthday AS revenue_clients_birthday, revenue_clients.last_visit_date AS revenue_clients_last_visit_date, revenue_clients.first_visit_date AS revenue_clients_first_visit_date, revenue_clients.master_id AS revenue_clients_master_id, revenue_clients.last_service_id AS revenue_clients_last_service_id, revenue_clients.total_visits AS revenue_clients_total_visits, revenue_clients.total_spent AS revenue_clients_total_spent, revenue_clients.raw_data AS revenue_clients_raw_data, revenue_clients.last_visit_at AS revenue_clients_last_visit_at, revenue_clients.last_service_name AS revenue_clients_last_service_name, revenue_clients.visit_count AS revenue_clients_visit_count, revenue_clients.is_active AS revenue_clients_is_active, revenue_clients.created_at AS revenue_clients_created_at, revenue_clients.updated_at AS revenue_clients_updated_at 
FROM revenue_clients 
WHERE revenue_clients.altegio_client_id = %(altegio_client_id_1)s::INTEGER 
 LIMIT %(param_1)s::INTEGER
2026-08-01 12:12:09,067 INFO sqlalchemy.engine.Engine [cached since 0.1347s ago] {'altegio_client_id_1': 177701818, 'param_1': 1}
2026-08-01 12:12:09,068 INFO sqlalchemy.engine.Engine SELECT revenue_clients.id AS revenue_clients_id, revenue_clients.altegio_client_id AS revenue_clients_altegio_client_id, revenue_clients.company_id AS revenue_clients_company_id, revenue_clients.full_name AS revenue_clients_full_name, revenue_clients.phone AS revenue_clients_phone, revenue_clients.email AS revenue_clients_email, revenue_clients.birthday AS revenue_clients_birthday, revenue_clients.last_visit_date AS revenue_clients_last_visit_date, revenue_clients.first_visit_date AS revenue_clients_first_visit_date, revenue_clients.master_id AS revenue_clients_master_id, revenue_clients.last_service_id AS revenue_clients_last_service_id, revenue_clients.total_visits AS revenue_clients_total_visits, revenue_clients.total_spent AS revenue_clients_total_spent, revenue_clients.raw_data AS revenue_clients_raw_data, revenue_clients.last_visit_at AS revenue_clients_last_visit_at, revenue_clients.last_service_name AS revenue_clients_last_service_name, revenue_clients.visit_count AS revenue_clients_visit_count, revenue_clients.is_active AS revenue_clients_is_active, revenue_clients.created_at AS revenue_clients_created_at, revenue_clients.updated_at AS revenue_clients_updated_at 
FROM revenue_clients 
WHERE revenue_clients.altegio_client_id = %(altegio_client_id_1)s::INTEGER 
 LIMIT %(param_1)s::INTEGER
2026-08-01 12:12:09,069 INFO sqlalchemy.engine.Engine [cached since 0.1358s ago] {'altegio_client_id_1': 177720675, 'param_1': 1}
2026-08-01 12:12:09,070 INFO sqlalchemy.engine.Engine SELECT revenue_clients.id AS revenue_clients_id, revenue_clients.altegio_client_id AS revenue_clients_altegio_client_id, revenue_clients.company_id AS revenue_clients_company_id, revenue_clients.full_name AS revenue_clients_full_name, revenue_clients.phone AS revenue_clients_phone, revenue_clients.email AS revenue_clients_email, revenue_clients.birthday AS revenue_clients_birthday, revenue_clients.last_visit_date AS revenue_clients_last_visit_date, revenue_clients.first_visit_date AS revenue_clients_first_visit_date, revenue_clients.master_id AS revenue_clients_master_id, revenue_clients.last_service_id AS revenue_clients_last_service_id, revenue_clients.total_visits AS revenue_clients_total_visits, revenue_clients.total_spent AS revenue_clients_total_spent, revenue_clients.raw_data AS revenue_clients_raw_data, revenue_clients.last_visit_at AS revenue_clients_last_visit_at, revenue_clients.last_service_name AS revenue_clients_last_service_name, revenue_clients.visit_count AS revenue_clients_visit_count, revenue_clients.is_active AS revenue_clients_is_active, revenue_clients.created_at AS revenue_clients_created_at, revenue_clients.updated_at AS revenue_clients_updated_at 
FROM revenue_clients 
WHERE revenue_clients.altegio_client_id = %(altegio_client_id_1)s::INTEGER 
 LIMIT %(param_1)s::INTEGER
2026-08-01 12:12:09,070 INFO sqlalchemy.engine.Engine [cached since 0.137s ago] {'altegio_client_id_1': 177722323, 'param_1': 1}
2026-08-01 12:12:09,071 INFO sqlalchemy.engine.Engine SELECT revenue_clients.id AS revenue_clients_id, revenue_clients.altegio_client_id AS revenue_clients_altegio_client_id, revenue_clients.company_id AS revenue_clients_company_id, revenue_clients.full_name AS revenue_clients_full_name, revenue_clients.phone AS revenue_clients_phone, revenue_clients.email AS revenue_clients_email, revenue_clients.birthday AS revenue_clients_birthday, revenue_clients.last_visit_date AS revenue_clients_last_visit_date, revenue_clients.first_visit_date AS revenue_clients_first_visit_date, revenue_clients.master_id AS revenue_clients_master_id, revenue_clients.last_service_id AS revenue_clients_last_service_id, revenue_clients.total_visits AS revenue_clients_total_visits, revenue_clients.total_spent AS revenue_clients_total_spent, revenue_clients.raw_data AS revenue_clients_raw_data, revenue_clients.last_visit_at AS revenue_clients_last_visit_at, revenue_clients.last_service_name AS revenue_clients_last_service_name, revenue_clients.visit_count AS revenue_clients_visit_count, revenue_clients.is_active AS revenue_clients_is_active, revenue_clients.created_at AS revenue_clients_created_at, revenue_clients.updated_at AS revenue_clients_updated_at 
FROM revenue_clients 
WHERE revenue_clients.altegio_client_id = %(altegio_client_id_1)s::INTEGER 
 LIMIT %(param_1)s::INTEGER
2026-08-01 12:12:09,071 INFO sqlalchemy.engine.Engine [cached since 0.1381s ago] {'altegio_client_id_1': 177736740, 'param_1': 1}
2026-08-01 12:12:09,072 INFO sqlalchemy.engine.Engine SELECT revenue_clients.id AS revenue_clients_id, revenue_clients.altegio_client_id AS revenue_clients_altegio_client_id, revenue_clients.company_id AS revenue_clients_company_id, revenue_clients.full_name AS revenue_clients_full_name, revenue_clients.phone AS revenue_clients_phone, revenue_clients.email AS revenue_clients_email, revenue_clients.birthday AS revenue_clients_birthday, revenue_clients.last_visit_date AS revenue_clients_last_visit_date, revenue_clients.first_visit_date AS revenue_clients_first_visit_date, revenue_clients.master_id AS revenue_clients_master_id, revenue_clients.last_service_id AS revenue_clients_last_service_id, revenue_clients.total_visits AS revenue_clients_total_visits, revenue_clients.total_spent AS revenue_clients_total_spent, revenue_clients.raw_data AS revenue_clients_raw_data, revenue_clients.last_visit_at AS revenue_clients_last_visit_at, revenue_clients.last_service_name AS revenue_clients_last_service_name, revenue_clients.visit_count AS revenue_clients_visit_count, revenue_clients.is_active AS revenue_clients_is_active, revenue_clients.created_at AS revenue_clients_created_at, revenue_clients.updated_at AS revenue_clients_updated_at 
FROM revenue_clients 
WHERE revenue_clients.altegio_client_id = %(altegio_client_id_1)s::INTEGER 
 LIMIT %(param_1)s::INTEGER
2026-08-01 12:12:09,072 INFO sqlalchemy.engine.Engine [cached since 0.1391s ago] {'altegio_client_id_1': 177761318, 'param_1': 1}
2026-08-01 12:12:09,073 INFO sqlalchemy.engine.Engine SELECT revenue_clients.id AS revenue_clients_id, revenue_clients.altegio_client_id AS revenue_clients_altegio_client_id, revenue_clients.company_id AS revenue_clients_company_id, revenue_clients.full_name AS revenue_clients_full_name, revenue_clients.phone AS revenue_clients_phone, revenue_clients.email AS revenue_clients_email, revenue_clients.birthday AS revenue_clients_birthday, revenue_clients.last_visit_date AS revenue_clients_last_visit_date, revenue_clients.first_visit_date AS revenue_clients_first_visit_date, revenue_clients.master_id AS revenue_clients_master_id, revenue_clients.last_service_id AS revenue_clients_last_service_id, revenue_clients.total_visits AS revenue_clients_total_visits, revenue_clients.total_spent AS revenue_clients_total_spent, revenue_clients.raw_data AS revenue_clients_raw_data, revenue_clients.last_visit_at AS revenue_clients_last_visit_at, revenue_clients.last_service_name AS revenue_clients_last_service_name, revenue_clients.visit_count AS revenue_clients_visit_count, revenue_clients.is_active AS revenue_clients_is_active, revenue_clients.created_at AS revenue_clients_created_at, revenue_clients.updated_at AS revenue_clients_updated_at 
FROM revenue_clients 
WHERE revenue_clients.altegio_client_id = %(altegio_client_id_1)s::INTEGER 
 LIMIT %(param_1)s::INTEGER
2026-08-01 12:12:09,073 INFO sqlalchemy.engine.Engine [cached since 0.14s ago] {'altegio_client_id_1': 177769174, 'param_1': 1}
2026-08-01 12:12:09,074 INFO sqlalchemy.engine.Engine SELECT revenue_clients.id AS revenue_clients_id, revenue_clients.altegio_client_id AS revenue_clients_altegio_client_id, revenue_clients.company_id AS revenue_clients_company_id, revenue_clients.full_name AS revenue_clients_full_name, revenue_clients.phone AS revenue_clients_phone, revenue_clients.email AS revenue_clients_email, revenue_clients.birthday AS revenue_clients_birthday, revenue_clients.last_visit_date AS revenue_clients_last_visit_date, revenue_clients.first_visit_date AS revenue_clients_first_visit_date, revenue_clients.master_id AS revenue_clients_master_id, revenue_clients.last_service_id AS revenue_clients_last_service_id, revenue_clients.total_visits AS revenue_clients_total_visits, revenue_clients.total_spent AS revenue_clients_total_spent, revenue_clients.raw_data AS revenue_clients_raw_data, revenue_clients.last_visit_at AS revenue_clients_last_visit_at, revenue_clients.last_service_name AS revenue_clients_last_service_name, revenue_clients.visit_count AS revenue_clients_visit_count, revenue_clients.is_active AS revenue_clients_is_active, revenue_clients.created_at AS revenue_clients_created_at, revenue_clients.updated_at AS revenue_clients_updated_at 
FROM revenue_clients 
WHERE revenue_clients.altegio_client_id = %(altegio_client_id_1)s::INTEGER 
 LIMIT %(param_1)s::INTEGER
2026-08-01 12:12:09,074 INFO sqlalchemy.engine.Engine [cached since 0.1409s ago] {'altegio_client_id_1': 177769244, 'param_1': 1}
2026-08-01 12:12:09,074 INFO sqlalchemy.engine.Engine SELECT revenue_clients.id AS revenue_clients_id, revenue_clients.altegio_client_id AS revenue_clients_altegio_client_id, revenue_clients.company_id AS revenue_clients_company_id, revenue_clients.full_name AS revenue_clients_full_name, revenue_clients.phone AS revenue_clients_phone, revenue_clients.email AS revenue_clients_email, revenue_clients.birthday AS revenue_clients_birthday, revenue_clients.last_visit_date AS revenue_clients_last_visit_date, revenue_clients.first_visit_date AS revenue_clients_first_visit_date, revenue_clients.master_id AS revenue_clients_master_id, revenue_clients.last_service_id AS revenue_clients_last_service_id, revenue_clients.total_visits AS revenue_clients_total_visits, revenue_clients.total_spent AS revenue_clients_total_spent, revenue_clients.raw_data AS revenue_clients_raw_data, revenue_clients.last_visit_at AS revenue_clients_last_visit_at, revenue_clients.last_service_name AS revenue_clients_last_service_name, revenue_clients.visit_count AS revenue_clients_visit_count, revenue_clients.is_active AS revenue_clients_is_active, revenue_clients.created_at AS revenue_clients_created_at, revenue_clients.updated_at AS revenue_clients_updated_at 
FROM revenue_clients 
WHERE revenue_clients.altegio_client_id = %(altegio_client_id_1)s::INTEGER 
 LIMIT %(param_1)s::INTEGER
2026-08-01 12:12:09,075 INFO sqlalchemy.engine.Engine [cached since 0.1418s ago] {'altegio_client_id_1': 177776977, 'param_1': 1}
2026-08-01 12:12:09,075 INFO sqlalchemy.engine.Engine SELECT revenue_clients.id AS revenue_clients_id, revenue_clients.altegio_client_id AS revenue_clients_altegio_client_id, revenue_clients.company_id AS revenue_clients_company_id, revenue_clients.full_name AS revenue_clients_full_name, revenue_clients.phone AS revenue_clients_phone, revenue_clients.email AS revenue_clients_email, revenue_clients.birthday AS revenue_clients_birthday, revenue_clients.last_visit_date AS revenue_clients_last_visit_date, revenue_clients.first_visit_date AS revenue_clients_first_visit_date, revenue_clients.master_id AS revenue_clients_master_id, revenue_clients.last_service_id AS revenue_clients_last_service_id, revenue_clients.total_visits AS revenue_clients_total_visits, revenue_clients.total_spent AS revenue_clients_total_spent, revenue_clients.raw_data AS revenue_clients_raw_data, revenue_clients.last_visit_at AS revenue_clients_last_visit_at, revenue_clients.last_service_name AS revenue_clients_last_service_name, revenue_clients.visit_count AS revenue_clients_visit_count, revenue_clients.is_active AS revenue_clients_is_active, revenue_clients.created_at AS revenue_clients_created_at, revenue_clients.updated_at AS revenue_clients_updated_at 
FROM revenue_clients 
WHERE revenue_clients.altegio_client_id = %(altegio_client_id_1)s::INTEGER 
 LIMIT %(param_1)s::INTEGER
2026-08-01 12:12:09,075 INFO sqlalchemy.engine.Engine [cached since 0.1427s ago] {'altegio_client_id_1': 177780180, 'param_1': 1}
2026-08-01 12:12:09,076 INFO sqlalchemy.engine.Engine SELECT revenue_clients.id AS revenue_clients_id, revenue_clients.altegio_client_id AS revenue_clients_altegio_client_id, revenue_clients.company_id AS revenue_clients_company_id, revenue_clients.full_name AS revenue_clients_full_name, revenue_clients.phone AS revenue_clients_phone, revenue_clients.email AS revenue_clients_email, revenue_clients.birthday AS revenue_clients_birthday, revenue_clients.last_visit_date AS revenue_clients_last_visit_date, revenue_clients.first_visit_date AS revenue_clients_first_visit_date, revenue_clients.master_id AS revenue_clients_master_id, revenue_clients.last_service_id AS revenue_clients_last_service_id, revenue_clients.total_visits AS revenue_clients_total_visits, revenue_clients.total_spent AS revenue_clients_total_spent, revenue_clients.raw_data AS revenue_clients_raw_data, revenue_clients.last_visit_at AS revenue_clients_last_visit_at, revenue_clients.last_service_name AS revenue_clients_last_service_name, revenue_clients.visit_count AS revenue_clients_visit_count, revenue_clients.is_active AS revenue_clients_is_active, revenue_clients.created_at AS revenue_clients_created_at, revenue_clients.updated_at AS revenue_clients_updated_at 
FROM revenue_clients 
WHERE revenue_clients.altegio_client_id = %(altegio_client_id_1)s::INTEGER 
 LIMIT %(param_1)s::INTEGER
2026-08-01 12:12:09,076 INFO sqlalchemy.engine.Engine [cached since 0.1437s ago] {'altegio_client_id_1': 177784390, 'param_1': 1}
2026-08-01 12:12:09,077 INFO sqlalchemy.engine.Engine SELECT revenue_clients.id AS revenue_clients_id, revenue_clients.altegio_client_id AS revenue_clients_altegio_client_id, revenue_clients.company_id AS revenue_clients_company_id, revenue_clients.full_name AS revenue_clients_full_name, revenue_clients.phone AS revenue_clients_phone, revenue_clients.email AS revenue_clients_email, revenue_clients.birthday AS revenue_clients_birthday, revenue_clients.last_visit_date AS revenue_clients_last_visit_date, revenue_clients.first_visit_date AS revenue_clients_first_visit_date, revenue_clients.master_id AS revenue_clients_master_id, revenue_clients.last_service_id AS revenue_clients_last_service_id, revenue_clients.total_visits AS revenue_clients_total_visits, revenue_clients.total_spent AS revenue_clients_total_spent, revenue_clients.raw_data AS revenue_clients_raw_data, revenue_clients.last_visit_at AS revenue_clients_last_visit_at, revenue_clients.last_service_name AS revenue_clients_last_service_name, revenue_clients.visit_count AS revenue_clients_visit_count, revenue_clients.is_active AS revenue_clients_is_active, revenue_clients.created_at AS revenue_clients_created_at, revenue_clients.updated_at AS revenue_clients_updated_at 
FROM revenue_clients 
WHERE revenue_clients.altegio_client_id = %(altegio_client_id_1)s::INTEGER 
 LIMIT %(param_1)s::INTEGER
2026-08-01 12:12:09,077 INFO sqlalchemy.engine.Engine [cached since 0.1447s ago] {'altegio_client_id_1': 177808767, 'param_1': 1}
2026-08-01 12:12:09,078 INFO sqlalchemy.engine.Engine SELECT revenue_clients.id AS revenue_clients_id, revenue_clients.altegio_client_id AS revenue_clients_altegio_client_id, revenue_clients.company_id AS revenue_clients_company_id, revenue_clients.full_name AS revenue_clients_full_name, revenue_clients.phone AS revenue_clients_phone, revenue_clients.email AS revenue_clients_email, revenue_clients.birthday AS revenue_clients_birthday, revenue_clients.last_visit_date AS revenue_clients_last_visit_date, revenue_clients.first_visit_date AS revenue_clients_first_visit_date, revenue_clients.master_id AS revenue_clients_master_id, revenue_clients.last_service_id AS revenue_clients_last_service_id, revenue_clients.total_visits AS revenue_clients_total_visits, revenue_clients.total_spent AS revenue_clients_total_spent, revenue_clients.raw_data AS revenue_clients_raw_data, revenue_clients.last_visit_at AS revenue_clients_last_visit_at, revenue_clients.last_service_name AS revenue_clients_last_service_name, revenue_clients.visit_count AS revenue_clients_visit_count, revenue_clients.is_active AS revenue_clients_is_active, revenue_clients.created_at AS revenue_clients_created_at, revenue_clients.updated_at AS revenue_clients_updated_at 
FROM revenue_clients 
WHERE revenue_clients.altegio_client_id = %(altegio_client_id_1)s::INTEGER 
 LIMIT %(param_1)s::INTEGER
2026-08-01 12:12:09,078 INFO sqlalchemy.engine.Engine [cached since 0.1455s ago] {'altegio_client_id_1': 177820167, 'param_1': 1}
2026-08-01 12:12:09,079 INFO sqlalchemy.engine.Engine SELECT revenue_clients.id AS revenue_clients_id, revenue_clients.altegio_client_id AS revenue_clients_altegio_client_id, revenue_clients.company_id AS revenue_clients_company_id, revenue_clients.full_name AS revenue_clients_full_name, revenue_clients.phone AS revenue_clients_phone, revenue_clients.email AS revenue_clients_email, revenue_clients.birthday AS revenue_clients_birthday, revenue_clients.last_visit_date AS revenue_clients_last_visit_date, revenue_clients.first_visit_date AS revenue_clients_first_visit_date, revenue_clients.master_id AS revenue_clients_master_id, revenue_clients.last_service_id AS revenue_clients_last_service_id, revenue_clients.total_visits AS revenue_clients_total_visits, revenue_clients.total_spent AS revenue_clients_total_spent, revenue_clients.raw_data AS revenue_clients_raw_data, revenue_clients.last_visit_at AS revenue_clients_last_visit_at, revenue_clients.last_service_name AS revenue_clients_last_service_name, revenue_clients.visit_count AS revenue_clients_visit_count, revenue_clients.is_active AS revenue_clients_is_active, revenue_clients.created_at AS revenue_clients_created_at, revenue_clients.updated_at AS revenue_clients_updated_at 
FROM revenue_clients 
WHERE revenue_clients.altegio_client_id = %(altegio_client_id_1)s::INTEGER 
 LIMIT %(param_1)s::INTEGER
2026-08-01 12:12:09,079 INFO sqlalchemy.engine.Engine [cached since 0.1464s ago] {'altegio_client_id_1': 177848983, 'param_1': 1}
2026-08-01 12:12:09,080 INFO sqlalchemy.engine.Engine SELECT revenue_clients.id AS revenue_clients_id, revenue_clients.altegio_client_id AS revenue_clients_altegio_client_id, revenue_clients.company_id AS revenue_clients_company_id, revenue_clients.full_name AS revenue_clients_full_name, revenue_clients.phone AS revenue_clients_phone, revenue_clients.email AS revenue_clients_email, revenue_clients.birthday AS revenue_clients_birthday, revenue_clients.last_visit_date AS revenue_clients_last_visit_date, revenue_clients.first_visit_date AS revenue_clients_first_visit_date, revenue_clients.master_id AS revenue_clients_master_id, revenue_clients.last_service_id AS revenue_clients_last_service_id, revenue_clients.total_visits AS revenue_clients_total_visits, revenue_clients.total_spent AS revenue_clients_total_spent, revenue_clients.raw_data AS revenue_clients_raw_data, revenue_clients.last_visit_at AS revenue_clients_last_visit_at, revenue_clients.last_service_name AS revenue_clients_last_service_name, revenue_clients.visit_count AS revenue_clients_visit_count, revenue_clients.is_active AS revenue_clients_is_active, revenue_clients.created_at AS revenue_clients_created_at, revenue_clients.updated_at AS revenue_clients_updated_at 
FROM revenue_clients 
WHERE revenue_clients.altegio_client_id = %(altegio_client_id_1)s::INTEGER 
 LIMIT %(param_1)s::INTEGER
2026-08-01 12:12:09,080 INFO sqlalchemy.engine.Engine [cached since 0.1472s ago] {'altegio_client_id_1': 177857379, 'param_1': 1}
2026-08-01 12:12:09,081 INFO sqlalchemy.engine.Engine SELECT revenue_clients.id AS revenue_clients_id, revenue_clients.altegio_client_id AS revenue_clients_altegio_client_id, revenue_clients.company_id AS revenue_clients_company_id, revenue_clients.full_name AS revenue_clients_full_name, revenue_clients.phone AS revenue_clients_phone, revenue_clients.email AS revenue_clients_email, revenue_clients.birthday AS revenue_clients_birthday, revenue_clients.last_visit_date AS revenue_clients_last_visit_date, revenue_clients.first_visit_date AS revenue_clients_first_visit_date, revenue_clients.master_id AS revenue_clients_master_id, revenue_clients.last_service_id AS revenue_clients_last_service_id, revenue_clients.total_visits AS revenue_clients_total_visits, revenue_clients.total_spent AS revenue_clients_total_spent, revenue_clients.raw_data AS revenue_clients_raw_data, revenue_clients.last_visit_at AS revenue_clients_last_visit_at, revenue_clients.last_service_name AS revenue_clients_last_service_name, revenue_clients.visit_count AS revenue_clients_visit_count, revenue_clients.is_active AS revenue_clients_is_active, revenue_clients.created_at AS revenue_clients_created_at, revenue_clients.updated_at AS revenue_clients_updated_at 
FROM revenue_clients 
WHERE revenue_clients.altegio_client_id = %(altegio_client_id_1)s::INTEGER 
 LIMIT %(param_1)s::INTEGER
2026-08-01 12:12:09,081 INFO sqlalchemy.engine.Engine [cached since 0.1482s ago] {'altegio_client_id_1': 177889450, 'param_1': 1}
2026-08-01 12:12:09,082 INFO sqlalchemy.engine.Engine SELECT revenue_clients.id AS revenue_clients_id, revenue_clients.altegio_client_id AS revenue_clients_altegio_client_id, revenue_clients.company_id AS revenue_clients_company_id, revenue_clients.full_name AS revenue_clients_full_name, revenue_clients.phone AS revenue_clients_phone, revenue_clients.email AS revenue_clients_email, revenue_clients.birthday AS revenue_clients_birthday, revenue_clients.last_visit_date AS revenue_clients_last_visit_date, revenue_clients.first_visit_date AS revenue_clients_first_visit_date, revenue_clients.master_id AS revenue_clients_master_id, revenue_clients.last_service_id AS revenue_clients_last_service_id, revenue_clients.total_visits AS revenue_clients_total_visits, revenue_clients.total_spent AS revenue_clients_total_spent, revenue_clients.raw_data AS revenue_clients_raw_data, revenue_clients.last_visit_at AS revenue_clients_last_visit_at, revenue_clients.last_service_name AS revenue_clients_last_service_name, revenue_clients.visit_count AS revenue_clients_visit_count, revenue_clients.is_active AS revenue_clients_is_active, revenue_clients.created_at AS revenue_clients_created_at, revenue_clients.updated_at AS revenue_clients_updated_at 
FROM revenue_clients 
WHERE revenue_clients.altegio_client_id = %(altegio_client_id_1)s::INTEGER 
 LIMIT %(param_1)s::INTEGER
2026-08-01 12:12:09,082 INFO sqlalchemy.engine.Engine [cached since 0.149s ago] {'altegio_client_id_1': 177896995, 'param_1': 1}
2026-08-01 12:12:09,083 INFO sqlalchemy.engine.Engine SELECT revenue_clients.id AS revenue_clients_id, revenue_clients.altegio_client_id AS revenue_clients_altegio_client_id, revenue_clients.company_id AS revenue_clients_company_id, revenue_clients.full_name AS revenue_clients_full_name, revenue_clients.phone AS revenue_clients_phone, revenue_clients.email AS revenue_clients_email, revenue_clients.birthday AS revenue_clients_birthday, revenue_clients.last_visit_date AS revenue_clients_last_visit_date, revenue_clients.first_visit_date AS revenue_clients_first_visit_date, revenue_clients.master_id AS revenue_clients_master_id, revenue_clients.last_service_id AS revenue_clients_last_service_id, revenue_clients.total_visits AS revenue_clients_total_visits, revenue_clients.total_spent AS revenue_clients_total_spent, revenue_clients.raw_data AS revenue_clients_raw_data, revenue_clients.last_visit_at AS revenue_clients_last_visit_at, revenue_clients.last_service_name AS revenue_clients_last_service_name, revenue_clients.visit_count AS revenue_clients_visit_count, revenue_clients.is_active AS revenue_clients_is_active, revenue_clients.created_at AS revenue_clients_created_at, revenue_clients.updated_at AS revenue_clients_updated_at 
FROM revenue_clients 
WHERE revenue_clients.altegio_client_id = %(altegio_client_id_1)s::INTEGER 
 LIMIT %(param_1)s::INTEGER
2026-08-01 12:12:09,083 INFO sqlalchemy.engine.Engine [cached since 0.15s ago] {'altegio_client_id_1': 177923204, 'param_1': 1}
2026-08-01 12:12:09,084 INFO sqlalchemy.engine.Engine SELECT revenue_clients.id AS revenue_clients_id, revenue_clients.altegio_client_id AS revenue_clients_altegio_client_id, revenue_clients.company_id AS revenue_clients_company_id, revenue_clients.full_name AS revenue_clients_full_name, revenue_clients.phone AS revenue_clients_phone, revenue_clients.email AS revenue_clients_email, revenue_clients.birthday AS revenue_clients_birthday, revenue_clients.last_visit_date AS revenue_clients_last_visit_date, revenue_clients.first_visit_date AS revenue_clients_first_visit_date, revenue_clients.master_id AS revenue_clients_master_id, revenue_clients.last_service_id AS revenue_clients_last_service_id, revenue_clients.total_visits AS revenue_clients_total_visits, revenue_clients.total_spent AS revenue_clients_total_spent, revenue_clients.raw_data AS revenue_clients_raw_data, revenue_clients.last_visit_at AS revenue_clients_last_visit_at, revenue_clients.last_service_name AS revenue_clients_last_service_name, revenue_clients.visit_count AS revenue_clients_visit_count, revenue_clients.is_active AS revenue_clients_is_active, revenue_clients.created_at AS revenue_clients_created_at, revenue_clients.updated_at AS revenue_clients_updated_at 
FROM revenue_clients 
WHERE revenue_clients.altegio_client_id = %(altegio_client_id_1)s::INTEGER 
 LIMIT %(param_1)s::INTEGER
2026-08-01 12:12:09,084 INFO sqlalchemy.engine.Engine [cached since 0.1508s ago] {'altegio_client_id_1': 177950113, 'param_1': 1}
2026-08-01 12:12:09,084 INFO sqlalchemy.engine.Engine SELECT revenue_clients.id AS revenue_clients_id, revenue_clients.altegio_client_id AS revenue_clients_altegio_client_id, revenue_clients.company_id AS revenue_clients_company_id, revenue_clients.full_name AS revenue_clients_full_name, revenue_clients.phone AS revenue_clients_phone, revenue_clients.email AS revenue_clients_email, revenue_clients.birthday AS revenue_clients_birthday, revenue_clients.last_visit_date AS revenue_clients_last_visit_date, revenue_clients.first_visit_date AS revenue_clients_first_visit_date, revenue_clients.master_id AS revenue_clients_master_id, revenue_clients.last_service_id AS revenue_clients_last_service_id, revenue_clients.total_visits AS revenue_clients_total_visits, revenue_clients.total_spent AS revenue_clients_total_spent, revenue_clients.raw_data AS revenue_clients_raw_data, revenue_clients.last_visit_at AS revenue_clients_last_visit_at, revenue_clients.last_service_name AS revenue_clients_last_service_name, revenue_clients.visit_count AS revenue_clients_visit_count, revenue_clients.is_active AS revenue_clients_is_active, revenue_clients.created_at AS revenue_clients_created_at, revenue_clients.updated_at AS revenue_clients_updated_at 
FROM revenue_clients 
WHERE revenue_clients.altegio_client_id = %(altegio_client_id_1)s::INTEGER 
 LIMIT %(param_1)s::INTEGER
2026-08-01 12:12:09,085 INFO sqlalchemy.engine.Engine [cached since 0.1517s ago] {'altegio_client_id_1': 177952310, 'param_1': 1}
2026-08-01 12:12:09,085 INFO sqlalchemy.engine.Engine SELECT revenue_clients.id AS revenue_clients_id, revenue_clients.altegio_client_id AS revenue_clients_altegio_client_id, revenue_clients.company_id AS revenue_clients_company_id, revenue_clients.full_name AS revenue_clients_full_name, revenue_clients.phone AS revenue_clients_phone, revenue_clients.email AS revenue_clients_email, revenue_clients.birthday AS revenue_clients_birthday, revenue_clients.last_visit_date AS revenue_clients_last_visit_date, revenue_clients.first_visit_date AS revenue_clients_first_visit_date, revenue_clients.master_id AS revenue_clients_master_id, revenue_clients.last_service_id AS revenue_clients_last_service_id, revenue_clients.total_visits AS revenue_clients_total_visits, revenue_clients.total_spent AS revenue_clients_total_spent, revenue_clients.raw_data AS revenue_clients_raw_data, revenue_clients.last_visit_at AS revenue_clients_last_visit_at, revenue_clients.last_service_name AS revenue_clients_last_service_name, revenue_clients.visit_count AS revenue_clients_visit_count, revenue_clients.is_active AS revenue_clients_is_active, revenue_clients.created_at AS revenue_clients_created_at, revenue_clients.updated_at AS revenue_clients_updated_at 
FROM revenue_clients 
WHERE revenue_clients.altegio_client_id = %(altegio_client_id_1)s::INTEGER 
 LIMIT %(param_1)s::INTEGER
2026-08-01 12:12:09,085 INFO sqlalchemy.engine.Engine [cached since 0.1526s ago] {'altegio_client_id_1': 177963584, 'param_1': 1}
2026-08-01 12:12:09,086 INFO sqlalchemy.engine.Engine SELECT revenue_clients.id AS revenue_clients_id, revenue_clients.altegio_client_id AS revenue_clients_altegio_client_id, revenue_clients.company_id AS revenue_clients_company_id, revenue_clients.full_name AS revenue_clients_full_name, revenue_clients.phone AS revenue_clients_phone, revenue_clients.email AS revenue_clients_email, revenue_clients.birthday AS revenue_clients_birthday, revenue_clients.last_visit_date AS revenue_clients_last_visit_date, revenue_clients.first_visit_date AS revenue_clients_first_visit_date, revenue_clients.master_id AS revenue_clients_master_id, revenue_clients.last_service_id AS revenue_clients_last_service_id, revenue_clients.total_visits AS revenue_clients_total_visits, revenue_clients.total_spent AS revenue_clients_total_spent, revenue_clients.raw_data AS revenue_clients_raw_data, revenue_clients.last_visit_at AS revenue_clients_last_visit_at, revenue_clients.last_service_name AS revenue_clients_last_service_name, revenue_clients.visit_count AS revenue_clients_visit_count, revenue_clients.is_active AS revenue_clients_is_active, revenue_clients.created_at AS revenue_clients_created_at, revenue_clients.updated_at AS revenue_clients_updated_at 
FROM revenue_clients 
WHERE revenue_clients.altegio_client_id = %(altegio_client_id_1)s::INTEGER 
 LIMIT %(param_1)s::INTEGER
2026-08-01 12:12:09,086 INFO sqlalchemy.engine.Engine [cached since 0.1535s ago] {'altegio_client_id_1': 178001548, 'param_1': 1}
2026-08-01 12:12:09,087 INFO sqlalchemy.engine.Engine SELECT revenue_clients.id AS revenue_clients_id, revenue_clients.altegio_client_id AS revenue_clients_altegio_client_id, revenue_clients.company_id AS revenue_clients_company_id, revenue_clients.full_name AS revenue_clients_full_name, revenue_clients.phone AS revenue_clients_phone, revenue_clients.email AS revenue_clients_email, revenue_clients.birthday AS revenue_clients_birthday, revenue_clients.last_visit_date AS revenue_clients_last_visit_date, revenue_clients.first_visit_date AS revenue_clients_first_visit_date, revenue_clients.master_id AS revenue_clients_master_id, revenue_clients.last_service_id AS revenue_clients_last_service_id, revenue_clients.total_visits AS revenue_clients_total_visits, revenue_clients.total_spent AS revenue_clients_total_spent, revenue_clients.raw_data AS revenue_clients_raw_data, revenue_clients.last_visit_at AS revenue_clients_last_visit_at, revenue_clients.last_service_name AS revenue_clients_last_service_name, revenue_clients.visit_count AS revenue_clients_visit_count, revenue_clients.is_active AS revenue_clients_is_active, revenue_clients.created_at AS revenue_clients_created_at, revenue_clients.updated_at AS revenue_clients_updated_at 
FROM revenue_clients 
WHERE revenue_clients.altegio_client_id = %(altegio_client_id_1)s::INTEGER 
 LIMIT %(param_1)s::INTEGER
2026-08-01 12:12:09,087 INFO sqlalchemy.engine.Engine [cached since 0.1545s ago] {'altegio_client_id_1': 178006000, 'param_1': 1}
2026-08-01 12:12:09,088 INFO sqlalchemy.engine.Engine SELECT revenue_clients.id AS revenue_clients_id, revenue_clients.altegio_client_id AS revenue_clients_altegio_client_id, revenue_clients.company_id AS revenue_clients_company_id, revenue_clients.full_name AS revenue_clients_full_name, revenue_clients.phone AS revenue_clients_phone, revenue_clients.email AS revenue_clients_email, revenue_clients.birthday AS revenue_clients_birthday, revenue_clients.last_visit_date AS revenue_clients_last_visit_date, revenue_clients.first_visit_date AS revenue_clients_first_visit_date, revenue_clients.master_id AS revenue_clients_master_id, revenue_clients.last_service_id AS revenue_clients_last_service_id, revenue_clients.total_visits AS revenue_clients_total_visits, revenue_clients.total_spent AS revenue_clients_total_spent, revenue_clients.raw_data AS revenue_clients_raw_data, revenue_clients.last_visit_at AS revenue_clients_last_visit_at, revenue_clients.last_service_name AS revenue_clients_last_service_name, revenue_clients.visit_count AS revenue_clients_visit_count, revenue_clients.is_active AS revenue_clients_is_active, revenue_clients.created_at AS revenue_clients_created_at, revenue_clients.updated_at AS revenue_clients_updated_at 
FROM revenue_clients 
WHERE revenue_clients.altegio_client_id = %(altegio_client_id_1)s::INTEGER 
 LIMIT %(param_1)s::INTEGER
2026-08-01 12:12:09,088 INFO sqlalchemy.engine.Engine [cached since 0.1554s ago] {'altegio_client_id_1': 178064215, 'param_1': 1}
2026-08-01 12:12:09,089 INFO sqlalchemy.engine.Engine SELECT revenue_clients.id AS revenue_clients_id, revenue_clients.altegio_client_id AS revenue_clients_altegio_client_id, revenue_clients.company_id AS revenue_clients_company_id, revenue_clients.full_name AS revenue_clients_full_name, revenue_clients.phone AS revenue_clients_phone, revenue_clients.email AS revenue_clients_email, revenue_clients.birthday AS revenue_clients_birthday, revenue_clients.last_visit_date AS revenue_clients_last_visit_date, revenue_clients.first_visit_date AS revenue_clients_first_visit_date, revenue_clients.master_id AS revenue_clients_master_id, revenue_clients.last_service_id AS revenue_clients_last_service_id, revenue_clients.total_visits AS revenue_clients_total_visits, revenue_clients.total_spent AS revenue_clients_total_spent, revenue_clients.raw_data AS revenue_clients_raw_data, revenue_clients.last_visit_at AS revenue_clients_last_visit_at, revenue_clients.last_service_name AS revenue_clients_last_service_name, revenue_clients.visit_count AS revenue_clients_visit_count, revenue_clients.is_active AS revenue_clients_is_active, revenue_clients.created_at AS revenue_clients_created_at, revenue_clients.updated_at AS revenue_clients_updated_at 
FROM revenue_clients 
WHERE revenue_clients.altegio_client_id = %(altegio_client_id_1)s::INTEGER 
 LIMIT %(param_1)s::INTEGER
2026-08-01 12:12:09,089 INFO sqlalchemy.engine.Engine [cached since 0.1562s ago] {'altegio_client_id_1': 178067404, 'param_1': 1}
2026-08-01 12:12:09,090 INFO sqlalchemy.engine.Engine SELECT revenue_clients.id AS revenue_clients_id, revenue_clients.altegio_client_id AS revenue_clients_altegio_client_id, revenue_clients.company_id AS revenue_clients_company_id, revenue_clients.full_name AS revenue_clients_full_name, revenue_clients.phone AS revenue_clients_phone, revenue_clients.email AS revenue_clients_email, revenue_clients.birthday AS revenue_clients_birthday, revenue_clients.last_visit_date AS revenue_clients_last_visit_date, revenue_clients.first_visit_date AS revenue_clients_first_visit_date, revenue_clients.master_id AS revenue_clients_master_id, revenue_clients.last_service_id AS revenue_clients_last_service_id, revenue_clients.total_visits AS revenue_clients_total_visits, revenue_clients.total_spent AS revenue_clients_total_spent, revenue_clients.raw_data AS revenue_clients_raw_data, revenue_clients.last_visit_at AS revenue_clients_last_visit_at, revenue_clients.last_service_name AS revenue_clients_last_service_name, revenue_clients.visit_count AS revenue_clients_visit_count, revenue_clients.is_active AS revenue_clients_is_active, revenue_clients.created_at AS revenue_clients_created_at, revenue_clients.updated_at AS revenue_clients_updated_at 
FROM revenue_clients 
WHERE revenue_clients.altegio_client_id = %(altegio_client_id_1)s::INTEGER 
 LIMIT %(param_1)s::INTEGER
2026-08-01 12:12:09,090 INFO sqlalchemy.engine.Engine [cached since 0.1571s ago] {'altegio_client_id_1': 178068693, 'param_1': 1}
2026-08-01 12:12:09,091 INFO sqlalchemy.engine.Engine SELECT revenue_clients.id AS revenue_clients_id, revenue_clients.altegio_client_id AS revenue_clients_altegio_client_id, revenue_clients.company_id AS revenue_clients_company_id, revenue_clients.full_name AS revenue_clients_full_name, revenue_clients.phone AS revenue_clients_phone, revenue_clients.email AS revenue_clients_email, revenue_clients.birthday AS revenue_clients_birthday, revenue_clients.last_visit_date AS revenue_clients_last_visit_date, revenue_clients.first_visit_date AS revenue_clients_first_visit_date, revenue_clients.master_id AS revenue_clients_master_id, revenue_clients.last_service_id AS revenue_clients_last_service_id, revenue_clients.total_visits AS revenue_clients_total_visits, revenue_clients.total_spent AS revenue_clients_total_spent, revenue_clients.raw_data AS revenue_clients_raw_data, revenue_clients.last_visit_at AS revenue_clients_last_visit_at, revenue_clients.last_service_name AS revenue_clients_last_service_name, revenue_clients.visit_count AS revenue_clients_visit_count, revenue_clients.is_active AS revenue_clients_is_active, revenue_clients.created_at AS revenue_clients_created_at, revenue_clients.updated_at AS revenue_clients_updated_at 
FROM revenue_clients 
WHERE revenue_clients.altegio_client_id = %(altegio_client_id_1)s::INTEGER 
 LIMIT %(param_1)s::INTEGER
2026-08-01 12:12:09,091 INFO sqlalchemy.engine.Engine [cached since 0.158s ago] {'altegio_client_id_1': 178083842, 'param_1': 1}
2026-08-01 12:12:09,092 INFO sqlalchemy.engine.Engine SELECT revenue_clients.id AS revenue_clients_id, revenue_clients.altegio_client_id AS revenue_clients_altegio_client_id, revenue_clients.company_id AS revenue_clients_company_id, revenue_clients.full_name AS revenue_clients_full_name, revenue_clients.phone AS revenue_clients_phone, revenue_clients.email AS revenue_clients_email, revenue_clients.birthday AS revenue_clients_birthday, revenue_clients.last_visit_date AS revenue_clients_last_visit_date, revenue_clients.first_visit_date AS revenue_clients_first_visit_date, revenue_clients.master_id AS revenue_clients_master_id, revenue_clients.last_service_id AS revenue_clients_last_service_id, revenue_clients.total_visits AS revenue_clients_total_visits, revenue_clients.total_spent AS revenue_clients_total_spent, revenue_clients.raw_data AS revenue_clients_raw_data, revenue_clients.last_visit_at AS revenue_clients_last_visit_at, revenue_clients.last_service_name AS revenue_clients_last_service_name, revenue_clients.visit_count AS revenue_clients_visit_count, revenue_clients.is_active AS revenue_clients_is_active, revenue_clients.created_at AS revenue_clients_created_at, revenue_clients.updated_at AS revenue_clients_updated_at 
FROM revenue_clients 
WHERE revenue_clients.altegio_client_id = %(altegio_client_id_1)s::INTEGER 
 LIMIT %(param_1)s::INTEGER
2026-08-01 12:12:09,092 INFO sqlalchemy.engine.Engine [cached since 0.1589s ago] {'altegio_client_id_1': 178091988, 'param_1': 1}
2026-08-01 12:12:09,092 INFO sqlalchemy.engine.Engine SELECT revenue_clients.id AS revenue_clients_id, revenue_clients.altegio_client_id AS revenue_clients_altegio_client_id, revenue_clients.company_id AS revenue_clients_company_id, revenue_clients.full_name AS revenue_clients_full_name, revenue_clients.phone AS revenue_clients_phone, revenue_clients.email AS revenue_clients_email, revenue_clients.birthday AS revenue_clients_birthday, revenue_clients.last_visit_date AS revenue_clients_last_visit_date, revenue_clients.first_visit_date AS revenue_clients_first_visit_date, revenue_clients.master_id AS revenue_clients_master_id, revenue_clients.last_service_id AS revenue_clients_last_service_id, revenue_clients.total_visits AS revenue_clients_total_visits, revenue_clients.total_spent AS revenue_clients_total_spent, revenue_clients.raw_data AS revenue_clients_raw_data, revenue_clients.last_visit_at AS revenue_clients_last_visit_at, revenue_clients.last_service_name AS revenue_clients_last_service_name, revenue_clients.visit_count AS revenue_clients_visit_count, revenue_clients.is_active AS revenue_clients_is_active, revenue_clients.created_at AS revenue_clients_created_at, revenue_clients.updated_at AS revenue_clients_updated_at 
FROM revenue_clients 
WHERE revenue_clients.altegio_client_id = %(altegio_client_id_1)s::INTEGER 
 LIMIT %(param_1)s::INTEGER
2026-08-01 12:12:09,092 INFO sqlalchemy.engine.Engine [cached since 0.1597s ago] {'altegio_client_id_1': 178174053, 'param_1': 1}
2026-08-01 12:12:09,093 INFO sqlalchemy.engine.Engine SELECT revenue_clients.id AS revenue_clients_id, revenue_clients.altegio_client_id AS revenue_clients_altegio_client_id, revenue_clients.company_id AS revenue_clients_company_id, revenue_clients.full_name AS revenue_clients_full_name, revenue_clients.phone AS revenue_clients_phone, revenue_clients.email AS revenue_clients_email, revenue_clients.birthday AS revenue_clients_birthday, revenue_clients.last_visit_date AS revenue_clients_last_visit_date, revenue_clients.first_visit_date AS revenue_clients_first_visit_date, revenue_clients.master_id AS revenue_clients_master_id, revenue_clients.last_service_id AS revenue_clients_last_service_id, revenue_clients.total_visits AS revenue_clients_total_visits, revenue_clients.total_spent AS revenue_clients_total_spent, revenue_clients.raw_data AS revenue_clients_raw_data, revenue_clients.last_visit_at AS revenue_clients_last_visit_at, revenue_clients.last_service_name AS revenue_clients_last_service_name, revenue_clients.visit_count AS revenue_clients_visit_count, revenue_clients.is_active AS revenue_clients_is_active, revenue_clients.created_at AS revenue_clients_created_at, revenue_clients.updated_at AS revenue_clients_updated_at 
FROM revenue_clients 
WHERE revenue_clients.altegio_client_id = %(altegio_client_id_1)s::INTEGER 
 LIMIT %(param_1)s::INTEGER
2026-08-01 12:12:09,093 INFO sqlalchemy.engine.Engine [cached since 0.1606s ago] {'altegio_client_id_1': 178174348, 'param_1': 1}
2026-08-01 12:12:09,094 INFO sqlalchemy.engine.Engine SELECT revenue_clients.id AS revenue_clients_id, revenue_clients.altegio_client_id AS revenue_clients_altegio_client_id, revenue_clients.company_id AS revenue_clients_company_id, revenue_clients.full_name AS revenue_clients_full_name, revenue_clients.phone AS revenue_clients_phone, revenue_clients.email AS revenue_clients_email, revenue_clients.birthday AS revenue_clients_birthday, revenue_clients.last_visit_date AS revenue_clients_last_visit_date, revenue_clients.first_visit_date AS revenue_clients_first_visit_date, revenue_clients.master_id AS revenue_clients_master_id, revenue_clients.last_service_id AS revenue_clients_last_service_id, revenue_clients.total_visits AS revenue_clients_total_visits, revenue_clients.total_spent AS revenue_clients_total_spent, revenue_clients.raw_data AS revenue_clients_raw_data, revenue_clients.last_visit_at AS revenue_clients_last_visit_at, revenue_clients.last_service_name AS revenue_clients_last_service_name, revenue_clients.visit_count AS revenue_clients_visit_count, revenue_clients.is_active AS revenue_clients_is_active, revenue_clients.created_at AS revenue_clients_created_at, revenue_clients.updated_at AS revenue_clients_updated_at 
FROM revenue_clients 
WHERE revenue_clients.altegio_client_id = %(altegio_client_id_1)s::INTEGER 
 LIMIT %(param_1)s::INTEGER
2026-08-01 12:12:09,094 INFO sqlalchemy.engine.Engine [cached since 0.1615s ago] {'altegio_client_id_1': 178191562, 'param_1': 1}
2026-08-01 12:12:09,095 INFO sqlalchemy.engine.Engine SELECT revenue_clients.id AS revenue_clients_id, revenue_clients.altegio_client_id AS revenue_clients_altegio_client_id, revenue_clients.company_id AS revenue_clients_company_id, revenue_clients.full_name AS revenue_clients_full_name, revenue_clients.phone AS revenue_clients_phone, revenue_clients.email AS revenue_clients_email, revenue_clients.birthday AS revenue_clients_birthday, revenue_clients.last_visit_date AS revenue_clients_last_visit_date, revenue_clients.first_visit_date AS revenue_clients_first_visit_date, revenue_clients.master_id AS revenue_clients_master_id, revenue_clients.last_service_id AS revenue_clients_last_service_id, revenue_clients.total_visits AS revenue_clients_total_visits, revenue_clients.total_spent AS revenue_clients_total_spent, revenue_clients.raw_data AS revenue_clients_raw_data, revenue_clients.last_visit_at AS revenue_clients_last_visit_at, revenue_clients.last_service_name AS revenue_clients_last_service_name, revenue_clients.visit_count AS revenue_clients_visit_count, revenue_clients.is_active AS revenue_clients_is_active, revenue_clients.created_at AS revenue_clients_created_at, revenue_clients.updated_at AS revenue_clients_updated_at 
FROM revenue_clients 
WHERE revenue_clients.altegio_client_id = %(altegio_client_id_1)s::INTEGER 
 LIMIT %(param_1)s::INTEGER
2026-08-01 12:12:09,095 INFO sqlalchemy.engine.Engine [cached since 0.1624s ago] {'altegio_client_id_1': 178198346, 'param_1': 1}
2026-08-01 12:12:09,096 INFO sqlalchemy.engine.Engine SELECT revenue_clients.id AS revenue_clients_id, revenue_clients.altegio_client_id AS revenue_clients_altegio_client_id, revenue_clients.company_id AS revenue_clients_company_id, revenue_clients.full_name AS revenue_clients_full_name, revenue_clients.phone AS revenue_clients_phone, revenue_clients.email AS revenue_clients_email, revenue_clients.birthday AS revenue_clients_birthday, revenue_clients.last_visit_date AS revenue_clients_last_visit_date, revenue_clients.first_visit_date AS revenue_clients_first_visit_date, revenue_clients.master_id AS revenue_clients_master_id, revenue_clients.last_service_id AS revenue_clients_last_service_id, revenue_clients.total_visits AS revenue_clients_total_visits, revenue_clients.total_spent AS revenue_clients_total_spent, revenue_clients.raw_data AS revenue_clients_raw_data, revenue_clients.last_visit_at AS revenue_clients_last_visit_at, revenue_clients.last_service_name AS revenue_clients_last_service_name, revenue_clients.visit_count AS revenue_clients_visit_count, revenue_clients.is_active AS revenue_clients_is_active, revenue_clients.created_at AS revenue_clients_created_at, revenue_clients.updated_at AS revenue_clients_updated_at 
FROM revenue_clients 
WHERE revenue_clients.altegio_client_id = %(altegio_client_id_1)s::INTEGER 
 LIMIT %(param_1)s::INTEGER
2026-08-01 12:12:09,096 INFO sqlalchemy.engine.Engine [cached since 0.1634s ago] {'altegio_client_id_1': 178204068, 'param_1': 1}
2026-08-01 12:12:09,097 INFO sqlalchemy.engine.Engine SELECT revenue_clients.id AS revenue_clients_id, revenue_clients.altegio_client_id AS revenue_clients_altegio_client_id, revenue_clients.company_id AS revenue_clients_company_id, revenue_clients.full_name AS revenue_clients_full_name, revenue_clients.phone AS revenue_clients_phone, revenue_clients.email AS revenue_clients_email, revenue_clients.birthday AS revenue_clients_birthday, revenue_clients.last_visit_date AS revenue_clients_last_visit_date, revenue_clients.first_visit_date AS revenue_clients_first_visit_date, revenue_clients.master_id AS revenue_clients_master_id, revenue_clients.last_service_id AS revenue_clients_last_service_id, revenue_clients.total_visits AS revenue_clients_total_visits, revenue_clients.total_spent AS revenue_clients_total_spent, revenue_clients.raw_data AS revenue_clients_raw_data, revenue_clients.last_visit_at AS revenue_clients_last_visit_at, revenue_clients.last_service_name AS revenue_clients_last_service_name, revenue_clients.visit_count AS revenue_clients_visit_count, revenue_clients.is_active AS revenue_clients_is_active, revenue_clients.created_at AS revenue_clients_created_at, revenue_clients.updated_at AS revenue_clients_updated_at 
FROM revenue_clients 
WHERE revenue_clients.altegio_client_id = %(altegio_client_id_1)s::INTEGER 
 LIMIT %(param_1)s::INTEGER
2026-08-01 12:12:09,097 INFO sqlalchemy.engine.Engine [cached since 0.1643s ago] {'altegio_client_id_1': 178273503, 'param_1': 1}
2026-08-01 12:12:09,098 INFO sqlalchemy.engine.Engine SELECT revenue_clients.id AS revenue_clients_id, revenue_clients.altegio_client_id AS revenue_clients_altegio_client_id, revenue_clients.company_id AS revenue_clients_company_id, revenue_clients.full_name AS revenue_clients_full_name, revenue_clients.phone AS revenue_clients_phone, revenue_clients.email AS revenue_clients_email, revenue_clients.birthday AS revenue_clients_birthday, revenue_clients.last_visit_date AS revenue_clients_last_visit_date, revenue_clients.first_visit_date AS revenue_clients_first_visit_date, revenue_clients.master_id AS revenue_clients_master_id, revenue_clients.last_service_id AS revenue_clients_last_service_id, revenue_clients.total_visits AS revenue_clients_total_visits, revenue_clients.total_spent AS revenue_clients_total_spent, revenue_clients.raw_data AS revenue_clients_raw_data, revenue_clients.last_visit_at AS revenue_clients_last_visit_at, revenue_clients.last_service_name AS revenue_clients_last_service_name, revenue_clients.visit_count AS revenue_clients_visit_count, revenue_clients.is_active AS revenue_clients_is_active, revenue_clients.created_at AS revenue_clients_created_at, revenue_clients.updated_at AS revenue_clients_updated_at 
FROM revenue_clients 
WHERE revenue_clients.altegio_client_id = %(altegio_client_id_1)s::INTEGER 
 LIMIT %(param_1)s::INTEGER
2026-08-01 12:12:09,098 INFO sqlalchemy.engine.Engine [cached since 0.1651s ago] {'altegio_client_id_1': 178275867, 'param_1': 1}
2026-08-01 12:12:09,099 INFO sqlalchemy.engine.Engine SELECT revenue_clients.id AS revenue_clients_id, revenue_clients.altegio_client_id AS revenue_clients_altegio_client_id, revenue_clients.company_id AS revenue_clients_company_id, revenue_clients.full_name AS revenue_clients_full_name, revenue_clients.phone AS revenue_clients_phone, revenue_clients.email AS revenue_clients_email, revenue_clients.birthday AS revenue_clients_birthday, revenue_clients.last_visit_date AS revenue_clients_last_visit_date, revenue_clients.first_visit_date AS revenue_clients_first_visit_date, revenue_clients.master_id AS revenue_clients_master_id, revenue_clients.last_service_id AS revenue_clients_last_service_id, revenue_clients.total_visits AS revenue_clients_total_visits, revenue_clients.total_spent AS revenue_clients_total_spent, revenue_clients.raw_data AS revenue_clients_raw_data, revenue_clients.last_visit_at AS revenue_clients_last_visit_at, revenue_clients.last_service_name AS revenue_clients_last_service_name, revenue_clients.visit_count AS revenue_clients_visit_count, revenue_clients.is_active AS revenue_clients_is_active, revenue_clients.created_at AS revenue_clients_created_at, revenue_clients.updated_at AS revenue_clients_updated_at 
FROM revenue_clients 
WHERE revenue_clients.altegio_client_id = %(altegio_client_id_1)s::INTEGER 
 LIMIT %(param_1)s::INTEGER
2026-08-01 12:12:09,099 INFO sqlalchemy.engine.Engine [cached since 0.166s ago] {'altegio_client_id_1': 178304662, 'param_1': 1}
2026-08-01 12:12:09,100 INFO sqlalchemy.engine.Engine SELECT revenue_clients.id AS revenue_clients_id, revenue_clients.altegio_client_id AS revenue_clients_altegio_client_id, revenue_clients.company_id AS revenue_clients_company_id, revenue_clients.full_name AS revenue_clients_full_name, revenue_clients.phone AS revenue_clients_phone, revenue_clients.email AS revenue_clients_email, revenue_clients.birthday AS revenue_clients_birthday, revenue_clients.last_visit_date AS revenue_clients_last_visit_date, revenue_clients.first_visit_date AS revenue_clients_first_visit_date, revenue_clients.master_id AS revenue_clients_master_id, revenue_clients.last_service_id AS revenue_clients_last_service_id, revenue_clients.total_visits AS revenue_clients_total_visits, revenue_clients.total_spent AS revenue_clients_total_spent, revenue_clients.raw_data AS revenue_clients_raw_data, revenue_clients.last_visit_at AS revenue_clients_last_visit_at, revenue_clients.last_service_name AS revenue_clients_last_service_name, revenue_clients.visit_count AS revenue_clients_visit_count, revenue_clients.is_active AS revenue_clients_is_active, revenue_clients.created_at AS revenue_clients_created_at, revenue_clients.updated_at AS revenue_clients_updated_at 
FROM revenue_clients 
WHERE revenue_clients.altegio_client_id = %(altegio_client_id_1)s::INTEGER 
 LIMIT %(param_1)s::INTEGER
2026-08-01 12:12:09,100 INFO sqlalchemy.engine.Engine [cached since 0.1669s ago] {'altegio_client_id_1': 178330175, 'param_1': 1}
2026-08-01 12:12:09,100 INFO sqlalchemy.engine.Engine SELECT revenue_clients.id AS revenue_clients_id, revenue_clients.altegio_client_id AS revenue_clients_altegio_client_id, revenue_clients.company_id AS revenue_clients_company_id, revenue_clients.full_name AS revenue_clients_full_name, revenue_clients.phone AS revenue_clients_phone, revenue_clients.email AS revenue_clients_email, revenue_clients.birthday AS revenue_clients_birthday, revenue_clients.last_visit_date AS revenue_clients_last_visit_date, revenue_clients.first_visit_date AS revenue_clients_first_visit_date, revenue_clients.master_id AS revenue_clients_master_id, revenue_clients.last_service_id AS revenue_clients_last_service_id, revenue_clients.total_visits AS revenue_clients_total_visits, revenue_clients.total_spent AS revenue_clients_total_spent, revenue_clients.raw_data AS revenue_clients_raw_data, revenue_clients.last_visit_at AS revenue_clients_last_visit_at, revenue_clients.last_service_name AS revenue_clients_last_service_name, revenue_clients.visit_count AS revenue_clients_visit_count, revenue_clients.is_active AS revenue_clients_is_active, revenue_clients.created_at AS revenue_clients_created_at, revenue_clients.updated_at AS revenue_clients_updated_at 
FROM revenue_clients 
WHERE revenue_clients.altegio_client_id = %(altegio_client_id_1)s::INTEGER 
 LIMIT %(param_1)s::INTEGER
2026-08-01 12:12:09,100 INFO sqlalchemy.engine.Engine [cached since 0.1677s ago] {'altegio_client_id_1': 178334392, 'param_1': 1}
2026-08-01 12:12:09,101 INFO sqlalchemy.engine.Engine SELECT revenue_clients.id AS revenue_clients_id, revenue_clients.altegio_client_id AS revenue_clients_altegio_client_id, revenue_clients.company_id AS revenue_clients_company_id, revenue_clients.full_name AS revenue_clients_full_name, revenue_clients.phone AS revenue_clients_phone, revenue_clients.email AS revenue_clients_email, revenue_clients.birthday AS revenue_clients_birthday, revenue_clients.last_visit_date AS revenue_clients_last_visit_date, revenue_clients.first_visit_date AS revenue_clients_first_visit_date, revenue_clients.master_id AS revenue_clients_master_id, revenue_clients.last_service_id AS revenue_clients_last_service_id, revenue_clients.total_visits AS revenue_clients_total_visits, revenue_clients.total_spent AS revenue_clients_total_spent, revenue_clients.raw_data AS revenue_clients_raw_data, revenue_clients.last_visit_at AS revenue_clients_last_visit_at, revenue_clients.last_service_name AS revenue_clients_last_service_name, revenue_clients.visit_count AS revenue_clients_visit_count, revenue_clients.is_active AS revenue_clients_is_active, revenue_clients.created_at AS revenue_clients_created_at, revenue_clients.updated_at AS revenue_clients_updated_at 
FROM revenue_clients 
WHERE revenue_clients.altegio_client_id = %(altegio_client_id_1)s::INTEGER 
 LIMIT %(param_1)s::INTEGER
2026-08-01 12:12:09,101 INFO sqlalchemy.engine.Engine [cached since 0.1687s ago] {'altegio_client_id_1': 178334853, 'param_1': 1}
2026-08-01 12:12:09,102 INFO sqlalchemy.engine.Engine SELECT revenue_clients.id AS revenue_clients_id, revenue_clients.altegio_client_id AS revenue_clients_altegio_client_id, revenue_clients.company_id AS revenue_clients_company_id, revenue_clients.full_name AS revenue_clients_full_name, revenue_clients.phone AS revenue_clients_phone, revenue_clients.email AS revenue_clients_email, revenue_clients.birthday AS revenue_clients_birthday, revenue_clients.last_visit_date AS revenue_clients_last_visit_date, revenue_clients.first_visit_date AS revenue_clients_first_visit_date, revenue_clients.master_id AS revenue_clients_master_id, revenue_clients.last_service_id AS revenue_clients_last_service_id, revenue_clients.total_visits AS revenue_clients_total_visits, revenue_clients.total_spent AS revenue_clients_total_spent, revenue_clients.raw_data AS revenue_clients_raw_data, revenue_clients.last_visit_at AS revenue_clients_last_visit_at, revenue_clients.last_service_name AS revenue_clients_last_service_name, revenue_clients.visit_count AS revenue_clients_visit_count, revenue_clients.is_active AS revenue_clients_is_active, revenue_clients.created_at AS revenue_clients_created_at, revenue_clients.updated_at AS revenue_clients_updated_at 
FROM revenue_clients 
WHERE revenue_clients.altegio_client_id = %(altegio_client_id_1)s::INTEGER 
 LIMIT %(param_1)s::INTEGER
2026-08-01 12:12:09,102 INFO sqlalchemy.engine.Engine [cached since 0.1696s ago] {'altegio_client_id_1': 178373643, 'param_1': 1}
2026-08-01 12:12:09,103 INFO sqlalchemy.engine.Engine SELECT revenue_clients.id AS revenue_clients_id, revenue_clients.altegio_client_id AS revenue_clients_altegio_client_id, revenue_clients.company_id AS revenue_clients_company_id, revenue_clients.full_name AS revenue_clients_full_name, revenue_clients.phone AS revenue_clients_phone, revenue_clients.email AS revenue_clients_email, revenue_clients.birthday AS revenue_clients_birthday, revenue_clients.last_visit_date AS revenue_clients_last_visit_date, revenue_clients.first_visit_date AS revenue_clients_first_visit_date, revenue_clients.master_id AS revenue_clients_master_id, revenue_clients.last_service_id AS revenue_clients_last_service_id, revenue_clients.total_visits AS revenue_clients_total_visits, revenue_clients.total_spent AS revenue_clients_total_spent, revenue_clients.raw_data AS revenue_clients_raw_data, revenue_clients.last_visit_at AS revenue_clients_last_visit_at, revenue_clients.last_service_name AS revenue_clients_last_service_name, revenue_clients.visit_count AS revenue_clients_visit_count, revenue_clients.is_active AS revenue_clients_is_active, revenue_clients.created_at AS revenue_clients_created_at, revenue_clients.updated_at AS revenue_clients_updated_at 
FROM revenue_clients 
WHERE revenue_clients.altegio_client_id = %(altegio_client_id_1)s::INTEGER 
 LIMIT %(param_1)s::INTEGER
2026-08-01 12:12:09,103 INFO sqlalchemy.engine.Engine [cached since 0.1705s ago] {'altegio_client_id_1': 178387950, 'param_1': 1}
2026-08-01 12:12:09,104 INFO sqlalchemy.engine.Engine SELECT revenue_clients.id AS revenue_clients_id, revenue_clients.altegio_client_id AS revenue_clients_altegio_client_id, revenue_clients.company_id AS revenue_clients_company_id, revenue_clients.full_name AS revenue_clients_full_name, revenue_clients.phone AS revenue_clients_phone, revenue_clients.email AS revenue_clients_email, revenue_clients.birthday AS revenue_clients_birthday, revenue_clients.last_visit_date AS revenue_clients_last_visit_date, revenue_clients.first_visit_date AS revenue_clients_first_visit_date, revenue_clients.master_id AS revenue_clients_master_id, revenue_clients.last_service_id AS revenue_clients_last_service_id, revenue_clients.total_visits AS revenue_clients_total_visits, revenue_clients.total_spent AS revenue_clients_total_spent, revenue_clients.raw_data AS revenue_clients_raw_data, revenue_clients.last_visit_at AS revenue_clients_last_visit_at, revenue_clients.last_service_name AS revenue_clients_last_service_name, revenue_clients.visit_count AS revenue_clients_visit_count, revenue_clients.is_active AS revenue_clients_is_active, revenue_clients.created_at AS revenue_clients_created_at, revenue_clients.updated_at AS revenue_clients_updated_at 
FROM revenue_clients 
WHERE revenue_clients.altegio_client_id = %(altegio_client_id_1)s::INTEGER 
 LIMIT %(param_1)s::INTEGER
2026-08-01 12:12:09,104 INFO sqlalchemy.engine.Engine [cached since 0.1714s ago] {'altegio_client_id_1': 178449319, 'param_1': 1}
2026-08-01 12:12:09,105 INFO sqlalchemy.engine.Engine SELECT revenue_clients.id AS revenue_clients_id, revenue_clients.altegio_client_id AS revenue_clients_altegio_client_id, revenue_clients.company_id AS revenue_clients_company_id, revenue_clients.full_name AS revenue_clients_full_name, revenue_clients.phone AS revenue_clients_phone, revenue_clients.email AS revenue_clients_email, revenue_clients.birthday AS revenue_clients_birthday, revenue_clients.last_visit_date AS revenue_clients_last_visit_date, revenue_clients.first_visit_date AS revenue_clients_first_visit_date, revenue_clients.master_id AS revenue_clients_master_id, revenue_clients.last_service_id AS revenue_clients_last_service_id, revenue_clients.total_visits AS revenue_clients_total_visits, revenue_clients.total_spent AS revenue_clients_total_spent, revenue_clients.raw_data AS revenue_clients_raw_data, revenue_clients.last_visit_at AS revenue_clients_last_visit_at, revenue_clients.last_service_name AS revenue_clients_last_service_name, revenue_clients.visit_count AS revenue_clients_visit_count, revenue_clients.is_active AS revenue_clients_is_active, revenue_clients.created_at AS revenue_clients_created_at, revenue_clients.updated_at AS revenue_clients_updated_at 
FROM revenue_clients 
WHERE revenue_clients.altegio_client_id = %(altegio_client_id_1)s::INTEGER 
 LIMIT %(param_1)s::INTEGER
2026-08-01 12:12:09,105 INFO sqlalchemy.engine.Engine [cached since 0.1723s ago] {'altegio_client_id_1': 178487966, 'param_1': 1}
2026-08-01 12:12:09,106 INFO sqlalchemy.engine.Engine SELECT revenue_clients.id AS revenue_clients_id, revenue_clients.altegio_client_id AS revenue_clients_altegio_client_id, revenue_clients.company_id AS revenue_clients_company_id, revenue_clients.full_name AS revenue_clients_full_name, revenue_clients.phone AS revenue_clients_phone, revenue_clients.email AS revenue_clients_email, revenue_clients.birthday AS revenue_clients_birthday, revenue_clients.last_visit_date AS revenue_clients_last_visit_date, revenue_clients.first_visit_date AS revenue_clients_first_visit_date, revenue_clients.master_id AS revenue_clients_master_id, revenue_clients.last_service_id AS revenue_clients_last_service_id, revenue_clients.total_visits AS revenue_clients_total_visits, revenue_clients.total_spent AS revenue_clients_total_spent, revenue_clients.raw_data AS revenue_clients_raw_data, revenue_clients.last_visit_at AS revenue_clients_last_visit_at, revenue_clients.last_service_name AS revenue_clients_last_service_name, revenue_clients.visit_count AS revenue_clients_visit_count, revenue_clients.is_active AS revenue_clients_is_active, revenue_clients.created_at AS revenue_clients_created_at, revenue_clients.updated_at AS revenue_clients_updated_at 
FROM revenue_clients 
WHERE revenue_clients.altegio_client_id = %(altegio_client_id_1)s::INTEGER 
 LIMIT %(param_1)s::INTEGER
2026-08-01 12:12:09,106 INFO sqlalchemy.engine.Engine [cached since 0.1733s ago] {'altegio_client_id_1': 178490204, 'param_1': 1}
2026-08-01 12:12:09,107 INFO sqlalchemy.engine.Engine SELECT revenue_clients.id AS revenue_clients_id, revenue_clients.altegio_client_id AS revenue_clients_altegio_client_id, revenue_clients.company_id AS revenue_clients_company_id, revenue_clients.full_name AS revenue_clients_full_name, revenue_clients.phone AS revenue_clients_phone, revenue_clients.email AS revenue_clients_email, revenue_clients.birthday AS revenue_clients_birthday, revenue_clients.last_visit_date AS revenue_clients_last_visit_date, revenue_clients.first_visit_date AS revenue_clients_first_visit_date, revenue_clients.master_id AS revenue_clients_master_id, revenue_clients.last_service_id AS revenue_clients_last_service_id, revenue_clients.total_visits AS revenue_clients_total_visits, revenue_clients.total_spent AS revenue_clients_total_spent, revenue_clients.raw_data AS revenue_clients_raw_data, revenue_clients.last_visit_at AS revenue_clients_last_visit_at, revenue_clients.last_service_name AS revenue_clients_last_service_name, revenue_clients.visit_count AS revenue_clients_visit_count, revenue_clients.is_active AS revenue_clients_is_active, revenue_clients.created_at AS revenue_clients_created_at, revenue_clients.updated_at AS revenue_clients_updated_at 
FROM revenue_clients 
WHERE revenue_clients.altegio_client_id = %(altegio_client_id_1)s::INTEGER 
 LIMIT %(param_1)s::INTEGER
2026-08-01 12:12:09,107 INFO sqlalchemy.engine.Engine [cached since 0.1743s ago] {'altegio_client_id_1': 178614576, 'param_1': 1}
2026-08-01 12:12:09,108 INFO sqlalchemy.engine.Engine SELECT revenue_clients.id AS revenue_clients_id, revenue_clients.altegio_client_id AS revenue_clients_altegio_client_id, revenue_clients.company_id AS revenue_clients_company_id, revenue_clients.full_name AS revenue_clients_full_name, revenue_clients.phone AS revenue_clients_phone, revenue_clients.email AS revenue_clients_email, revenue_clients.birthday AS revenue_clients_birthday, revenue_clients.last_visit_date AS revenue_clients_last_visit_date, revenue_clients.first_visit_date AS revenue_clients_first_visit_date, revenue_clients.master_id AS revenue_clients_master_id, revenue_clients.last_service_id AS revenue_clients_last_service_id, revenue_clients.total_visits AS revenue_clients_total_visits, revenue_clients.total_spent AS revenue_clients_total_spent, revenue_clients.raw_data AS revenue_clients_raw_data, revenue_clients.last_visit_at AS revenue_clients_last_visit_at, revenue_clients.last_service_name AS revenue_clients_last_service_name, revenue_clients.visit_count AS revenue_clients_visit_count, revenue_clients.is_active AS revenue_clients_is_active, revenue_clients.created_at AS revenue_clients_created_at, revenue_clients.updated_at AS revenue_clients_updated_at 
FROM revenue_clients 
WHERE revenue_clients.altegio_client_id = %(altegio_client_id_1)s::INTEGER 
 LIMIT %(param_1)s::INTEGER
2026-08-01 12:12:09,108 INFO sqlalchemy.engine.Engine [cached since 0.1752s ago] {'altegio_client_id_1': 178619959, 'param_1': 1}
2026-08-01 12:12:09,109 INFO sqlalchemy.engine.Engine SELECT revenue_clients.id AS revenue_clients_id, revenue_clients.altegio_client_id AS revenue_clients_altegio_client_id, revenue_clients.company_id AS revenue_clients_company_id, revenue_clients.full_name AS revenue_clients_full_name, revenue_clients.phone AS revenue_clients_phone, revenue_clients.email AS revenue_clients_email, revenue_clients.birthday AS revenue_clients_birthday, revenue_clients.last_visit_date AS revenue_clients_last_visit_date, revenue_clients.first_visit_date AS revenue_clients_first_visit_date, revenue_clients.master_id AS revenue_clients_master_id, revenue_clients.last_service_id AS revenue_clients_last_service_id, revenue_clients.total_visits AS revenue_clients_total_visits, revenue_clients.total_spent AS revenue_clients_total_spent, revenue_clients.raw_data AS revenue_clients_raw_data, revenue_clients.last_visit_at AS revenue_clients_last_visit_at, revenue_clients.last_service_name AS revenue_clients_last_service_name, revenue_clients.visit_count AS revenue_clients_visit_count, revenue_clients.is_active AS revenue_clients_is_active, revenue_clients.created_at AS revenue_clients_created_at, revenue_clients.updated_at AS revenue_clients_updated_at 
FROM revenue_clients 
WHERE revenue_clients.altegio_client_id = %(altegio_client_id_1)s::INTEGER 
 LIMIT %(param_1)s::INTEGER
2026-08-01 12:12:09,109 INFO sqlalchemy.engine.Engine [cached since 0.1761s ago] {'altegio_client_id_1': 178670241, 'param_1': 1}
2026-08-01 12:12:09,110 INFO sqlalchemy.engine.Engine SELECT revenue_clients.id AS revenue_clients_id, revenue_clients.altegio_client_id AS revenue_clients_altegio_client_id, revenue_clients.company_id AS revenue_clients_company_id, revenue_clients.full_name AS revenue_clients_full_name, revenue_clients.phone AS revenue_clients_phone, revenue_clients.email AS revenue_clients_email, revenue_clients.birthday AS revenue_clients_birthday, revenue_clients.last_visit_date AS revenue_clients_last_visit_date, revenue_clients.first_visit_date AS revenue_clients_first_visit_date, revenue_clients.master_id AS revenue_clients_master_id, revenue_clients.last_service_id AS revenue_clients_last_service_id, revenue_clients.total_visits AS revenue_clients_total_visits, revenue_clients.total_spent AS revenue_clients_total_spent, revenue_clients.raw_data AS revenue_clients_raw_data, revenue_clients.last_visit_at AS revenue_clients_last_visit_at, revenue_clients.last_service_name AS revenue_clients_last_service_name, revenue_clients.visit_count AS revenue_clients_visit_count, revenue_clients.is_active AS revenue_clients_is_active, revenue_clients.created_at AS revenue_clients_created_at, revenue_clients.updated_at AS revenue_clients_updated_at 
FROM revenue_clients 
WHERE revenue_clients.altegio_client_id = %(altegio_client_id_1)s::INTEGER 
 LIMIT %(param_1)s::INTEGER
2026-08-01 12:12:09,110 INFO sqlalchemy.engine.Engine [cached since 0.177s ago] {'altegio_client_id_1': 178689178, 'param_1': 1}
2026-08-01 12:12:09,111 INFO sqlalchemy.engine.Engine SELECT revenue_clients.id AS revenue_clients_id, revenue_clients.altegio_client_id AS revenue_clients_altegio_client_id, revenue_clients.company_id AS revenue_clients_company_id, revenue_clients.full_name AS revenue_clients_full_name, revenue_clients.phone AS revenue_clients_phone, revenue_clients.email AS revenue_clients_email, revenue_clients.birthday AS revenue_clients_birthday, revenue_clients.last_visit_date AS revenue_clients_last_visit_date, revenue_clients.first_visit_date AS revenue_clients_first_visit_date, revenue_clients.master_id AS revenue_clients_master_id, revenue_clients.last_service_id AS revenue_clients_last_service_id, revenue_clients.total_visits AS revenue_clients_total_visits, revenue_clients.total_spent AS revenue_clients_total_spent, revenue_clients.raw_data AS revenue_clients_raw_data, revenue_clients.last_visit_at AS revenue_clients_last_visit_at, revenue_clients.last_service_name AS revenue_clients_last_service_name, revenue_clients.visit_count AS revenue_clients_visit_count, revenue_clients.is_active AS revenue_clients_is_active, revenue_clients.created_at AS revenue_clients_created_at, revenue_clients.updated_at AS revenue_clients_updated_at 
FROM revenue_clients 
WHERE revenue_clients.altegio_client_id = %(altegio_client_id_1)s::INTEGER 
 LIMIT %(param_1)s::INTEGER
2026-08-01 12:12:09,111 INFO sqlalchemy.engine.Engine [cached since 0.178s ago] {'altegio_client_id_1': 178689360, 'param_1': 1}
2026-08-01 12:12:09,112 INFO sqlalchemy.engine.Engine SELECT revenue_clients.id AS revenue_clients_id, revenue_clients.altegio_client_id AS revenue_clients_altegio_client_id, revenue_clients.company_id AS revenue_clients_company_id, revenue_clients.full_name AS revenue_clients_full_name, revenue_clients.phone AS revenue_clients_phone, revenue_clients.email AS revenue_clients_email, revenue_clients.birthday AS revenue_clients_birthday, revenue_clients.last_visit_date AS revenue_clients_last_visit_date, revenue_clients.first_visit_date AS revenue_clients_first_visit_date, revenue_clients.master_id AS revenue_clients_master_id, revenue_clients.last_service_id AS revenue_clients_last_service_id, revenue_clients.total_visits AS revenue_clients_total_visits, revenue_clients.total_spent AS revenue_clients_total_spent, revenue_clients.raw_data AS revenue_clients_raw_data, revenue_clients.last_visit_at AS revenue_clients_last_visit_at, revenue_clients.last_service_name AS revenue_clients_last_service_name, revenue_clients.visit_count AS revenue_clients_visit_count, revenue_clients.is_active AS revenue_clients_is_active, revenue_clients.created_at AS revenue_clients_created_at, revenue_clients.updated_at AS revenue_clients_updated_at 
FROM revenue_clients 
WHERE revenue_clients.altegio_client_id = %(altegio_client_id_1)s::INTEGER 
 LIMIT %(param_1)s::INTEGER
2026-08-01 12:12:09,112 INFO sqlalchemy.engine.Engine [cached since 0.179s ago] {'altegio_client_id_1': 178947532, 'param_1': 1}
2026-08-01 12:12:09,113 INFO sqlalchemy.engine.Engine SELECT revenue_clients.id AS revenue_clients_id, revenue_clients.altegio_client_id AS revenue_clients_altegio_client_id, revenue_clients.company_id AS revenue_clients_company_id, revenue_clients.full_name AS revenue_clients_full_name, revenue_clients.phone AS revenue_clients_phone, revenue_clients.email AS revenue_clients_email, revenue_clients.birthday AS revenue_clients_birthday, revenue_clients.last_visit_date AS revenue_clients_last_visit_date, revenue_clients.first_visit_date AS revenue_clients_first_visit_date, revenue_clients.master_id AS revenue_clients_master_id, revenue_clients.last_service_id AS revenue_clients_last_service_id, revenue_clients.total_visits AS revenue_clients_total_visits, revenue_clients.total_spent AS revenue_clients_total_spent, revenue_clients.raw_data AS revenue_clients_raw_data, revenue_clients.last_visit_at AS revenue_clients_last_visit_at, revenue_clients.last_service_name AS revenue_clients_last_service_name, revenue_clients.visit_count AS revenue_clients_visit_count, revenue_clients.is_active AS revenue_clients_is_active, revenue_clients.created_at AS revenue_clients_created_at, revenue_clients.updated_at AS revenue_clients_updated_at 
FROM revenue_clients 
WHERE revenue_clients.altegio_client_id = %(altegio_client_id_1)s::INTEGER 
 LIMIT %(param_1)s::INTEGER
2026-08-01 12:12:09,113 INFO sqlalchemy.engine.Engine [cached since 0.1799s ago] {'altegio_client_id_1': 178971282, 'param_1': 1}
2026-08-01 12:12:09,113 INFO sqlalchemy.engine.Engine SELECT revenue_clients.id AS revenue_clients_id, revenue_clients.altegio_client_id AS revenue_clients_altegio_client_id, revenue_clients.company_id AS revenue_clients_company_id, revenue_clients.full_name AS revenue_clients_full_name, revenue_clients.phone AS revenue_clients_phone, revenue_clients.email AS revenue_clients_email, revenue_clients.birthday AS revenue_clients_birthday, revenue_clients.last_visit_date AS revenue_clients_last_visit_date, revenue_clients.first_visit_date AS revenue_clients_first_visit_date, revenue_clients.master_id AS revenue_clients_master_id, revenue_clients.last_service_id AS revenue_clients_last_service_id, revenue_clients.total_visits AS revenue_clients_total_visits, revenue_clients.total_spent AS revenue_clients_total_spent, revenue_clients.raw_data AS revenue_clients_raw_data, revenue_clients.last_visit_at AS revenue_clients_last_visit_at, revenue_clients.last_service_name AS revenue_clients_last_service_name, revenue_clients.visit_count AS revenue_clients_visit_count, revenue_clients.is_active AS revenue_clients_is_active, revenue_clients.created_at AS revenue_clients_created_at, revenue_clients.updated_at AS revenue_clients_updated_at 
FROM revenue_clients 
WHERE revenue_clients.altegio_client_id = %(altegio_client_id_1)s::INTEGER 
 LIMIT %(param_1)s::INTEGER
2026-08-01 12:12:09,114 INFO sqlalchemy.engine.Engine [cached since 0.1808s ago] {'altegio_client_id_1': 178989394, 'param_1': 1}
2026-08-01 12:12:09,114 INFO sqlalchemy.engine.Engine SELECT revenue_clients.id AS revenue_clients_id, revenue_clients.altegio_client_id AS revenue_clients_altegio_client_id, revenue_clients.company_id AS revenue_clients_company_id, revenue_clients.full_name AS revenue_clients_full_name, revenue_clients.phone AS revenue_clients_phone, revenue_clients.email AS revenue_clients_email, revenue_clients.birthday AS revenue_clients_birthday, revenue_clients.last_visit_date AS revenue_clients_last_visit_date, revenue_clients.first_visit_date AS revenue_clients_first_visit_date, revenue_clients.master_id AS revenue_clients_master_id, revenue_clients.last_service_id AS revenue_clients_last_service_id, revenue_clients.total_visits AS revenue_clients_total_visits, revenue_clients.total_spent AS revenue_clients_total_spent, revenue_clients.raw_data AS revenue_clients_raw_data, revenue_clients.last_visit_at AS revenue_clients_last_visit_at, revenue_clients.last_service_name AS revenue_clients_last_service_name, revenue_clients.visit_count AS revenue_clients_visit_count, revenue_clients.is_active AS revenue_clients_is_active, revenue_clients.created_at AS revenue_clients_created_at, revenue_clients.updated_at AS revenue_clients_updated_at 
FROM revenue_clients 
WHERE revenue_clients.altegio_client_id = %(altegio_client_id_1)s::INTEGER 
 LIMIT %(param_1)s::INTEGER
2026-08-01 12:12:09,114 INFO sqlalchemy.engine.Engine [cached since 0.1817s ago] {'altegio_client_id_1': 178991395, 'param_1': 1}
2026-08-01 12:12:09,115 INFO sqlalchemy.engine.Engine SELECT revenue_clients.id AS revenue_clients_id, revenue_clients.altegio_client_id AS revenue_clients_altegio_client_id, revenue_clients.company_id AS revenue_clients_company_id, revenue_clients.full_name AS revenue_clients_full_name, revenue_clients.phone AS revenue_clients_phone, revenue_clients.email AS revenue_clients_email, revenue_clients.birthday AS revenue_clients_birthday, revenue_clients.last_visit_date AS revenue_clients_last_visit_date, revenue_clients.first_visit_date AS revenue_clients_first_visit_date, revenue_clients.master_id AS revenue_clients_master_id, revenue_clients.last_service_id AS revenue_clients_last_service_id, revenue_clients.total_visits AS revenue_clients_total_visits, revenue_clients.total_spent AS revenue_clients_total_spent, revenue_clients.raw_data AS revenue_clients_raw_data, revenue_clients.last_visit_at AS revenue_clients_last_visit_at, revenue_clients.last_service_name AS revenue_clients_last_service_name, revenue_clients.visit_count AS revenue_clients_visit_count, revenue_clients.is_active AS revenue_clients_is_active, revenue_clients.created_at AS revenue_clients_created_at, revenue_clients.updated_at AS revenue_clients_updated_at 
FROM revenue_clients 
WHERE revenue_clients.altegio_client_id = %(altegio_client_id_1)s::INTEGER 
 LIMIT %(param_1)s::INTEGER
2026-08-01 12:12:09,115 INFO sqlalchemy.engine.Engine [cached since 0.1826s ago] {'altegio_client_id_1': 179000691, 'param_1': 1}
2026-08-01 12:12:09,116 INFO sqlalchemy.engine.Engine SELECT revenue_clients.id AS revenue_clients_id, revenue_clients.altegio_client_id AS revenue_clients_altegio_client_id, revenue_clients.company_id AS revenue_clients_company_id, revenue_clients.full_name AS revenue_clients_full_name, revenue_clients.phone AS revenue_clients_phone, revenue_clients.email AS revenue_clients_email, revenue_clients.birthday AS revenue_clients_birthday, revenue_clients.last_visit_date AS revenue_clients_last_visit_date, revenue_clients.first_visit_date AS revenue_clients_first_visit_date, revenue_clients.master_id AS revenue_clients_master_id, revenue_clients.last_service_id AS revenue_clients_last_service_id, revenue_clients.total_visits AS revenue_clients_total_visits, revenue_clients.total_spent AS revenue_clients_total_spent, revenue_clients.raw_data AS revenue_clients_raw_data, revenue_clients.last_visit_at AS revenue_clients_last_visit_at, revenue_clients.last_service_name AS revenue_clients_last_service_name, revenue_clients.visit_count AS revenue_clients_visit_count, revenue_clients.is_active AS revenue_clients_is_active, revenue_clients.created_at AS revenue_clients_created_at, revenue_clients.updated_at AS revenue_clients_updated_at 
FROM revenue_clients 
WHERE revenue_clients.altegio_client_id = %(altegio_client_id_1)s::INTEGER 
 LIMIT %(param_1)s::INTEGER
2026-08-01 12:12:09,116 INFO sqlalchemy.engine.Engine [cached since 0.1835s ago] {'altegio_client_id_1': 179016960, 'param_1': 1}
2026-08-01 12:12:09,117 INFO sqlalchemy.engine.Engine SELECT revenue_clients.id AS revenue_clients_id, revenue_clients.altegio_client_id AS revenue_clients_altegio_client_id, revenue_clients.company_id AS revenue_clients_company_id, revenue_clients.full_name AS revenue_clients_full_name, revenue_clients.phone AS revenue_clients_phone, revenue_clients.email AS revenue_clients_email, revenue_clients.birthday AS revenue_clients_birthday, revenue_clients.last_visit_date AS revenue_clients_last_visit_date, revenue_clients.first_visit_date AS revenue_clients_first_visit_date, revenue_clients.master_id AS revenue_clients_master_id, revenue_clients.last_service_id AS revenue_clients_last_service_id, revenue_clients.total_visits AS revenue_clients_total_visits, revenue_clients.total_spent AS revenue_clients_total_spent, revenue_clients.raw_data AS revenue_clients_raw_data, revenue_clients.last_visit_at AS revenue_clients_last_visit_at, revenue_clients.last_service_name AS revenue_clients_last_service_name, revenue_clients.visit_count AS revenue_clients_visit_count, revenue_clients.is_active AS revenue_clients_is_active, revenue_clients.created_at AS revenue_clients_created_at, revenue_clients.updated_at AS revenue_clients_updated_at 
FROM revenue_clients 
WHERE revenue_clients.altegio_client_id = %(altegio_client_id_1)s::INTEGER 
 LIMIT %(param_1)s::INTEGER
2026-08-01 12:12:09,117 INFO sqlalchemy.engine.Engine [cached since 0.1844s ago] {'altegio_client_id_1': 179031831, 'param_1': 1}
2026-08-01 12:12:09,118 INFO sqlalchemy.engine.Engine SELECT revenue_clients.id AS revenue_clients_id, revenue_clients.altegio_client_id AS revenue_clients_altegio_client_id, revenue_clients.company_id AS revenue_clients_company_id, revenue_clients.full_name AS revenue_clients_full_name, revenue_clients.phone AS revenue_clients_phone, revenue_clients.email AS revenue_clients_email, revenue_clients.birthday AS revenue_clients_birthday, revenue_clients.last_visit_date AS revenue_clients_last_visit_date, revenue_clients.first_visit_date AS revenue_clients_first_visit_date, revenue_clients.master_id AS revenue_clients_master_id, revenue_clients.last_service_id AS revenue_clients_last_service_id, revenue_clients.total_visits AS revenue_clients_total_visits, revenue_clients.total_spent AS revenue_clients_total_spent, revenue_clients.raw_data AS revenue_clients_raw_data, revenue_clients.last_visit_at AS revenue_clients_last_visit_at, revenue_clients.last_service_name AS revenue_clients_last_service_name, revenue_clients.visit_count AS revenue_clients_visit_count, revenue_clients.is_active AS revenue_clients_is_active, revenue_clients.created_at AS revenue_clients_created_at, revenue_clients.updated_at AS revenue_clients_updated_at 
FROM revenue_clients 
WHERE revenue_clients.altegio_client_id = %(altegio_client_id_1)s::INTEGER 
 LIMIT %(param_1)s::INTEGER
2026-08-01 12:12:09,118 INFO sqlalchemy.engine.Engine [cached since 0.1853s ago] {'altegio_client_id_1': 179041261, 'param_1': 1}
2026-08-01 12:12:09,119 INFO sqlalchemy.engine.Engine SELECT revenue_clients.id AS revenue_clients_id, revenue_clients.altegio_client_id AS revenue_clients_altegio_client_id, revenue_clients.company_id AS revenue_clients_company_id, revenue_clients.full_name AS revenue_clients_full_name, revenue_clients.phone AS revenue_clients_phone, revenue_clients.email AS revenue_clients_email, revenue_clients.birthday AS revenue_clients_birthday, revenue_clients.last_visit_date AS revenue_clients_last_visit_date, revenue_clients.first_visit_date AS revenue_clients_first_visit_date, revenue_clients.master_id AS revenue_clients_master_id, revenue_clients.last_service_id AS revenue_clients_last_service_id, revenue_clients.total_visits AS revenue_clients_total_visits, revenue_clients.total_spent AS revenue_clients_total_spent, revenue_clients.raw_data AS revenue_clients_raw_data, revenue_clients.last_visit_at AS revenue_clients_last_visit_at, revenue_clients.last_service_name AS revenue_clients_last_service_name, revenue_clients.visit_count AS revenue_clients_visit_count, revenue_clients.is_active AS revenue_clients_is_active, revenue_clients.created_at AS revenue_clients_created_at, revenue_clients.updated_at AS revenue_clients_updated_at 
FROM revenue_clients 
WHERE revenue_clients.altegio_client_id = %(altegio_client_id_1)s::INTEGER 
 LIMIT %(param_1)s::INTEGER
2026-08-01 12:12:09,119 INFO sqlalchemy.engine.Engine [cached since 0.1862s ago] {'altegio_client_id_1': 179043062, 'param_1': 1}
2026-08-01 12:12:09,120 INFO sqlalchemy.engine.Engine SELECT revenue_clients.id AS revenue_clients_id, revenue_clients.altegio_client_id AS revenue_clients_altegio_client_id, revenue_clients.company_id AS revenue_clients_company_id, revenue_clients.full_name AS revenue_clients_full_name, revenue_clients.phone AS revenue_clients_phone, revenue_clients.email AS revenue_clients_email, revenue_clients.birthday AS revenue_clients_birthday, revenue_clients.last_visit_date AS revenue_clients_last_visit_date, revenue_clients.first_visit_date AS revenue_clients_first_visit_date, revenue_clients.master_id AS revenue_clients_master_id, revenue_clients.last_service_id AS revenue_clients_last_service_id, revenue_clients.total_visits AS revenue_clients_total_visits, revenue_clients.total_spent AS revenue_clients_total_spent, revenue_clients.raw_data AS revenue_clients_raw_data, revenue_clients.last_visit_at AS revenue_clients_last_visit_at, revenue_clients.last_service_name AS revenue_clients_last_service_name, revenue_clients.visit_count AS revenue_clients_visit_count, revenue_clients.is_active AS revenue_clients_is_active, revenue_clients.created_at AS revenue_clients_created_at, revenue_clients.updated_at AS revenue_clients_updated_at 
FROM revenue_clients 
WHERE revenue_clients.altegio_client_id = %(altegio_client_id_1)s::INTEGER 
 LIMIT %(param_1)s::INTEGER
2026-08-01 12:12:09,120 INFO sqlalchemy.engine.Engine [cached since 0.187s ago] {'altegio_client_id_1': 179085229, 'param_1': 1}
2026-08-01 12:12:09,121 INFO sqlalchemy.engine.Engine SELECT revenue_clients.id AS revenue_clients_id, revenue_clients.altegio_client_id AS revenue_clients_altegio_client_id, revenue_clients.company_id AS revenue_clients_company_id, revenue_clients.full_name AS revenue_clients_full_name, revenue_clients.phone AS revenue_clients_phone, revenue_clients.email AS revenue_clients_email, revenue_clients.birthday AS revenue_clients_birthday, revenue_clients.last_visit_date AS revenue_clients_last_visit_date, revenue_clients.first_visit_date AS revenue_clients_first_visit_date, revenue_clients.master_id AS revenue_clients_master_id, revenue_clients.last_service_id AS revenue_clients_last_service_id, revenue_clients.total_visits AS revenue_clients_total_visits, revenue_clients.total_spent AS revenue_clients_total_spent, revenue_clients.raw_data AS revenue_clients_raw_data, revenue_clients.last_visit_at AS revenue_clients_last_visit_at, revenue_clients.last_service_name AS revenue_clients_last_service_name, revenue_clients.visit_count AS revenue_clients_visit_count, revenue_clients.is_active AS revenue_clients_is_active, revenue_clients.created_at AS revenue_clients_created_at, revenue_clients.updated_at AS revenue_clients_updated_at 
FROM revenue_clients 
WHERE revenue_clients.altegio_client_id = %(altegio_client_id_1)s::INTEGER 
 LIMIT %(param_1)s::INTEGER
2026-08-01 12:12:09,121 INFO sqlalchemy.engine.Engine [cached since 0.188s ago] {'altegio_client_id_1': 179120009, 'param_1': 1}
2026-08-01 12:12:09,122 INFO sqlalchemy.engine.Engine SELECT revenue_clients.id AS revenue_clients_id, revenue_clients.altegio_client_id AS revenue_clients_altegio_client_id, revenue_clients.company_id AS revenue_clients_company_id, revenue_clients.full_name AS revenue_clients_full_name, revenue_clients.phone AS revenue_clients_phone, revenue_clients.email AS revenue_clients_email, revenue_clients.birthday AS revenue_clients_birthday, revenue_clients.last_visit_date AS revenue_clients_last_visit_date, revenue_clients.first_visit_date AS revenue_clients_first_visit_date, revenue_clients.master_id AS revenue_clients_master_id, revenue_clients.last_service_id AS revenue_clients_last_service_id, revenue_clients.total_visits AS revenue_clients_total_visits, revenue_clients.total_spent AS revenue_clients_total_spent, revenue_clients.raw_data AS revenue_clients_raw_data, revenue_clients.last_visit_at AS revenue_clients_last_visit_at, revenue_clients.last_service_name AS revenue_clients_last_service_name, revenue_clients.visit_count AS revenue_clients_visit_count, revenue_clients.is_active AS revenue_clients_is_active, revenue_clients.created_at AS revenue_clients_created_at, revenue_clients.updated_at AS revenue_clients_updated_at 
FROM revenue_clients 
WHERE revenue_clients.altegio_client_id = %(altegio_client_id_1)s::INTEGER 
 LIMIT %(param_1)s::INTEGER
2026-08-01 12:12:09,122 INFO sqlalchemy.engine.Engine [cached since 0.1888s ago] {'altegio_client_id_1': 179132162, 'param_1': 1}
2026-08-01 12:12:09,122 INFO sqlalchemy.engine.Engine SELECT revenue_clients.id AS revenue_clients_id, revenue_clients.altegio_client_id AS revenue_clients_altegio_client_id, revenue_clients.company_id AS revenue_clients_company_id, revenue_clients.full_name AS revenue_clients_full_name, revenue_clients.phone AS revenue_clients_phone, revenue_clients.email AS revenue_clients_email, revenue_clients.birthday AS revenue_clients_birthday, revenue_clients.last_visit_date AS revenue_clients_last_visit_date, revenue_clients.first_visit_date AS revenue_clients_first_visit_date, revenue_clients.master_id AS revenue_clients_master_id, revenue_clients.last_service_id AS revenue_clients_last_service_id, revenue_clients.total_visits AS revenue_clients_total_visits, revenue_clients.total_spent AS revenue_clients_total_spent, revenue_clients.raw_data AS revenue_clients_raw_data, revenue_clients.last_visit_at AS revenue_clients_last_visit_at, revenue_clients.last_service_name AS revenue_clients_last_service_name, revenue_clients.visit_count AS revenue_clients_visit_count, revenue_clients.is_active AS revenue_clients_is_active, revenue_clients.created_at AS revenue_clients_created_at, revenue_clients.updated_at AS revenue_clients_updated_at 
FROM revenue_clients 
WHERE revenue_clients.altegio_client_id = %(altegio_client_id_1)s::INTEGER 
 LIMIT %(param_1)s::INTEGER
2026-08-01 12:12:09,123 INFO sqlalchemy.engine.Engine [cached since 0.1897s ago] {'altegio_client_id_1': 179132742, 'param_1': 1}
2026-08-01 12:12:09,123 INFO sqlalchemy.engine.Engine SELECT revenue_clients.id AS revenue_clients_id, revenue_clients.altegio_client_id AS revenue_clients_altegio_client_id, revenue_clients.company_id AS revenue_clients_company_id, revenue_clients.full_name AS revenue_clients_full_name, revenue_clients.phone AS revenue_clients_phone, revenue_clients.email AS revenue_clients_email, revenue_clients.birthday AS revenue_clients_birthday, revenue_clients.last_visit_date AS revenue_clients_last_visit_date, revenue_clients.first_visit_date AS revenue_clients_first_visit_date, revenue_clients.master_id AS revenue_clients_master_id, revenue_clients.last_service_id AS revenue_clients_last_service_id, revenue_clients.total_visits AS revenue_clients_total_visits, revenue_clients.total_spent AS revenue_clients_total_spent, revenue_clients.raw_data AS revenue_clients_raw_data, revenue_clients.last_visit_at AS revenue_clients_last_visit_at, revenue_clients.last_service_name AS revenue_clients_last_service_name, revenue_clients.visit_count AS revenue_clients_visit_count, revenue_clients.is_active AS revenue_clients_is_active, revenue_clients.created_at AS revenue_clients_created_at, revenue_clients.updated_at AS revenue_clients_updated_at 
FROM revenue_clients 
WHERE revenue_clients.altegio_client_id = %(altegio_client_id_1)s::INTEGER 
 LIMIT %(param_1)s::INTEGER
2026-08-01 12:12:09,123 INFO sqlalchemy.engine.Engine [cached since 0.1906s ago] {'altegio_client_id_1': 179150928, 'param_1': 1}
2026-08-01 12:12:09,124 INFO sqlalchemy.engine.Engine SELECT revenue_clients.id AS revenue_clients_id, revenue_clients.altegio_client_id AS revenue_clients_altegio_client_id, revenue_clients.company_id AS revenue_clients_company_id, revenue_clients.full_name AS revenue_clients_full_name, revenue_clients.phone AS revenue_clients_phone, revenue_clients.email AS revenue_clients_email, revenue_clients.birthday AS revenue_clients_birthday, revenue_clients.last_visit_date AS revenue_clients_last_visit_date, revenue_clients.first_visit_date AS revenue_clients_first_visit_date, revenue_clients.master_id AS revenue_clients_master_id, revenue_clients.last_service_id AS revenue_clients_last_service_id, revenue_clients.total_visits AS revenue_clients_total_visits, revenue_clients.total_spent AS revenue_clients_total_spent, revenue_clients.raw_data AS revenue_clients_raw_data, revenue_clients.last_visit_at AS revenue_clients_last_visit_at, revenue_clients.last_service_name AS revenue_clients_last_service_name, revenue_clients.visit_count AS revenue_clients_visit_count, revenue_clients.is_active AS revenue_clients_is_active, revenue_clients.created_at AS revenue_clients_created_at, revenue_clients.updated_at AS revenue_clients_updated_at 
FROM revenue_clients 
WHERE revenue_clients.altegio_client_id = %(altegio_client_id_1)s::INTEGER 
 LIMIT %(param_1)s::INTEGER
2026-08-01 12:12:09,124 INFO sqlalchemy.engine.Engine [cached since 0.1915s ago] {'altegio_client_id_1': 179172230, 'param_1': 1}
2026-08-01 12:12:09,125 INFO sqlalchemy.engine.Engine SELECT revenue_clients.id AS revenue_clients_id, revenue_clients.altegio_client_id AS revenue_clients_altegio_client_id, revenue_clients.company_id AS revenue_clients_company_id, revenue_clients.full_name AS revenue_clients_full_name, revenue_clients.phone AS revenue_clients_phone, revenue_clients.email AS revenue_clients_email, revenue_clients.birthday AS revenue_clients_birthday, revenue_clients.last_visit_date AS revenue_clients_last_visit_date, revenue_clients.first_visit_date AS revenue_clients_first_visit_date, revenue_clients.master_id AS revenue_clients_master_id, revenue_clients.last_service_id AS revenue_clients_last_service_id, revenue_clients.total_visits AS revenue_clients_total_visits, revenue_clients.total_spent AS revenue_clients_total_spent, revenue_clients.raw_data AS revenue_clients_raw_data, revenue_clients.last_visit_at AS revenue_clients_last_visit_at, revenue_clients.last_service_name AS revenue_clients_last_service_name, revenue_clients.visit_count AS revenue_clients_visit_count, revenue_clients.is_active AS revenue_clients_is_active, revenue_clients.created_at AS revenue_clients_created_at, revenue_clients.updated_at AS revenue_clients_updated_at 
FROM revenue_clients 
WHERE revenue_clients.altegio_client_id = %(altegio_client_id_1)s::INTEGER 
 LIMIT %(param_1)s::INTEGER
2026-08-01 12:12:09,125 INFO sqlalchemy.engine.Engine [cached since 0.1924s ago] {'altegio_client_id_1': 179227634, 'param_1': 1}
2026-08-01 12:12:09,126 INFO sqlalchemy.engine.Engine SELECT revenue_clients.id AS revenue_clients_id, revenue_clients.altegio_client_id AS revenue_clients_altegio_client_id, revenue_clients.company_id AS revenue_clients_company_id, revenue_clients.full_name AS revenue_clients_full_name, revenue_clients.phone AS revenue_clients_phone, revenue_clients.email AS revenue_clients_email, revenue_clients.birthday AS revenue_clients_birthday, revenue_clients.last_visit_date AS revenue_clients_last_visit_date, revenue_clients.first_visit_date AS revenue_clients_first_visit_date, revenue_clients.master_id AS revenue_clients_master_id, revenue_clients.last_service_id AS revenue_clients_last_service_id, revenue_clients.total_visits AS revenue_clients_total_visits, revenue_clients.total_spent AS revenue_clients_total_spent, revenue_clients.raw_data AS revenue_clients_raw_data, revenue_clients.last_visit_at AS revenue_clients_last_visit_at, revenue_clients.last_service_name AS revenue_clients_last_service_name, revenue_clients.visit_count AS revenue_clients_visit_count, revenue_clients.is_active AS revenue_clients_is_active, revenue_clients.created_at AS revenue_clients_created_at, revenue_clients.updated_at AS revenue_clients_updated_at 
FROM revenue_clients 
WHERE revenue_clients.altegio_client_id = %(altegio_client_id_1)s::INTEGER 
 LIMIT %(param_1)s::INTEGER
2026-08-01 12:12:09,126 INFO sqlalchemy.engine.Engine [cached since 0.1933s ago] {'altegio_client_id_1': 179229748, 'param_1': 1}
2026-08-01 12:12:09,127 INFO sqlalchemy.engine.Engine SELECT revenue_clients.id AS revenue_clients_id, revenue_clients.altegio_client_id AS revenue_clients_altegio_client_id, revenue_clients.company_id AS revenue_clients_company_id, revenue_clients.full_name AS revenue_clients_full_name, revenue_clients.phone AS revenue_clients_phone, revenue_clients.email AS revenue_clients_email, revenue_clients.birthday AS revenue_clients_birthday, revenue_clients.last_visit_date AS revenue_clients_last_visit_date, revenue_clients.first_visit_date AS revenue_clients_first_visit_date, revenue_clients.master_id AS revenue_clients_master_id, revenue_clients.last_service_id AS revenue_clients_last_service_id, revenue_clients.total_visits AS revenue_clients_total_visits, revenue_clients.total_spent AS revenue_clients_total_spent, revenue_clients.raw_data AS revenue_clients_raw_data, revenue_clients.last_visit_at AS revenue_clients_last_visit_at, revenue_clients.last_service_name AS revenue_clients_last_service_name, revenue_clients.visit_count AS revenue_clients_visit_count, revenue_clients.is_active AS revenue_clients_is_active, revenue_clients.created_at AS revenue_clients_created_at, revenue_clients.updated_at AS revenue_clients_updated_at 
FROM revenue_clients 
WHERE revenue_clients.altegio_client_id = %(altegio_client_id_1)s::INTEGER 
 LIMIT %(param_1)s::INTEGER
2026-08-01 12:12:09,127 INFO sqlalchemy.engine.Engine [cached since 0.1942s ago] {'altegio_client_id_1': 179267483, 'param_1': 1}
2026-08-01 12:12:09,128 INFO sqlalchemy.engine.Engine SELECT revenue_clients.id AS revenue_clients_id, revenue_clients.altegio_client_id AS revenue_clients_altegio_client_id, revenue_clients.company_id AS revenue_clients_company_id, revenue_clients.full_name AS revenue_clients_full_name, revenue_clients.phone AS revenue_clients_phone, revenue_clients.email AS revenue_clients_email, revenue_clients.birthday AS revenue_clients_birthday, revenue_clients.last_visit_date AS revenue_clients_last_visit_date, revenue_clients.first_visit_date AS revenue_clients_first_visit_date, revenue_clients.master_id AS revenue_clients_master_id, revenue_clients.last_service_id AS revenue_clients_last_service_id, revenue_clients.total_visits AS revenue_clients_total_visits, revenue_clients.total_spent AS revenue_clients_total_spent, revenue_clients.raw_data AS revenue_clients_raw_data, revenue_clients.last_visit_at AS revenue_clients_last_visit_at, revenue_clients.last_service_name AS revenue_clients_last_service_name, revenue_clients.visit_count AS revenue_clients_visit_count, revenue_clients.is_active AS revenue_clients_is_active, revenue_clients.created_at AS revenue_clients_created_at, revenue_clients.updated_at AS revenue_clients_updated_at 
FROM revenue_clients 
WHERE revenue_clients.altegio_client_id = %(altegio_client_id_1)s::INTEGER 
 LIMIT %(param_1)s::INTEGER
2026-08-01 12:12:09,128 INFO sqlalchemy.engine.Engine [cached since 0.1956s ago] {'altegio_client_id_1': 179308851, 'param_1': 1}
2026-08-01 12:12:09,129 INFO sqlalchemy.engine.Engine SELECT revenue_clients.id AS revenue_clients_id, revenue_clients.altegio_client_id AS revenue_clients_altegio_client_id, revenue_clients.company_id AS revenue_clients_company_id, revenue_clients.full_name AS revenue_clients_full_name, revenue_clients.phone AS revenue_clients_phone, revenue_clients.email AS revenue_clients_email, revenue_clients.birthday AS revenue_clients_birthday, revenue_clients.last_visit_date AS revenue_clients_last_visit_date, revenue_clients.first_visit_date AS revenue_clients_first_visit_date, revenue_clients.master_id AS revenue_clients_master_id, revenue_clients.last_service_id AS revenue_clients_last_service_id, revenue_clients.total_visits AS revenue_clients_total_visits, revenue_clients.total_spent AS revenue_clients_total_spent, revenue_clients.raw_data AS revenue_clients_raw_data, revenue_clients.last_visit_at AS revenue_clients_last_visit_at, revenue_clients.last_service_name AS revenue_clients_last_service_name, revenue_clients.visit_count AS revenue_clients_visit_count, revenue_clients.is_active AS revenue_clients_is_active, revenue_clients.created_at AS revenue_clients_created_at, revenue_clients.updated_at AS revenue_clients_updated_at 
FROM revenue_clients 
WHERE revenue_clients.altegio_client_id = %(altegio_client_id_1)s::INTEGER 
 LIMIT %(param_1)s::INTEGER
2026-08-01 12:12:09,129 INFO sqlalchemy.engine.Engine [cached since 0.1967s ago] {'altegio_client_id_1': 179397642, 'param_1': 1}
2026-08-01 12:12:09,130 INFO sqlalchemy.engine.Engine SELECT revenue_clients.id AS revenue_clients_id, revenue_clients.altegio_client_id AS revenue_clients_altegio_client_id, revenue_clients.company_id AS revenue_clients_company_id, revenue_clients.full_name AS revenue_clients_full_name, revenue_clients.phone AS revenue_clients_phone, revenue_clients.email AS revenue_clients_email, revenue_clients.birthday AS revenue_clients_birthday, revenue_clients.last_visit_date AS revenue_clients_last_visit_date, revenue_clients.first_visit_date AS revenue_clients_first_visit_date, revenue_clients.master_id AS revenue_clients_master_id, revenue_clients.last_service_id AS revenue_clients_last_service_id, revenue_clients.total_visits AS revenue_clients_total_visits, revenue_clients.total_spent AS revenue_clients_total_spent, revenue_clients.raw_data AS revenue_clients_raw_data, revenue_clients.last_visit_at AS revenue_clients_last_visit_at, revenue_clients.last_service_name AS revenue_clients_last_service_name, revenue_clients.visit_count AS revenue_clients_visit_count, revenue_clients.is_active AS revenue_clients_is_active, revenue_clients.created_at AS revenue_clients_created_at, revenue_clients.updated_at AS revenue_clients_updated_at 
FROM revenue_clients 
WHERE revenue_clients.altegio_client_id = %(altegio_client_id_1)s::INTEGER 
 LIMIT %(param_1)s::INTEGER
2026-08-01 12:12:09,130 INFO sqlalchemy.engine.Engine [cached since 0.1976s ago] {'altegio_client_id_1': 179414078, 'param_1': 1}
2026-08-01 12:12:09,131 INFO sqlalchemy.engine.Engine SELECT revenue_clients.id AS revenue_clients_id, revenue_clients.altegio_client_id AS revenue_clients_altegio_client_id, revenue_clients.company_id AS revenue_clients_company_id, revenue_clients.full_name AS revenue_clients_full_name, revenue_clients.phone AS revenue_clients_phone, revenue_clients.email AS revenue_clients_email, revenue_clients.birthday AS revenue_clients_birthday, revenue_clients.last_visit_date AS revenue_clients_last_visit_date, revenue_clients.first_visit_date AS revenue_clients_first_visit_date, revenue_clients.master_id AS revenue_clients_master_id, revenue_clients.last_service_id AS revenue_clients_last_service_id, revenue_clients.total_visits AS revenue_clients_total_visits, revenue_clients.total_spent AS revenue_clients_total_spent, revenue_clients.raw_data AS revenue_clients_raw_data, revenue_clients.last_visit_at AS revenue_clients_last_visit_at, revenue_clients.last_service_name AS revenue_clients_last_service_name, revenue_clients.visit_count AS revenue_clients_visit_count, revenue_clients.is_active AS revenue_clients_is_active, revenue_clients.created_at AS revenue_clients_created_at, revenue_clients.updated_at AS revenue_clients_updated_at 
FROM revenue_clients 
WHERE revenue_clients.altegio_client_id = %(altegio_client_id_1)s::INTEGER 
 LIMIT %(param_1)s::INTEGER
2026-08-01 12:12:09,131 INFO sqlalchemy.engine.Engine [cached since 0.1985s ago] {'altegio_client_id_1': 179425772, 'param_1': 1}
2026-08-01 12:12:09,132 INFO sqlalchemy.engine.Engine SELECT revenue_clients.id AS revenue_clients_id, revenue_clients.altegio_client_id AS revenue_clients_altegio_client_id, revenue_clients.company_id AS revenue_clients_company_id, revenue_clients.full_name AS revenue_clients_full_name, revenue_clients.phone AS revenue_clients_phone, revenue_clients.email AS revenue_clients_email, revenue_clients.birthday AS revenue_clients_birthday, revenue_clients.last_visit_date AS revenue_clients_last_visit_date, revenue_clients.first_visit_date AS revenue_clients_first_visit_date, revenue_clients.master_id AS revenue_clients_master_id, revenue_clients.last_service_id AS revenue_clients_last_service_id, revenue_clients.total_visits AS revenue_clients_total_visits, revenue_clients.total_spent AS revenue_clients_total_spent, revenue_clients.raw_data AS revenue_clients_raw_data, revenue_clients.last_visit_at AS revenue_clients_last_visit_at, revenue_clients.last_service_name AS revenue_clients_last_service_name, revenue_clients.visit_count AS revenue_clients_visit_count, revenue_clients.is_active AS revenue_clients_is_active, revenue_clients.created_at AS revenue_clients_created_at, revenue_clients.updated_at AS revenue_clients_updated_at 
FROM revenue_clients 
WHERE revenue_clients.altegio_client_id = %(altegio_client_id_1)s::INTEGER 
 LIMIT %(param_1)s::INTEGER
2026-08-01 12:12:09,132 INFO sqlalchemy.engine.Engine [cached since 0.1994s ago] {'altegio_client_id_1': 179434186, 'param_1': 1}
2026-08-01 12:12:09,133 INFO sqlalchemy.engine.Engine SELECT revenue_clients.id AS revenue_clients_id, revenue_clients.altegio_client_id AS revenue_clients_altegio_client_id, revenue_clients.company_id AS revenue_clients_company_id, revenue_clients.full_name AS revenue_clients_full_name, revenue_clients.phone AS revenue_clients_phone, revenue_clients.email AS revenue_clients_email, revenue_clients.birthday AS revenue_clients_birthday, revenue_clients.last_visit_date AS revenue_clients_last_visit_date, revenue_clients.first_visit_date AS revenue_clients_first_visit_date, revenue_clients.master_id AS revenue_clients_master_id, revenue_clients.last_service_id AS revenue_clients_last_service_id, revenue_clients.total_visits AS revenue_clients_total_visits, revenue_clients.total_spent AS revenue_clients_total_spent, revenue_clients.raw_data AS revenue_clients_raw_data, revenue_clients.last_visit_at AS revenue_clients_last_visit_at, revenue_clients.last_service_name AS revenue_clients_last_service_name, revenue_clients.visit_count AS revenue_clients_visit_count, revenue_clients.is_active AS revenue_clients_is_active, revenue_clients.created_at AS revenue_clients_created_at, revenue_clients.updated_at AS revenue_clients_updated_at 
FROM revenue_clients 
WHERE revenue_clients.altegio_client_id = %(altegio_client_id_1)s::INTEGER 
 LIMIT %(param_1)s::INTEGER
2026-08-01 12:12:09,133 INFO sqlalchemy.engine.Engine [cached since 0.2002s ago] {'altegio_client_id_1': 179440630, 'param_1': 1}
2026-08-01 12:12:09,134 INFO sqlalchemy.engine.Engine SELECT revenue_clients.id AS revenue_clients_id, revenue_clients.altegio_client_id AS revenue_clients_altegio_client_id, revenue_clients.company_id AS revenue_clients_company_id, revenue_clients.full_name AS revenue_clients_full_name, revenue_clients.phone AS revenue_clients_phone, revenue_clients.email AS revenue_clients_email, revenue_clients.birthday AS revenue_clients_birthday, revenue_clients.last_visit_date AS revenue_clients_last_visit_date, revenue_clients.first_visit_date AS revenue_clients_first_visit_date, revenue_clients.master_id AS revenue_clients_master_id, revenue_clients.last_service_id AS revenue_clients_last_service_id, revenue_clients.total_visits AS revenue_clients_total_visits, revenue_clients.total_spent AS revenue_clients_total_spent, revenue_clients.raw_data AS revenue_clients_raw_data, revenue_clients.last_visit_at AS revenue_clients_last_visit_at, revenue_clients.last_service_name AS revenue_clients_last_service_name, revenue_clients.visit_count AS revenue_clients_visit_count, revenue_clients.is_active AS revenue_clients_is_active, revenue_clients.created_at AS revenue_clients_created_at, revenue_clients.updated_at AS revenue_clients_updated_at 
FROM revenue_clients 
WHERE revenue_clients.altegio_client_id = %(altegio_client_id_1)s::INTEGER 
 LIMIT %(param_1)s::INTEGER
2026-08-01 12:12:09,134 INFO sqlalchemy.engine.Engine [cached since 0.2011s ago] {'altegio_client_id_1': 179444656, 'param_1': 1}
2026-08-01 12:12:09,135 INFO sqlalchemy.engine.Engine SELECT revenue_clients.id AS revenue_clients_id, revenue_clients.altegio_client_id AS revenue_clients_altegio_client_id, revenue_clients.company_id AS revenue_clients_company_id, revenue_clients.full_name AS revenue_clients_full_name, revenue_clients.phone AS revenue_clients_phone, revenue_clients.email AS revenue_clients_email, revenue_clients.birthday AS revenue_clients_birthday, revenue_clients.last_visit_date AS revenue_clients_last_visit_date, revenue_clients.first_visit_date AS revenue_clients_first_visit_date, revenue_clients.master_id AS revenue_clients_master_id, revenue_clients.last_service_id AS revenue_clients_last_service_id, revenue_clients.total_visits AS revenue_clients_total_visits, revenue_clients.total_spent AS revenue_clients_total_spent, revenue_clients.raw_data AS revenue_clients_raw_data, revenue_clients.last_visit_at AS revenue_clients_last_visit_at, revenue_clients.last_service_name AS revenue_clients_last_service_name, revenue_clients.visit_count AS revenue_clients_visit_count, revenue_clients.is_active AS revenue_clients_is_active, revenue_clients.created_at AS revenue_clients_created_at, revenue_clients.updated_at AS revenue_clients_updated_at 
FROM revenue_clients 
WHERE revenue_clients.altegio_client_id = %(altegio_client_id_1)s::INTEGER 
 LIMIT %(param_1)s::INTEGER
2026-08-01 12:12:09,135 INFO sqlalchemy.engine.Engine [cached since 0.2019s ago] {'altegio_client_id_1': 179444984, 'param_1': 1}
2026-08-01 12:12:09,135 INFO sqlalchemy.engine.Engine SELECT revenue_clients.id AS revenue_clients_id, revenue_clients.altegio_client_id AS revenue_clients_altegio_client_id, revenue_clients.company_id AS revenue_clients_company_id, revenue_clients.full_name AS revenue_clients_full_name, revenue_clients.phone AS revenue_clients_phone, revenue_clients.email AS revenue_clients_email, revenue_clients.birthday AS revenue_clients_birthday, revenue_clients.last_visit_date AS revenue_clients_last_visit_date, revenue_clients.first_visit_date AS revenue_clients_first_visit_date, revenue_clients.master_id AS revenue_clients_master_id, revenue_clients.last_service_id AS revenue_clients_last_service_id, revenue_clients.total_visits AS revenue_clients_total_visits, revenue_clients.total_spent AS revenue_clients_total_spent, revenue_clients.raw_data AS revenue_clients_raw_data, revenue_clients.last_visit_at AS revenue_clients_last_visit_at, revenue_clients.last_service_name AS revenue_clients_last_service_name, revenue_clients.visit_count AS revenue_clients_visit_count, revenue_clients.is_active AS revenue_clients_is_active, revenue_clients.created_at AS revenue_clients_created_at, revenue_clients.updated_at AS revenue_clients_updated_at 
FROM revenue_clients 
WHERE revenue_clients.altegio_client_id = %(altegio_client_id_1)s::INTEGER 
 LIMIT %(param_1)s::INTEGER
2026-08-01 12:12:09,136 INFO sqlalchemy.engine.Engine [cached since 0.2028s ago] {'altegio_client_id_1': 179445209, 'param_1': 1}
2026-08-01 12:12:09,136 INFO sqlalchemy.engine.Engine SELECT revenue_clients.id AS revenue_clients_id, revenue_clients.altegio_client_id AS revenue_clients_altegio_client_id, revenue_clients.company_id AS revenue_clients_company_id, revenue_clients.full_name AS revenue_clients_full_name, revenue_clients.phone AS revenue_clients_phone, revenue_clients.email AS revenue_clients_email, revenue_clients.birthday AS revenue_clients_birthday, revenue_clients.last_visit_date AS revenue_clients_last_visit_date, revenue_clients.first_visit_date AS revenue_clients_first_visit_date, revenue_clients.master_id AS revenue_clients_master_id, revenue_clients.last_service_id AS revenue_clients_last_service_id, revenue_clients.total_visits AS revenue_clients_total_visits, revenue_clients.total_spent AS revenue_clients_total_spent, revenue_clients.raw_data AS revenue_clients_raw_data, revenue_clients.last_visit_at AS revenue_clients_last_visit_at, revenue_clients.last_service_name AS revenue_clients_last_service_name, revenue_clients.visit_count AS revenue_clients_visit_count, revenue_clients.is_active AS revenue_clients_is_active, revenue_clients.created_at AS revenue_clients_created_at, revenue_clients.updated_at AS revenue_clients_updated_at 
FROM revenue_clients 
WHERE revenue_clients.altegio_client_id = %(altegio_client_id_1)s::INTEGER 
 LIMIT %(param_1)s::INTEGER
2026-08-01 12:12:09,136 INFO sqlalchemy.engine.Engine [cached since 0.2037s ago] {'altegio_client_id_1': 179467388, 'param_1': 1}
2026-08-01 12:12:09,137 INFO sqlalchemy.engine.Engine SELECT revenue_clients.id AS revenue_clients_id, revenue_clients.altegio_client_id AS revenue_clients_altegio_client_id, revenue_clients.company_id AS revenue_clients_company_id, revenue_clients.full_name AS revenue_clients_full_name, revenue_clients.phone AS revenue_clients_phone, revenue_clients.email AS revenue_clients_email, revenue_clients.birthday AS revenue_clients_birthday, revenue_clients.last_visit_date AS revenue_clients_last_visit_date, revenue_clients.first_visit_date AS revenue_clients_first_visit_date, revenue_clients.master_id AS revenue_clients_master_id, revenue_clients.last_service_id AS revenue_clients_last_service_id, revenue_clients.total_visits AS revenue_clients_total_visits, revenue_clients.total_spent AS revenue_clients_total_spent, revenue_clients.raw_data AS revenue_clients_raw_data, revenue_clients.last_visit_at AS revenue_clients_last_visit_at, revenue_clients.last_service_name AS revenue_clients_last_service_name, revenue_clients.visit_count AS revenue_clients_visit_count, revenue_clients.is_active AS revenue_clients_is_active, revenue_clients.created_at AS revenue_clients_created_at, revenue_clients.updated_at AS revenue_clients_updated_at 
FROM revenue_clients 
WHERE revenue_clients.altegio_client_id = %(altegio_client_id_1)s::INTEGER 
 LIMIT %(param_1)s::INTEGER
2026-08-01 12:12:09,137 INFO sqlalchemy.engine.Engine [cached since 0.2046s ago] {'altegio_client_id_1': 179641992, 'param_1': 1}
2026-08-01 12:12:09,138 INFO sqlalchemy.engine.Engine SELECT revenue_clients.id AS revenue_clients_id, revenue_clients.altegio_client_id AS revenue_clients_altegio_client_id, revenue_clients.company_id AS revenue_clients_company_id, revenue_clients.full_name AS revenue_clients_full_name, revenue_clients.phone AS revenue_clients_phone, revenue_clients.email AS revenue_clients_email, revenue_clients.birthday AS revenue_clients_birthday, revenue_clients.last_visit_date AS revenue_clients_last_visit_date, revenue_clients.first_visit_date AS revenue_clients_first_visit_date, revenue_clients.master_id AS revenue_clients_master_id, revenue_clients.last_service_id AS revenue_clients_last_service_id, revenue_clients.total_visits AS revenue_clients_total_visits, revenue_clients.total_spent AS revenue_clients_total_spent, revenue_clients.raw_data AS revenue_clients_raw_data, revenue_clients.last_visit_at AS revenue_clients_last_visit_at, revenue_clients.last_service_name AS revenue_clients_last_service_name, revenue_clients.visit_count AS revenue_clients_visit_count, revenue_clients.is_active AS revenue_clients_is_active, revenue_clients.created_at AS revenue_clients_created_at, revenue_clients.updated_at AS revenue_clients_updated_at 
FROM revenue_clients 
WHERE revenue_clients.altegio_client_id = %(altegio_client_id_1)s::INTEGER 
 LIMIT %(param_1)s::INTEGER
2026-08-01 12:12:09,138 INFO sqlalchemy.engine.Engine [cached since 0.2055s ago] {'altegio_client_id_1': 179665126, 'param_1': 1}
2026-08-01 12:12:09,139 INFO sqlalchemy.engine.Engine SELECT revenue_clients.id AS revenue_clients_id, revenue_clients.altegio_client_id AS revenue_clients_altegio_client_id, revenue_clients.company_id AS revenue_clients_company_id, revenue_clients.full_name AS revenue_clients_full_name, revenue_clients.phone AS revenue_clients_phone, revenue_clients.email AS revenue_clients_email, revenue_clients.birthday AS revenue_clients_birthday, revenue_clients.last_visit_date AS revenue_clients_last_visit_date, revenue_clients.first_visit_date AS revenue_clients_first_visit_date, revenue_clients.master_id AS revenue_clients_master_id, revenue_clients.last_service_id AS revenue_clients_last_service_id, revenue_clients.total_visits AS revenue_clients_total_visits, revenue_clients.total_spent AS revenue_clients_total_spent, revenue_clients.raw_data AS revenue_clients_raw_data, revenue_clients.last_visit_at AS revenue_clients_last_visit_at, revenue_clients.last_service_name AS revenue_clients_last_service_name, revenue_clients.visit_count AS revenue_clients_visit_count, revenue_clients.is_active AS revenue_clients_is_active, revenue_clients.created_at AS revenue_clients_created_at, revenue_clients.updated_at AS revenue_clients_updated_at 
FROM revenue_clients 
WHERE revenue_clients.altegio_client_id = %(altegio_client_id_1)s::INTEGER 
 LIMIT %(param_1)s::INTEGER
2026-08-01 12:12:09,139 INFO sqlalchemy.engine.Engine [cached since 0.2064s ago] {'altegio_client_id_1': 179688661, 'param_1': 1}
2026-08-01 12:12:09,140 INFO sqlalchemy.engine.Engine SELECT revenue_clients.id AS revenue_clients_id, revenue_clients.altegio_client_id AS revenue_clients_altegio_client_id, revenue_clients.company_id AS revenue_clients_company_id, revenue_clients.full_name AS revenue_clients_full_name, revenue_clients.phone AS revenue_clients_phone, revenue_clients.email AS revenue_clients_email, revenue_clients.birthday AS revenue_clients_birthday, revenue_clients.last_visit_date AS revenue_clients_last_visit_date, revenue_clients.first_visit_date AS revenue_clients_first_visit_date, revenue_clients.master_id AS revenue_clients_master_id, revenue_clients.last_service_id AS revenue_clients_last_service_id, revenue_clients.total_visits AS revenue_clients_total_visits, revenue_clients.total_spent AS revenue_clients_total_spent, revenue_clients.raw_data AS revenue_clients_raw_data, revenue_clients.last_visit_at AS revenue_clients_last_visit_at, revenue_clients.last_service_name AS revenue_clients_last_service_name, revenue_clients.visit_count AS revenue_clients_visit_count, revenue_clients.is_active AS revenue_clients_is_active, revenue_clients.created_at AS revenue_clients_created_at, revenue_clients.updated_at AS revenue_clients_updated_at 
FROM revenue_clients 
WHERE revenue_clients.altegio_client_id = %(altegio_client_id_1)s::INTEGER 
 LIMIT %(param_1)s::INTEGER
2026-08-01 12:12:09,140 INFO sqlalchemy.engine.Engine [cached since 0.2073s ago] {'altegio_client_id_1': 179701496, 'param_1': 1}
2026-08-01 12:12:09,141 INFO sqlalchemy.engine.Engine SELECT revenue_clients.id AS revenue_clients_id, revenue_clients.altegio_client_id AS revenue_clients_altegio_client_id, revenue_clients.company_id AS revenue_clients_company_id, revenue_clients.full_name AS revenue_clients_full_name, revenue_clients.phone AS revenue_clients_phone, revenue_clients.email AS revenue_clients_email, revenue_clients.birthday AS revenue_clients_birthday, revenue_clients.last_visit_date AS revenue_clients_last_visit_date, revenue_clients.first_visit_date AS revenue_clients_first_visit_date, revenue_clients.master_id AS revenue_clients_master_id, revenue_clients.last_service_id AS revenue_clients_last_service_id, revenue_clients.total_visits AS revenue_clients_total_visits, revenue_clients.total_spent AS revenue_clients_total_spent, revenue_clients.raw_data AS revenue_clients_raw_data, revenue_clients.last_visit_at AS revenue_clients_last_visit_at, revenue_clients.last_service_name AS revenue_clients_last_service_name, revenue_clients.visit_count AS revenue_clients_visit_count, revenue_clients.is_active AS revenue_clients_is_active, revenue_clients.created_at AS revenue_clients_created_at, revenue_clients.updated_at AS revenue_clients_updated_at 
FROM revenue_clients 
WHERE revenue_clients.altegio_client_id = %(altegio_client_id_1)s::INTEGER 
 LIMIT %(param_1)s::INTEGER
2026-08-01 12:12:09,141 INFO sqlalchemy.engine.Engine [cached since 0.2081s ago] {'altegio_client_id_1': 179729812, 'param_1': 1}
2026-08-01 12:12:09,142 INFO sqlalchemy.engine.Engine SELECT revenue_clients.id AS revenue_clients_id, revenue_clients.altegio_client_id AS revenue_clients_altegio_client_id, revenue_clients.company_id AS revenue_clients_company_id, revenue_clients.full_name AS revenue_clients_full_name, revenue_clients.phone AS revenue_clients_phone, revenue_clients.email AS revenue_clients_email, revenue_clients.birthday AS revenue_clients_birthday, revenue_clients.last_visit_date AS revenue_clients_last_visit_date, revenue_clients.first_visit_date AS revenue_clients_first_visit_date, revenue_clients.master_id AS revenue_clients_master_id, revenue_clients.last_service_id AS revenue_clients_last_service_id, revenue_clients.total_visits AS revenue_clients_total_visits, revenue_clients.total_spent AS revenue_clients_total_spent, revenue_clients.raw_data AS revenue_clients_raw_data, revenue_clients.last_visit_at AS revenue_clients_last_visit_at, revenue_clients.last_service_name AS revenue_clients_last_service_name, revenue_clients.visit_count AS revenue_clients_visit_count, revenue_clients.is_active AS revenue_clients_is_active, revenue_clients.created_at AS revenue_clients_created_at, revenue_clients.updated_at AS revenue_clients_updated_at 
FROM revenue_clients 
WHERE revenue_clients.altegio_client_id = %(altegio_client_id_1)s::INTEGER 
 LIMIT %(param_1)s::INTEGER
2026-08-01 12:12:09,142 INFO sqlalchemy.engine.Engine [cached since 0.209s ago] {'altegio_client_id_1': 179736619, 'param_1': 1}
2026-08-01 12:12:09,143 INFO sqlalchemy.engine.Engine SELECT revenue_clients.id AS revenue_clients_id, revenue_clients.altegio_client_id AS revenue_clients_altegio_client_id, revenue_clients.company_id AS revenue_clients_company_id, revenue_clients.full_name AS revenue_clients_full_name, revenue_clients.phone AS revenue_clients_phone, revenue_clients.email AS revenue_clients_email, revenue_clients.birthday AS revenue_clients_birthday, revenue_clients.last_visit_date AS revenue_clients_last_visit_date, revenue_clients.first_visit_date AS revenue_clients_first_visit_date, revenue_clients.master_id AS revenue_clients_master_id, revenue_clients.last_service_id AS revenue_clients_last_service_id, revenue_clients.total_visits AS revenue_clients_total_visits, revenue_clients.total_spent AS revenue_clients_total_spent, revenue_clients.raw_data AS revenue_clients_raw_data, revenue_clients.last_visit_at AS revenue_clients_last_visit_at, revenue_clients.last_service_name AS revenue_clients_last_service_name, revenue_clients.visit_count AS revenue_clients_visit_count, revenue_clients.is_active AS revenue_clients_is_active, revenue_clients.created_at AS revenue_clients_created_at, revenue_clients.updated_at AS revenue_clients_updated_at 
FROM revenue_clients 
WHERE revenue_clients.altegio_client_id = %(altegio_client_id_1)s::INTEGER 
 LIMIT %(param_1)s::INTEGER
2026-08-01 12:12:09,143 INFO sqlalchemy.engine.Engine [cached since 0.2098s ago] {'altegio_client_id_1': 179737942, 'param_1': 1}
2026-08-01 12:12:09,143 INFO sqlalchemy.engine.Engine SELECT revenue_clients.id AS revenue_clients_id, revenue_clients.altegio_client_id AS revenue_clients_altegio_client_id, revenue_clients.company_id AS revenue_clients_company_id, revenue_clients.full_name AS revenue_clients_full_name, revenue_clients.phone AS revenue_clients_phone, revenue_clients.email AS revenue_clients_email, revenue_clients.birthday AS revenue_clients_birthday, revenue_clients.last_visit_date AS revenue_clients_last_visit_date, revenue_clients.first_visit_date AS revenue_clients_first_visit_date, revenue_clients.master_id AS revenue_clients_master_id, revenue_clients.last_service_id AS revenue_clients_last_service_id, revenue_clients.total_visits AS revenue_clients_total_visits, revenue_clients.total_spent AS revenue_clients_total_spent, revenue_clients.raw_data AS revenue_clients_raw_data, revenue_clients.last_visit_at AS revenue_clients_last_visit_at, revenue_clients.last_service_name AS revenue_clients_last_service_name, revenue_clients.visit_count AS revenue_clients_visit_count, revenue_clients.is_active AS revenue_clients_is_active, revenue_clients.created_at AS revenue_clients_created_at, revenue_clients.updated_at AS revenue_clients_updated_at 
FROM revenue_clients 
WHERE revenue_clients.altegio_client_id = %(altegio_client_id_1)s::INTEGER 
 LIMIT %(param_1)s::INTEGER
2026-08-01 12:12:09,143 INFO sqlalchemy.engine.Engine [cached since 0.2107s ago] {'altegio_client_id_1': 179792034, 'param_1': 1}
2026-08-01 12:12:09,144 INFO sqlalchemy.engine.Engine SELECT revenue_clients.id AS revenue_clients_id, revenue_clients.altegio_client_id AS revenue_clients_altegio_client_id, revenue_clients.company_id AS revenue_clients_company_id, revenue_clients.full_name AS revenue_clients_full_name, revenue_clients.phone AS revenue_clients_phone, revenue_clients.email AS revenue_clients_email, revenue_clients.birthday AS revenue_clients_birthday, revenue_clients.last_visit_date AS revenue_clients_last_visit_date, revenue_clients.first_visit_date AS revenue_clients_first_visit_date, revenue_clients.master_id AS revenue_clients_master_id, revenue_clients.last_service_id AS revenue_clients_last_service_id, revenue_clients.total_visits AS revenue_clients_total_visits, revenue_clients.total_spent AS revenue_clients_total_spent, revenue_clients.raw_data AS revenue_clients_raw_data, revenue_clients.last_visit_at AS revenue_clients_last_visit_at, revenue_clients.last_service_name AS revenue_clients_last_service_name, revenue_clients.visit_count AS revenue_clients_visit_count, revenue_clients.is_active AS revenue_clients_is_active, revenue_clients.created_at AS revenue_clients_created_at, revenue_clients.updated_at AS revenue_clients_updated_at 
FROM revenue_clients 
WHERE revenue_clients.altegio_client_id = %(altegio_client_id_1)s::INTEGER 
 LIMIT %(param_1)s::INTEGER
2026-08-01 12:12:09,144 INFO sqlalchemy.engine.Engine [cached since 0.2115s ago] {'altegio_client_id_1': 179825993, 'param_1': 1}
2026-08-01 12:12:09,145 INFO sqlalchemy.engine.Engine SELECT revenue_clients.id AS revenue_clients_id, revenue_clients.altegio_client_id AS revenue_clients_altegio_client_id, revenue_clients.company_id AS revenue_clients_company_id, revenue_clients.full_name AS revenue_clients_full_name, revenue_clients.phone AS revenue_clients_phone, revenue_clients.email AS revenue_clients_email, revenue_clients.birthday AS revenue_clients_birthday, revenue_clients.last_visit_date AS revenue_clients_last_visit_date, revenue_clients.first_visit_date AS revenue_clients_first_visit_date, revenue_clients.master_id AS revenue_clients_master_id, revenue_clients.last_service_id AS revenue_clients_last_service_id, revenue_clients.total_visits AS revenue_clients_total_visits, revenue_clients.total_spent AS revenue_clients_total_spent, revenue_clients.raw_data AS revenue_clients_raw_data, revenue_clients.last_visit_at AS revenue_clients_last_visit_at, revenue_clients.last_service_name AS revenue_clients_last_service_name, revenue_clients.visit_count AS revenue_clients_visit_count, revenue_clients.is_active AS revenue_clients_is_active, revenue_clients.created_at AS revenue_clients_created_at, revenue_clients.updated_at AS revenue_clients_updated_at 
FROM revenue_clients 
WHERE revenue_clients.altegio_client_id = %(altegio_client_id_1)s::INTEGER 
 LIMIT %(param_1)s::INTEGER
2026-08-01 12:12:09,145 INFO sqlalchemy.engine.Engine [cached since 0.2124s ago] {'altegio_client_id_1': 179828830, 'param_1': 1}
2026-08-01 12:12:09,146 INFO sqlalchemy.engine.Engine SELECT revenue_clients.id AS revenue_clients_id, revenue_clients.altegio_client_id AS revenue_clients_altegio_client_id, revenue_clients.company_id AS revenue_clients_company_id, revenue_clients.full_name AS revenue_clients_full_name, revenue_clients.phone AS revenue_clients_phone, revenue_clients.email AS revenue_clients_email, revenue_clients.birthday AS revenue_clients_birthday, revenue_clients.last_visit_date AS revenue_clients_last_visit_date, revenue_clients.first_visit_date AS revenue_clients_first_visit_date, revenue_clients.master_id AS revenue_clients_master_id, revenue_clients.last_service_id AS revenue_clients_last_service_id, revenue_clients.total_visits AS revenue_clients_total_visits, revenue_clients.total_spent AS revenue_clients_total_spent, revenue_clients.raw_data AS revenue_clients_raw_data, revenue_clients.last_visit_at AS revenue_clients_last_visit_at, revenue_clients.last_service_name AS revenue_clients_last_service_name, revenue_clients.visit_count AS revenue_clients_visit_count, revenue_clients.is_active AS revenue_clients_is_active, revenue_clients.created_at AS revenue_clients_created_at, revenue_clients.updated_at AS revenue_clients_updated_at 
FROM revenue_clients 
WHERE revenue_clients.altegio_client_id = %(altegio_client_id_1)s::INTEGER 
 LIMIT %(param_1)s::INTEGER
2026-08-01 12:12:09,146 INFO sqlalchemy.engine.Engine [cached since 0.2133s ago] {'altegio_client_id_1': 179844294, 'param_1': 1}
2026-08-01 12:12:09,147 INFO sqlalchemy.engine.Engine SELECT revenue_clients.id AS revenue_clients_id, revenue_clients.altegio_client_id AS revenue_clients_altegio_client_id, revenue_clients.company_id AS revenue_clients_company_id, revenue_clients.full_name AS revenue_clients_full_name, revenue_clients.phone AS revenue_clients_phone, revenue_clients.email AS revenue_clients_email, revenue_clients.birthday AS revenue_clients_birthday, revenue_clients.last_visit_date AS revenue_clients_last_visit_date, revenue_clients.first_visit_date AS revenue_clients_first_visit_date, revenue_clients.master_id AS revenue_clients_master_id, revenue_clients.last_service_id AS revenue_clients_last_service_id, revenue_clients.total_visits AS revenue_clients_total_visits, revenue_clients.total_spent AS revenue_clients_total_spent, revenue_clients.raw_data AS revenue_clients_raw_data, revenue_clients.last_visit_at AS revenue_clients_last_visit_at, revenue_clients.last_service_name AS revenue_clients_last_service_name, revenue_clients.visit_count AS revenue_clients_visit_count, revenue_clients.is_active AS revenue_clients_is_active, revenue_clients.created_at AS revenue_clients_created_at, revenue_clients.updated_at AS revenue_clients_updated_at 
FROM revenue_clients 
WHERE revenue_clients.altegio_client_id = %(altegio_client_id_1)s::INTEGER 
 LIMIT %(param_1)s::INTEGER
2026-08-01 12:12:09,147 INFO sqlalchemy.engine.Engine [cached since 0.2141s ago] {'altegio_client_id_1': 179872993, 'param_1': 1}
2026-08-01 12:12:09,148 INFO sqlalchemy.engine.Engine SELECT revenue_clients.id AS revenue_clients_id, revenue_clients.altegio_client_id AS revenue_clients_altegio_client_id, revenue_clients.company_id AS revenue_clients_company_id, revenue_clients.full_name AS revenue_clients_full_name, revenue_clients.phone AS revenue_clients_phone, revenue_clients.email AS revenue_clients_email, revenue_clients.birthday AS revenue_clients_birthday, revenue_clients.last_visit_date AS revenue_clients_last_visit_date, revenue_clients.first_visit_date AS revenue_clients_first_visit_date, revenue_clients.master_id AS revenue_clients_master_id, revenue_clients.last_service_id AS revenue_clients_last_service_id, revenue_clients.total_visits AS revenue_clients_total_visits, revenue_clients.total_spent AS revenue_clients_total_spent, revenue_clients.raw_data AS revenue_clients_raw_data, revenue_clients.last_visit_at AS revenue_clients_last_visit_at, revenue_clients.last_service_name AS revenue_clients_last_service_name, revenue_clients.visit_count AS revenue_clients_visit_count, revenue_clients.is_active AS revenue_clients_is_active, revenue_clients.created_at AS revenue_clients_created_at, revenue_clients.updated_at AS revenue_clients_updated_at 
FROM revenue_clients 
WHERE revenue_clients.altegio_client_id = %(altegio_client_id_1)s::INTEGER 
 LIMIT %(param_1)s::INTEGER
2026-08-01 12:12:09,148 INFO sqlalchemy.engine.Engine [cached since 0.215s ago] {'altegio_client_id_1': 179911339, 'param_1': 1}
2026-08-01 12:12:09,149 INFO sqlalchemy.engine.Engine SELECT revenue_clients.id AS revenue_clients_id, revenue_clients.altegio_client_id AS revenue_clients_altegio_client_id, revenue_clients.company_id AS revenue_clients_company_id, revenue_clients.full_name AS revenue_clients_full_name, revenue_clients.phone AS revenue_clients_phone, revenue_clients.email AS revenue_clients_email, revenue_clients.birthday AS revenue_clients_birthday, revenue_clients.last_visit_date AS revenue_clients_last_visit_date, revenue_clients.first_visit_date AS revenue_clients_first_visit_date, revenue_clients.master_id AS revenue_clients_master_id, revenue_clients.last_service_id AS revenue_clients_last_service_id, revenue_clients.total_visits AS revenue_clients_total_visits, revenue_clients.total_spent AS revenue_clients_total_spent, revenue_clients.raw_data AS revenue_clients_raw_data, revenue_clients.last_visit_at AS revenue_clients_last_visit_at, revenue_clients.last_service_name AS revenue_clients_last_service_name, revenue_clients.visit_count AS revenue_clients_visit_count, revenue_clients.is_active AS revenue_clients_is_active, revenue_clients.created_at AS revenue_clients_created_at, revenue_clients.updated_at AS revenue_clients_updated_at 
FROM revenue_clients 
WHERE revenue_clients.altegio_client_id = %(altegio_client_id_1)s::INTEGER 
 LIMIT %(param_1)s::INTEGER
2026-08-01 12:12:09,149 INFO sqlalchemy.engine.Engine [cached since 0.2158s ago] {'altegio_client_id_1': 179975090, 'param_1': 1}
2026-08-01 12:12:09,149 INFO sqlalchemy.engine.Engine SELECT revenue_clients.id AS revenue_clients_id, revenue_clients.altegio_client_id AS revenue_clients_altegio_client_id, revenue_clients.company_id AS revenue_clients_company_id, revenue_clients.full_name AS revenue_clients_full_name, revenue_clients.phone AS revenue_clients_phone, revenue_clients.email AS revenue_clients_email, revenue_clients.birthday AS revenue_clients_birthday, revenue_clients.last_visit_date AS revenue_clients_last_visit_date, revenue_clients.first_visit_date AS revenue_clients_first_visit_date, revenue_clients.master_id AS revenue_clients_master_id, revenue_clients.last_service_id AS revenue_clients_last_service_id, revenue_clients.total_visits AS revenue_clients_total_visits, revenue_clients.total_spent AS revenue_clients_total_spent, revenue_clients.raw_data AS revenue_clients_raw_data, revenue_clients.last_visit_at AS revenue_clients_last_visit_at, revenue_clients.last_service_name AS revenue_clients_last_service_name, revenue_clients.visit_count AS revenue_clients_visit_count, revenue_clients.is_active AS revenue_clients_is_active, revenue_clients.created_at AS revenue_clients_created_at, revenue_clients.updated_at AS revenue_clients_updated_at 
FROM revenue_clients 
WHERE revenue_clients.altegio_client_id = %(altegio_client_id_1)s::INTEGER 
 LIMIT %(param_1)s::INTEGER
2026-08-01 12:12:09,149 INFO sqlalchemy.engine.Engine [cached since 0.2167s ago] {'altegio_client_id_1': 179993160, 'param_1': 1}
2026-08-01 12:12:09,150 INFO sqlalchemy.engine.Engine SELECT revenue_clients.id AS revenue_clients_id, revenue_clients.altegio_client_id AS revenue_clients_altegio_client_id, revenue_clients.company_id AS revenue_clients_company_id, revenue_clients.full_name AS revenue_clients_full_name, revenue_clients.phone AS revenue_clients_phone, revenue_clients.email AS revenue_clients_email, revenue_clients.birthday AS revenue_clients_birthday, revenue_clients.last_visit_date AS revenue_clients_last_visit_date, revenue_clients.first_visit_date AS revenue_clients_first_visit_date, revenue_clients.master_id AS revenue_clients_master_id, revenue_clients.last_service_id AS revenue_clients_last_service_id, revenue_clients.total_visits AS revenue_clients_total_visits, revenue_clients.total_spent AS revenue_clients_total_spent, revenue_clients.raw_data AS revenue_clients_raw_data, revenue_clients.last_visit_at AS revenue_clients_last_visit_at, revenue_clients.last_service_name AS revenue_clients_last_service_name, revenue_clients.visit_count AS revenue_clients_visit_count, revenue_clients.is_active AS revenue_clients_is_active, revenue_clients.created_at AS revenue_clients_created_at, revenue_clients.updated_at AS revenue_clients_updated_at 
FROM revenue_clients 
WHERE revenue_clients.altegio_client_id = %(altegio_client_id_1)s::INTEGER 
 LIMIT %(param_1)s::INTEGER
2026-08-01 12:12:09,150 INFO sqlalchemy.engine.Engine [cached since 0.2175s ago] {'altegio_client_id_1': 180016228, 'param_1': 1}
2026-08-01 12:12:09,151 INFO sqlalchemy.engine.Engine SELECT revenue_clients.id AS revenue_clients_id, revenue_clients.altegio_client_id AS revenue_clients_altegio_client_id, revenue_clients.company_id AS revenue_clients_company_id, revenue_clients.full_name AS revenue_clients_full_name, revenue_clients.phone AS revenue_clients_phone, revenue_clients.email AS revenue_clients_email, revenue_clients.birthday AS revenue_clients_birthday, revenue_clients.last_visit_date AS revenue_clients_last_visit_date, revenue_clients.first_visit_date AS revenue_clients_first_visit_date, revenue_clients.master_id AS revenue_clients_master_id, revenue_clients.last_service_id AS revenue_clients_last_service_id, revenue_clients.total_visits AS revenue_clients_total_visits, revenue_clients.total_spent AS revenue_clients_total_spent, revenue_clients.raw_data AS revenue_clients_raw_data, revenue_clients.last_visit_at AS revenue_clients_last_visit_at, revenue_clients.last_service_name AS revenue_clients_last_service_name, revenue_clients.visit_count AS revenue_clients_visit_count, revenue_clients.is_active AS revenue_clients_is_active, revenue_clients.created_at AS revenue_clients_created_at, revenue_clients.updated_at AS revenue_clients_updated_at 
FROM revenue_clients 
WHERE revenue_clients.altegio_client_id = %(altegio_client_id_1)s::INTEGER 
 LIMIT %(param_1)s::INTEGER
2026-08-01 12:12:09,151 INFO sqlalchemy.engine.Engine [cached since 0.2184s ago] {'altegio_client_id_1': 180031269, 'param_1': 1}
2026-08-01 12:12:09,152 INFO sqlalchemy.engine.Engine SELECT revenue_clients.id AS revenue_clients_id, revenue_clients.altegio_client_id AS revenue_clients_altegio_client_id, revenue_clients.company_id AS revenue_clients_company_id, revenue_clients.full_name AS revenue_clients_full_name, revenue_clients.phone AS revenue_clients_phone, revenue_clients.email AS revenue_clients_email, revenue_clients.birthday AS revenue_clients_birthday, revenue_clients.last_visit_date AS revenue_clients_last_visit_date, revenue_clients.first_visit_date AS revenue_clients_first_visit_date, revenue_clients.master_id AS revenue_clients_master_id, revenue_clients.last_service_id AS revenue_clients_last_service_id, revenue_clients.total_visits AS revenue_clients_total_visits, revenue_clients.total_spent AS revenue_clients_total_spent, revenue_clients.raw_data AS revenue_clients_raw_data, revenue_clients.last_visit_at AS revenue_clients_last_visit_at, revenue_clients.last_service_name AS revenue_clients_last_service_name, revenue_clients.visit_count AS revenue_clients_visit_count, revenue_clients.is_active AS revenue_clients_is_active, revenue_clients.created_at AS revenue_clients_created_at, revenue_clients.updated_at AS revenue_clients_updated_at 
FROM revenue_clients 
WHERE revenue_clients.altegio_client_id = %(altegio_client_id_1)s::INTEGER 
 LIMIT %(param_1)s::INTEGER
2026-08-01 12:12:09,152 INFO sqlalchemy.engine.Engine [cached since 0.2193s ago] {'altegio_client_id_1': 180032245, 'param_1': 1}
2026-08-01 12:12:09,153 INFO sqlalchemy.engine.Engine SELECT revenue_clients.id AS revenue_clients_id, revenue_clients.altegio_client_id AS revenue_clients_altegio_client_id, revenue_clients.company_id AS revenue_clients_company_id, revenue_clients.full_name AS revenue_clients_full_name, revenue_clients.phone AS revenue_clients_phone, revenue_clients.email AS revenue_clients_email, revenue_clients.birthday AS revenue_clients_birthday, revenue_clients.last_visit_date AS revenue_clients_last_visit_date, revenue_clients.first_visit_date AS revenue_clients_first_visit_date, revenue_clients.master_id AS revenue_clients_master_id, revenue_clients.last_service_id AS revenue_clients_last_service_id, revenue_clients.total_visits AS revenue_clients_total_visits, revenue_clients.total_spent AS revenue_clients_total_spent, revenue_clients.raw_data AS revenue_clients_raw_data, revenue_clients.last_visit_at AS revenue_clients_last_visit_at, revenue_clients.last_service_name AS revenue_clients_last_service_name, revenue_clients.visit_count AS revenue_clients_visit_count, revenue_clients.is_active AS revenue_clients_is_active, revenue_clients.created_at AS revenue_clients_created_at, revenue_clients.updated_at AS revenue_clients_updated_at 
FROM revenue_clients 
WHERE revenue_clients.altegio_client_id = %(altegio_client_id_1)s::INTEGER 
 LIMIT %(param_1)s::INTEGER
2026-08-01 12:12:09,153 INFO sqlalchemy.engine.Engine [cached since 0.2202s ago] {'altegio_client_id_1': 180032279, 'param_1': 1}
2026-08-01 12:12:09,154 INFO sqlalchemy.engine.Engine SELECT revenue_clients.id AS revenue_clients_id, revenue_clients.altegio_client_id AS revenue_clients_altegio_client_id, revenue_clients.company_id AS revenue_clients_company_id, revenue_clients.full_name AS revenue_clients_full_name, revenue_clients.phone AS revenue_clients_phone, revenue_clients.email AS revenue_clients_email, revenue_clients.birthday AS revenue_clients_birthday, revenue_clients.last_visit_date AS revenue_clients_last_visit_date, revenue_clients.first_visit_date AS revenue_clients_first_visit_date, revenue_clients.master_id AS revenue_clients_master_id, revenue_clients.last_service_id AS revenue_clients_last_service_id, revenue_clients.total_visits AS revenue_clients_total_visits, revenue_clients.total_spent AS revenue_clients_total_spent, revenue_clients.raw_data AS revenue_clients_raw_data, revenue_clients.last_visit_at AS revenue_clients_last_visit_at, revenue_clients.last_service_name AS revenue_clients_last_service_name, revenue_clients.visit_count AS revenue_clients_visit_count, revenue_clients.is_active AS revenue_clients_is_active, revenue_clients.created_at AS revenue_clients_created_at, revenue_clients.updated_at AS revenue_clients_updated_at 
FROM revenue_clients 
WHERE revenue_clients.altegio_client_id = %(altegio_client_id_1)s::INTEGER 
 LIMIT %(param_1)s::INTEGER
2026-08-01 12:12:09,154 INFO sqlalchemy.engine.Engine [cached since 0.2211s ago] {'altegio_client_id_1': 180032289, 'param_1': 1}
2026-08-01 12:12:09,155 INFO sqlalchemy.engine.Engine SELECT revenue_clients.id AS revenue_clients_id, revenue_clients.altegio_client_id AS revenue_clients_altegio_client_id, revenue_clients.company_id AS revenue_clients_company_id, revenue_clients.full_name AS revenue_clients_full_name, revenue_clients.phone AS revenue_clients_phone, revenue_clients.email AS revenue_clients_email, revenue_clients.birthday AS revenue_clients_birthday, revenue_clients.last_visit_date AS revenue_clients_last_visit_date, revenue_clients.first_visit_date AS revenue_clients_first_visit_date, revenue_clients.master_id AS revenue_clients_master_id, revenue_clients.last_service_id AS revenue_clients_last_service_id, revenue_clients.total_visits AS revenue_clients_total_visits, revenue_clients.total_spent AS revenue_clients_total_spent, revenue_clients.raw_data AS revenue_clients_raw_data, revenue_clients.last_visit_at AS revenue_clients_last_visit_at, revenue_clients.last_service_name AS revenue_clients_last_service_name, revenue_clients.visit_count AS revenue_clients_visit_count, revenue_clients.is_active AS revenue_clients_is_active, revenue_clients.created_at AS revenue_clients_created_at, revenue_clients.updated_at AS revenue_clients_updated_at 
FROM revenue_clients 
WHERE revenue_clients.altegio_client_id = %(altegio_client_id_1)s::INTEGER 
 LIMIT %(param_1)s::INTEGER
2026-08-01 12:12:09,155 INFO sqlalchemy.engine.Engine [cached since 0.222s ago] {'altegio_client_id_1': 180048735, 'param_1': 1}
2026-08-01 12:12:09,156 INFO sqlalchemy.engine.Engine SELECT revenue_clients.id AS revenue_clients_id, revenue_clients.altegio_client_id AS revenue_clients_altegio_client_id, revenue_clients.company_id AS revenue_clients_company_id, revenue_clients.full_name AS revenue_clients_full_name, revenue_clients.phone AS revenue_clients_phone, revenue_clients.email AS revenue_clients_email, revenue_clients.birthday AS revenue_clients_birthday, revenue_clients.last_visit_date AS revenue_clients_last_visit_date, revenue_clients.first_visit_date AS revenue_clients_first_visit_date, revenue_clients.master_id AS revenue_clients_master_id, revenue_clients.last_service_id AS revenue_clients_last_service_id, revenue_clients.total_visits AS revenue_clients_total_visits, revenue_clients.total_spent AS revenue_clients_total_spent, revenue_clients.raw_data AS revenue_clients_raw_data, revenue_clients.last_visit_at AS revenue_clients_last_visit_at, revenue_clients.last_service_name AS revenue_clients_last_service_name, revenue_clients.visit_count AS revenue_clients_visit_count, revenue_clients.is_active AS revenue_clients_is_active, revenue_clients.created_at AS revenue_clients_created_at, revenue_clients.updated_at AS revenue_clients_updated_at 
FROM revenue_clients 
WHERE revenue_clients.altegio_client_id = %(altegio_client_id_1)s::INTEGER 
 LIMIT %(param_1)s::INTEGER
2026-08-01 12:12:09,156 INFO sqlalchemy.engine.Engine [cached since 0.2229s ago] {'altegio_client_id_1': 180055477, 'param_1': 1}
2026-08-01 12:12:09,157 INFO sqlalchemy.engine.Engine SELECT revenue_clients.id AS revenue_clients_id, revenue_clients.altegio_client_id AS revenue_clients_altegio_client_id, revenue_clients.company_id AS revenue_clients_company_id, revenue_clients.full_name AS revenue_clients_full_name, revenue_clients.phone AS revenue_clients_phone, revenue_clients.email AS revenue_clients_email, revenue_clients.birthday AS revenue_clients_birthday, revenue_clients.last_visit_date AS revenue_clients_last_visit_date, revenue_clients.first_visit_date AS revenue_clients_first_visit_date, revenue_clients.master_id AS revenue_clients_master_id, revenue_clients.last_service_id AS revenue_clients_last_service_id, revenue_clients.total_visits AS revenue_clients_total_visits, revenue_clients.total_spent AS revenue_clients_total_spent, revenue_clients.raw_data AS revenue_clients_raw_data, revenue_clients.last_visit_at AS revenue_clients_last_visit_at, revenue_clients.last_service_name AS revenue_clients_last_service_name, revenue_clients.visit_count AS revenue_clients_visit_count, revenue_clients.is_active AS revenue_clients_is_active, revenue_clients.created_at AS revenue_clients_created_at, revenue_clients.updated_at AS revenue_clients_updated_at 
FROM revenue_clients 
WHERE revenue_clients.altegio_client_id = %(altegio_client_id_1)s::INTEGER 
 LIMIT %(param_1)s::INTEGER
2026-08-01 12:12:09,157 INFO sqlalchemy.engine.Engine [cached since 0.2238s ago] {'altegio_client_id_1': 180068890, 'param_1': 1}
2026-08-01 12:12:09,157 INFO sqlalchemy.engine.Engine SELECT revenue_clients.id AS revenue_clients_id, revenue_clients.altegio_client_id AS revenue_clients_altegio_client_id, revenue_clients.company_id AS revenue_clients_company_id, revenue_clients.full_name AS revenue_clients_full_name, revenue_clients.phone AS revenue_clients_phone, revenue_clients.email AS revenue_clients_email, revenue_clients.birthday AS revenue_clients_birthday, revenue_clients.last_visit_date AS revenue_clients_last_visit_date, revenue_clients.first_visit_date AS revenue_clients_first_visit_date, revenue_clients.master_id AS revenue_clients_master_id, revenue_clients.last_service_id AS revenue_clients_last_service_id, revenue_clients.total_visits AS revenue_clients_total_visits, revenue_clients.total_spent AS revenue_clients_total_spent, revenue_clients.raw_data AS revenue_clients_raw_data, revenue_clients.last_visit_at AS revenue_clients_last_visit_at, revenue_clients.last_service_name AS revenue_clients_last_service_name, revenue_clients.visit_count AS revenue_clients_visit_count, revenue_clients.is_active AS revenue_clients_is_active, revenue_clients.created_at AS revenue_clients_created_at, revenue_clients.updated_at AS revenue_clients_updated_at 
FROM revenue_clients 
WHERE revenue_clients.altegio_client_id = %(altegio_client_id_1)s::INTEGER 
 LIMIT %(param_1)s::INTEGER
2026-08-01 12:12:09,157 INFO sqlalchemy.engine.Engine [cached since 0.2247s ago] {'altegio_client_id_1': 180089031, 'param_1': 1}
2026-08-01 12:12:09,158 INFO sqlalchemy.engine.Engine SELECT revenue_clients.id AS revenue_clients_id, revenue_clients.altegio_client_id AS revenue_clients_altegio_client_id, revenue_clients.company_id AS revenue_clients_company_id, revenue_clients.full_name AS revenue_clients_full_name, revenue_clients.phone AS revenue_clients_phone, revenue_clients.email AS revenue_clients_email, revenue_clients.birthday AS revenue_clients_birthday, revenue_clients.last_visit_date AS revenue_clients_last_visit_date, revenue_clients.first_visit_date AS revenue_clients_first_visit_date, revenue_clients.master_id AS revenue_clients_master_id, revenue_clients.last_service_id AS revenue_clients_last_service_id, revenue_clients.total_visits AS revenue_clients_total_visits, revenue_clients.total_spent AS revenue_clients_total_spent, revenue_clients.raw_data AS revenue_clients_raw_data, revenue_clients.last_visit_at AS revenue_clients_last_visit_at, revenue_clients.last_service_name AS revenue_clients_last_service_name, revenue_clients.visit_count AS revenue_clients_visit_count, revenue_clients.is_active AS revenue_clients_is_active, revenue_clients.created_at AS revenue_clients_created_at, revenue_clients.updated_at AS revenue_clients_updated_at 
FROM revenue_clients 
WHERE revenue_clients.altegio_client_id = %(altegio_client_id_1)s::INTEGER 
 LIMIT %(param_1)s::INTEGER
2026-08-01 12:12:09,158 INFO sqlalchemy.engine.Engine [cached since 0.2256s ago] {'altegio_client_id_1': 180091332, 'param_1': 1}
2026-08-01 12:12:09,159 INFO sqlalchemy.engine.Engine SELECT revenue_clients.id AS revenue_clients_id, revenue_clients.altegio_client_id AS revenue_clients_altegio_client_id, revenue_clients.company_id AS revenue_clients_company_id, revenue_clients.full_name AS revenue_clients_full_name, revenue_clients.phone AS revenue_clients_phone, revenue_clients.email AS revenue_clients_email, revenue_clients.birthday AS revenue_clients_birthday, revenue_clients.last_visit_date AS revenue_clients_last_visit_date, revenue_clients.first_visit_date AS revenue_clients_first_visit_date, revenue_clients.master_id AS revenue_clients_master_id, revenue_clients.last_service_id AS revenue_clients_last_service_id, revenue_clients.total_visits AS revenue_clients_total_visits, revenue_clients.total_spent AS revenue_clients_total_spent, revenue_clients.raw_data AS revenue_clients_raw_data, revenue_clients.last_visit_at AS revenue_clients_last_visit_at, revenue_clients.last_service_name AS revenue_clients_last_service_name, revenue_clients.visit_count AS revenue_clients_visit_count, revenue_clients.is_active AS revenue_clients_is_active, revenue_clients.created_at AS revenue_clients_created_at, revenue_clients.updated_at AS revenue_clients_updated_at 
FROM revenue_clients 
WHERE revenue_clients.altegio_client_id = %(altegio_client_id_1)s::INTEGER 
 LIMIT %(param_1)s::INTEGER
2026-08-01 12:12:09,159 INFO sqlalchemy.engine.Engine [cached since 0.2265s ago] {'altegio_client_id_1': 180092845, 'param_1': 1}
2026-08-01 12:12:09,160 INFO sqlalchemy.engine.Engine SELECT revenue_clients.id AS revenue_clients_id, revenue_clients.altegio_client_id AS revenue_clients_altegio_client_id, revenue_clients.company_id AS revenue_clients_company_id, revenue_clients.full_name AS revenue_clients_full_name, revenue_clients.phone AS revenue_clients_phone, revenue_clients.email AS revenue_clients_email, revenue_clients.birthday AS revenue_clients_birthday, revenue_clients.last_visit_date AS revenue_clients_last_visit_date, revenue_clients.first_visit_date AS revenue_clients_first_visit_date, revenue_clients.master_id AS revenue_clients_master_id, revenue_clients.last_service_id AS revenue_clients_last_service_id, revenue_clients.total_visits AS revenue_clients_total_visits, revenue_clients.total_spent AS revenue_clients_total_spent, revenue_clients.raw_data AS revenue_clients_raw_data, revenue_clients.last_visit_at AS revenue_clients_last_visit_at, revenue_clients.last_service_name AS revenue_clients_last_service_name, revenue_clients.visit_count AS revenue_clients_visit_count, revenue_clients.is_active AS revenue_clients_is_active, revenue_clients.created_at AS revenue_clients_created_at, revenue_clients.updated_at AS revenue_clients_updated_at 
FROM revenue_clients 
WHERE revenue_clients.altegio_client_id = %(altegio_client_id_1)s::INTEGER 
 LIMIT %(param_1)s::INTEGER
2026-08-01 12:12:09,160 INFO sqlalchemy.engine.Engine [cached since 0.2273s ago] {'altegio_client_id_1': 180140274, 'param_1': 1}
2026-08-01 12:12:09,161 INFO sqlalchemy.engine.Engine SELECT revenue_clients.id AS revenue_clients_id, revenue_clients.altegio_client_id AS revenue_clients_altegio_client_id, revenue_clients.company_id AS revenue_clients_company_id, revenue_clients.full_name AS revenue_clients_full_name, revenue_clients.phone AS revenue_clients_phone, revenue_clients.email AS revenue_clients_email, revenue_clients.birthday AS revenue_clients_birthday, revenue_clients.last_visit_date AS revenue_clients_last_visit_date, revenue_clients.first_visit_date AS revenue_clients_first_visit_date, revenue_clients.master_id AS revenue_clients_master_id, revenue_clients.last_service_id AS revenue_clients_last_service_id, revenue_clients.total_visits AS revenue_clients_total_visits, revenue_clients.total_spent AS revenue_clients_total_spent, revenue_clients.raw_data AS revenue_clients_raw_data, revenue_clients.last_visit_at AS revenue_clients_last_visit_at, revenue_clients.last_service_name AS revenue_clients_last_service_name, revenue_clients.visit_count AS revenue_clients_visit_count, revenue_clients.is_active AS revenue_clients_is_active, revenue_clients.created_at AS revenue_clients_created_at, revenue_clients.updated_at AS revenue_clients_updated_at 
FROM revenue_clients 
WHERE revenue_clients.altegio_client_id = %(altegio_client_id_1)s::INTEGER 
 LIMIT %(param_1)s::INTEGER
2026-08-01 12:12:09,161 INFO sqlalchemy.engine.Engine [cached since 0.2282s ago] {'altegio_client_id_1': 180144286, 'param_1': 1}
2026-08-01 12:12:09,162 INFO sqlalchemy.engine.Engine SELECT revenue_clients.id AS revenue_clients_id, revenue_clients.altegio_client_id AS revenue_clients_altegio_client_id, revenue_clients.company_id AS revenue_clients_company_id, revenue_clients.full_name AS revenue_clients_full_name, revenue_clients.phone AS revenue_clients_phone, revenue_clients.email AS revenue_clients_email, revenue_clients.birthday AS revenue_clients_birthday, revenue_clients.last_visit_date AS revenue_clients_last_visit_date, revenue_clients.first_visit_date AS revenue_clients_first_visit_date, revenue_clients.master_id AS revenue_clients_master_id, revenue_clients.last_service_id AS revenue_clients_last_service_id, revenue_clients.total_visits AS revenue_clients_total_visits, revenue_clients.total_spent AS revenue_clients_total_spent, revenue_clients.raw_data AS revenue_clients_raw_data, revenue_clients.last_visit_at AS revenue_clients_last_visit_at, revenue_clients.last_service_name AS revenue_clients_last_service_name, revenue_clients.visit_count AS revenue_clients_visit_count, revenue_clients.is_active AS revenue_clients_is_active, revenue_clients.created_at AS revenue_clients_created_at, revenue_clients.updated_at AS revenue_clients_updated_at 
FROM revenue_clients 
WHERE revenue_clients.altegio_client_id = %(altegio_client_id_1)s::INTEGER 
 LIMIT %(param_1)s::INTEGER
2026-08-01 12:12:09,162 INFO sqlalchemy.engine.Engine [cached since 0.229s ago] {'altegio_client_id_1': 180204069, 'param_1': 1}
2026-08-01 12:12:09,163 INFO sqlalchemy.engine.Engine SELECT revenue_clients.id AS revenue_clients_id, revenue_clients.altegio_client_id AS revenue_clients_altegio_client_id, revenue_clients.company_id AS revenue_clients_company_id, revenue_clients.full_name AS revenue_clients_full_name, revenue_clients.phone AS revenue_clients_phone, revenue_clients.email AS revenue_clients_email, revenue_clients.birthday AS revenue_clients_birthday, revenue_clients.last_visit_date AS revenue_clients_last_visit_date, revenue_clients.first_visit_date AS revenue_clients_first_visit_date, revenue_clients.master_id AS revenue_clients_master_id, revenue_clients.last_service_id AS revenue_clients_last_service_id, revenue_clients.total_visits AS revenue_clients_total_visits, revenue_clients.total_spent AS revenue_clients_total_spent, revenue_clients.raw_data AS revenue_clients_raw_data, revenue_clients.last_visit_at AS revenue_clients_last_visit_at, revenue_clients.last_service_name AS revenue_clients_last_service_name, revenue_clients.visit_count AS revenue_clients_visit_count, revenue_clients.is_active AS revenue_clients_is_active, revenue_clients.created_at AS revenue_clients_created_at, revenue_clients.updated_at AS revenue_clients_updated_at 
FROM revenue_clients 
WHERE revenue_clients.altegio_client_id = %(altegio_client_id_1)s::INTEGER 
 LIMIT %(param_1)s::INTEGER
2026-08-01 12:12:09,163 INFO sqlalchemy.engine.Engine [cached since 0.2299s ago] {'altegio_client_id_1': 180289778, 'param_1': 1}
2026-08-01 12:12:09,163 INFO sqlalchemy.engine.Engine SELECT revenue_clients.id AS revenue_clients_id, revenue_clients.altegio_client_id AS revenue_clients_altegio_client_id, revenue_clients.company_id AS revenue_clients_company_id, revenue_clients.full_name AS revenue_clients_full_name, revenue_clients.phone AS revenue_clients_phone, revenue_clients.email AS revenue_clients_email, revenue_clients.birthday AS revenue_clients_birthday, revenue_clients.last_visit_date AS revenue_clients_last_visit_date, revenue_clients.first_visit_date AS revenue_clients_first_visit_date, revenue_clients.master_id AS revenue_clients_master_id, revenue_clients.last_service_id AS revenue_clients_last_service_id, revenue_clients.total_visits AS revenue_clients_total_visits, revenue_clients.total_spent AS revenue_clients_total_spent, revenue_clients.raw_data AS revenue_clients_raw_data, revenue_clients.last_visit_at AS revenue_clients_last_visit_at, revenue_clients.last_service_name AS revenue_clients_last_service_name, revenue_clients.visit_count AS revenue_clients_visit_count, revenue_clients.is_active AS revenue_clients_is_active, revenue_clients.created_at AS revenue_clients_created_at, revenue_clients.updated_at AS revenue_clients_updated_at 
FROM revenue_clients 
WHERE revenue_clients.altegio_client_id = %(altegio_client_id_1)s::INTEGER 
 LIMIT %(param_1)s::INTEGER
2026-08-01 12:12:09,164 INFO sqlalchemy.engine.Engine [cached since 0.2308s ago] {'altegio_client_id_1': 180291562, 'param_1': 1}
2026-08-01 12:12:09,164 INFO sqlalchemy.engine.Engine SELECT revenue_clients.id AS revenue_clients_id, revenue_clients.altegio_client_id AS revenue_clients_altegio_client_id, revenue_clients.company_id AS revenue_clients_company_id, revenue_clients.full_name AS revenue_clients_full_name, revenue_clients.phone AS revenue_clients_phone, revenue_clients.email AS revenue_clients_email, revenue_clients.birthday AS revenue_clients_birthday, revenue_clients.last_visit_date AS revenue_clients_last_visit_date, revenue_clients.first_visit_date AS revenue_clients_first_visit_date, revenue_clients.master_id AS revenue_clients_master_id, revenue_clients.last_service_id AS revenue_clients_last_service_id, revenue_clients.total_visits AS revenue_clients_total_visits, revenue_clients.total_spent AS revenue_clients_total_spent, revenue_clients.raw_data AS revenue_clients_raw_data, revenue_clients.last_visit_at AS revenue_clients_last_visit_at, revenue_clients.last_service_name AS revenue_clients_last_service_name, revenue_clients.visit_count AS revenue_clients_visit_count, revenue_clients.is_active AS revenue_clients_is_active, revenue_clients.created_at AS revenue_clients_created_at, revenue_clients.updated_at AS revenue_clients_updated_at 
FROM revenue_clients 
WHERE revenue_clients.altegio_client_id = %(altegio_client_id_1)s::INTEGER 
 LIMIT %(param_1)s::INTEGER
2026-08-01 12:12:09,164 INFO sqlalchemy.engine.Engine [cached since 0.2317s ago] {'altegio_client_id_1': 180348215, 'param_1': 1}
2026-08-01 12:12:09,165 INFO sqlalchemy.engine.Engine SELECT revenue_clients.id AS revenue_clients_id, revenue_clients.altegio_client_id AS revenue_clients_altegio_client_id, revenue_clients.company_id AS revenue_clients_company_id, revenue_clients.full_name AS revenue_clients_full_name, revenue_clients.phone AS revenue_clients_phone, revenue_clients.email AS revenue_clients_email, revenue_clients.birthday AS revenue_clients_birthday, revenue_clients.last_visit_date AS revenue_clients_last_visit_date, revenue_clients.first_visit_date AS revenue_clients_first_visit_date, revenue_clients.master_id AS revenue_clients_master_id, revenue_clients.last_service_id AS revenue_clients_last_service_id, revenue_clients.total_visits AS revenue_clients_total_visits, revenue_clients.total_spent AS revenue_clients_total_spent, revenue_clients.raw_data AS revenue_clients_raw_data, revenue_clients.last_visit_at AS revenue_clients_last_visit_at, revenue_clients.last_service_name AS revenue_clients_last_service_name, revenue_clients.visit_count AS revenue_clients_visit_count, revenue_clients.is_active AS revenue_clients_is_active, revenue_clients.created_at AS revenue_clients_created_at, revenue_clients.updated_at AS revenue_clients_updated_at 
FROM revenue_clients 
WHERE revenue_clients.altegio_client_id = %(altegio_client_id_1)s::INTEGER 
 LIMIT %(param_1)s::INTEGER
2026-08-01 12:12:09,165 INFO sqlalchemy.engine.Engine [cached since 0.2326s ago] {'altegio_client_id_1': 180348283, 'param_1': 1}
2026-08-01 12:12:09,166 INFO sqlalchemy.engine.Engine SELECT revenue_clients.id AS revenue_clients_id, revenue_clients.altegio_client_id AS revenue_clients_altegio_client_id, revenue_clients.company_id AS revenue_clients_company_id, revenue_clients.full_name AS revenue_clients_full_name, revenue_clients.phone AS revenue_clients_phone, revenue_clients.email AS revenue_clients_email, revenue_clients.birthday AS revenue_clients_birthday, revenue_clients.last_visit_date AS revenue_clients_last_visit_date, revenue_clients.first_visit_date AS revenue_clients_first_visit_date, revenue_clients.master_id AS revenue_clients_master_id, revenue_clients.last_service_id AS revenue_clients_last_service_id, revenue_clients.total_visits AS revenue_clients_total_visits, revenue_clients.total_spent AS revenue_clients_total_spent, revenue_clients.raw_data AS revenue_clients_raw_data, revenue_clients.last_visit_at AS revenue_clients_last_visit_at, revenue_clients.last_service_name AS revenue_clients_last_service_name, revenue_clients.visit_count AS revenue_clients_visit_count, revenue_clients.is_active AS revenue_clients_is_active, revenue_clients.created_at AS revenue_clients_created_at, revenue_clients.updated_at AS revenue_clients_updated_at 
FROM revenue_clients 
WHERE revenue_clients.altegio_client_id = %(altegio_client_id_1)s::INTEGER 
 LIMIT %(param_1)s::INTEGER
2026-08-01 12:12:09,166 INFO sqlalchemy.engine.Engine [cached since 0.2335s ago] {'altegio_client_id_1': 180352377, 'param_1': 1}
2026-08-01 12:12:09,167 INFO sqlalchemy.engine.Engine SELECT revenue_clients.id AS revenue_clients_id, revenue_clients.altegio_client_id AS revenue_clients_altegio_client_id, revenue_clients.company_id AS revenue_clients_company_id, revenue_clients.full_name AS revenue_clients_full_name, revenue_clients.phone AS revenue_clients_phone, revenue_clients.email AS revenue_clients_email, revenue_clients.birthday AS revenue_clients_birthday, revenue_clients.last_visit_date AS revenue_clients_last_visit_date, revenue_clients.first_visit_date AS revenue_clients_first_visit_date, revenue_clients.master_id AS revenue_clients_master_id, revenue_clients.last_service_id AS revenue_clients_last_service_id, revenue_clients.total_visits AS revenue_clients_total_visits, revenue_clients.total_spent AS revenue_clients_total_spent, revenue_clients.raw_data AS revenue_clients_raw_data, revenue_clients.last_visit_at AS revenue_clients_last_visit_at, revenue_clients.last_service_name AS revenue_clients_last_service_name, revenue_clients.visit_count AS revenue_clients_visit_count, revenue_clients.is_active AS revenue_clients_is_active, revenue_clients.created_at AS revenue_clients_created_at, revenue_clients.updated_at AS revenue_clients_updated_at 
FROM revenue_clients 
WHERE revenue_clients.altegio_client_id = %(altegio_client_id_1)s::INTEGER 
 LIMIT %(param_1)s::INTEGER
2026-08-01 12:12:09,167 INFO sqlalchemy.engine.Engine [cached since 0.2344s ago] {'altegio_client_id_1': 180373912, 'param_1': 1}
2026-08-01 12:12:09,168 INFO sqlalchemy.engine.Engine SELECT revenue_clients.id AS revenue_clients_id, revenue_clients.altegio_client_id AS revenue_clients_altegio_client_id, revenue_clients.company_id AS revenue_clients_company_id, revenue_clients.full_name AS revenue_clients_full_name, revenue_clients.phone AS revenue_clients_phone, revenue_clients.email AS revenue_clients_email, revenue_clients.birthday AS revenue_clients_birthday, revenue_clients.last_visit_date AS revenue_clients_last_visit_date, revenue_clients.first_visit_date AS revenue_clients_first_visit_date, revenue_clients.master_id AS revenue_clients_master_id, revenue_clients.last_service_id AS revenue_clients_last_service_id, revenue_clients.total_visits AS revenue_clients_total_visits, revenue_clients.total_spent AS revenue_clients_total_spent, revenue_clients.raw_data AS revenue_clients_raw_data, revenue_clients.last_visit_at AS revenue_clients_last_visit_at, revenue_clients.last_service_name AS revenue_clients_last_service_name, revenue_clients.visit_count AS revenue_clients_visit_count, revenue_clients.is_active AS revenue_clients_is_active, revenue_clients.created_at AS revenue_clients_created_at, revenue_clients.updated_at AS revenue_clients_updated_at 
FROM revenue_clients 
WHERE revenue_clients.altegio_client_id = %(altegio_client_id_1)s::INTEGER 
 LIMIT %(param_1)s::INTEGER
2026-08-01 12:12:09,168 INFO sqlalchemy.engine.Engine [cached since 0.2353s ago] {'altegio_client_id_1': 180373926, 'param_1': 1}
2026-08-01 12:12:09,169 INFO sqlalchemy.engine.Engine SELECT revenue_clients.id AS revenue_clients_id, revenue_clients.altegio_client_id AS revenue_clients_altegio_client_id, revenue_clients.company_id AS revenue_clients_company_id, revenue_clients.full_name AS revenue_clients_full_name, revenue_clients.phone AS revenue_clients_phone, revenue_clients.email AS revenue_clients_email, revenue_clients.birthday AS revenue_clients_birthday, revenue_clients.last_visit_date AS revenue_clients_last_visit_date, revenue_clients.first_visit_date AS revenue_clients_first_visit_date, revenue_clients.master_id AS revenue_clients_master_id, revenue_clients.last_service_id AS revenue_clients_last_service_id, revenue_clients.total_visits AS revenue_clients_total_visits, revenue_clients.total_spent AS revenue_clients_total_spent, revenue_clients.raw_data AS revenue_clients_raw_data, revenue_clients.last_visit_at AS revenue_clients_last_visit_at, revenue_clients.last_service_name AS revenue_clients_last_service_name, revenue_clients.visit_count AS revenue_clients_visit_count, revenue_clients.is_active AS revenue_clients_is_active, revenue_clients.created_at AS revenue_clients_created_at, revenue_clients.updated_at AS revenue_clients_updated_at 
FROM revenue_clients 
WHERE revenue_clients.altegio_client_id = %(altegio_client_id_1)s::INTEGER 
 LIMIT %(param_1)s::INTEGER
2026-08-01 12:12:09,169 INFO sqlalchemy.engine.Engine [cached since 0.2363s ago] {'altegio_client_id_1': 180391835, 'param_1': 1}
2026-08-01 12:12:09,170 INFO sqlalchemy.engine.Engine SELECT revenue_clients.id AS revenue_clients_id, revenue_clients.altegio_client_id AS revenue_clients_altegio_client_id, revenue_clients.company_id AS revenue_clients_company_id, revenue_clients.full_name AS revenue_clients_full_name, revenue_clients.phone AS revenue_clients_phone, revenue_clients.email AS revenue_clients_email, revenue_clients.birthday AS revenue_clients_birthday, revenue_clients.last_visit_date AS revenue_clients_last_visit_date, revenue_clients.first_visit_date AS revenue_clients_first_visit_date, revenue_clients.master_id AS revenue_clients_master_id, revenue_clients.last_service_id AS revenue_clients_last_service_id, revenue_clients.total_visits AS revenue_clients_total_visits, revenue_clients.total_spent AS revenue_clients_total_spent, revenue_clients.raw_data AS revenue_clients_raw_data, revenue_clients.last_visit_at AS revenue_clients_last_visit_at, revenue_clients.last_service_name AS revenue_clients_last_service_name, revenue_clients.visit_count AS revenue_clients_visit_count, revenue_clients.is_active AS revenue_clients_is_active, revenue_clients.created_at AS revenue_clients_created_at, revenue_clients.updated_at AS revenue_clients_updated_at 
FROM revenue_clients 
WHERE revenue_clients.altegio_client_id = %(altegio_client_id_1)s::INTEGER 
 LIMIT %(param_1)s::INTEGER
2026-08-01 12:12:09,170 INFO sqlalchemy.engine.Engine [cached since 0.2371s ago] {'altegio_client_id_1': 180418968, 'param_1': 1}
2026-08-01 12:12:09,171 INFO sqlalchemy.engine.Engine SELECT revenue_clients.id AS revenue_clients_id, revenue_clients.altegio_client_id AS revenue_clients_altegio_client_id, revenue_clients.company_id AS revenue_clients_company_id, revenue_clients.full_name AS revenue_clients_full_name, revenue_clients.phone AS revenue_clients_phone, revenue_clients.email AS revenue_clients_email, revenue_clients.birthday AS revenue_clients_birthday, revenue_clients.last_visit_date AS revenue_clients_last_visit_date, revenue_clients.first_visit_date AS revenue_clients_first_visit_date, revenue_clients.master_id AS revenue_clients_master_id, revenue_clients.last_service_id AS revenue_clients_last_service_id, revenue_clients.total_visits AS revenue_clients_total_visits, revenue_clients.total_spent AS revenue_clients_total_spent, revenue_clients.raw_data AS revenue_clients_raw_data, revenue_clients.last_visit_at AS revenue_clients_last_visit_at, revenue_clients.last_service_name AS revenue_clients_last_service_name, revenue_clients.visit_count AS revenue_clients_visit_count, revenue_clients.is_active AS revenue_clients_is_active, revenue_clients.created_at AS revenue_clients_created_at, revenue_clients.updated_at AS revenue_clients_updated_at 
FROM revenue_clients 
WHERE revenue_clients.altegio_client_id = %(altegio_client_id_1)s::INTEGER 
 LIMIT %(param_1)s::INTEGER
2026-08-01 12:12:09,171 INFO sqlalchemy.engine.Engine [cached since 0.2382s ago] {'altegio_client_id_1': 180456346, 'param_1': 1}
2026-08-01 12:12:09,172 INFO sqlalchemy.engine.Engine SELECT revenue_clients.id AS revenue_clients_id, revenue_clients.altegio_client_id AS revenue_clients_altegio_client_id, revenue_clients.company_id AS revenue_clients_company_id, revenue_clients.full_name AS revenue_clients_full_name, revenue_clients.phone AS revenue_clients_phone, revenue_clients.email AS revenue_clients_email, revenue_clients.birthday AS revenue_clients_birthday, revenue_clients.last_visit_date AS revenue_clients_last_visit_date, revenue_clients.first_visit_date AS revenue_clients_first_visit_date, revenue_clients.master_id AS revenue_clients_master_id, revenue_clients.last_service_id AS revenue_clients_last_service_id, revenue_clients.total_visits AS revenue_clients_total_visits, revenue_clients.total_spent AS revenue_clients_total_spent, revenue_clients.raw_data AS revenue_clients_raw_data, revenue_clients.last_visit_at AS revenue_clients_last_visit_at, revenue_clients.last_service_name AS revenue_clients_last_service_name, revenue_clients.visit_count AS revenue_clients_visit_count, revenue_clients.is_active AS revenue_clients_is_active, revenue_clients.created_at AS revenue_clients_created_at, revenue_clients.updated_at AS revenue_clients_updated_at 
FROM revenue_clients 
WHERE revenue_clients.altegio_client_id = %(altegio_client_id_1)s::INTEGER 
 LIMIT %(param_1)s::INTEGER
2026-08-01 12:12:09,172 INFO sqlalchemy.engine.Engine [cached since 0.2391s ago] {'altegio_client_id_1': 180466517, 'param_1': 1}
2026-08-01 12:12:09,173 INFO sqlalchemy.engine.Engine SELECT revenue_clients.id AS revenue_clients_id, revenue_clients.altegio_client_id AS revenue_clients_altegio_client_id, revenue_clients.company_id AS revenue_clients_company_id, revenue_clients.full_name AS revenue_clients_full_name, revenue_clients.phone AS revenue_clients_phone, revenue_clients.email AS revenue_clients_email, revenue_clients.birthday AS revenue_clients_birthday, revenue_clients.last_visit_date AS revenue_clients_last_visit_date, revenue_clients.first_visit_date AS revenue_clients_first_visit_date, revenue_clients.master_id AS revenue_clients_master_id, revenue_clients.last_service_id AS revenue_clients_last_service_id, revenue_clients.total_visits AS revenue_clients_total_visits, revenue_clients.total_spent AS revenue_clients_total_spent, revenue_clients.raw_data AS revenue_clients_raw_data, revenue_clients.last_visit_at AS revenue_clients_last_visit_at, revenue_clients.last_service_name AS revenue_clients_last_service_name, revenue_clients.visit_count AS revenue_clients_visit_count, revenue_clients.is_active AS revenue_clients_is_active, revenue_clients.created_at AS revenue_clients_created_at, revenue_clients.updated_at AS revenue_clients_updated_at 
FROM revenue_clients 
WHERE revenue_clients.altegio_client_id = %(altegio_client_id_1)s::INTEGER 
 LIMIT %(param_1)s::INTEGER
2026-08-01 12:12:09,173 INFO sqlalchemy.engine.Engine [cached since 0.24s ago] {'altegio_client_id_1': 180501061, 'param_1': 1}
2026-08-01 12:12:09,174 INFO sqlalchemy.engine.Engine SELECT revenue_clients.id AS revenue_clients_id, revenue_clients.altegio_client_id AS revenue_clients_altegio_client_id, revenue_clients.company_id AS revenue_clients_company_id, revenue_clients.full_name AS revenue_clients_full_name, revenue_clients.phone AS revenue_clients_phone, revenue_clients.email AS revenue_clients_email, revenue_clients.birthday AS revenue_clients_birthday, revenue_clients.last_visit_date AS revenue_clients_last_visit_date, revenue_clients.first_visit_date AS revenue_clients_first_visit_date, revenue_clients.master_id AS revenue_clients_master_id, revenue_clients.last_service_id AS revenue_clients_last_service_id, revenue_clients.total_visits AS revenue_clients_total_visits, revenue_clients.total_spent AS revenue_clients_total_spent, revenue_clients.raw_data AS revenue_clients_raw_data, revenue_clients.last_visit_at AS revenue_clients_last_visit_at, revenue_clients.last_service_name AS revenue_clients_last_service_name, revenue_clients.visit_count AS revenue_clients_visit_count, revenue_clients.is_active AS revenue_clients_is_active, revenue_clients.created_at AS revenue_clients_created_at, revenue_clients.updated_at AS revenue_clients_updated_at 
FROM revenue_clients 
WHERE revenue_clients.altegio_client_id = %(altegio_client_id_1)s::INTEGER 
 LIMIT %(param_1)s::INTEGER
2026-08-01 12:12:09,174 INFO sqlalchemy.engine.Engine [cached since 0.2409s ago] {'altegio_client_id_1': 180506290, 'param_1': 1}
2026-08-01 12:12:09,174 INFO sqlalchemy.engine.Engine SELECT revenue_clients.id AS revenue_clients_id, revenue_clients.altegio_client_id AS revenue_clients_altegio_client_id, revenue_clients.company_id AS revenue_clients_company_id, revenue_clients.full_name AS revenue_clients_full_name, revenue_clients.phone AS revenue_clients_phone, revenue_clients.email AS revenue_clients_email, revenue_clients.birthday AS revenue_clients_birthday, revenue_clients.last_visit_date AS revenue_clients_last_visit_date, revenue_clients.first_visit_date AS revenue_clients_first_visit_date, revenue_clients.master_id AS revenue_clients_master_id, revenue_clients.last_service_id AS revenue_clients_last_service_id, revenue_clients.total_visits AS revenue_clients_total_visits, revenue_clients.total_spent AS revenue_clients_total_spent, revenue_clients.raw_data AS revenue_clients_raw_data, revenue_clients.last_visit_at AS revenue_clients_last_visit_at, revenue_clients.last_service_name AS revenue_clients_last_service_name, revenue_clients.visit_count AS revenue_clients_visit_count, revenue_clients.is_active AS revenue_clients_is_active, revenue_clients.created_at AS revenue_clients_created_at, revenue_clients.updated_at AS revenue_clients_updated_at 
FROM revenue_clients 
WHERE revenue_clients.altegio_client_id = %(altegio_client_id_1)s::INTEGER 
 LIMIT %(param_1)s::INTEGER
2026-08-01 12:12:09,175 INFO sqlalchemy.engine.Engine [cached since 0.2418s ago] {'altegio_client_id_1': 180540459, 'param_1': 1}
2026-08-01 12:12:09,175 INFO sqlalchemy.engine.Engine SELECT revenue_clients.id AS revenue_clients_id, revenue_clients.altegio_client_id AS revenue_clients_altegio_client_id, revenue_clients.company_id AS revenue_clients_company_id, revenue_clients.full_name AS revenue_clients_full_name, revenue_clients.phone AS revenue_clients_phone, revenue_clients.email AS revenue_clients_email, revenue_clients.birthday AS revenue_clients_birthday, revenue_clients.last_visit_date AS revenue_clients_last_visit_date, revenue_clients.first_visit_date AS revenue_clients_first_visit_date, revenue_clients.master_id AS revenue_clients_master_id, revenue_clients.last_service_id AS revenue_clients_last_service_id, revenue_clients.total_visits AS revenue_clients_total_visits, revenue_clients.total_spent AS revenue_clients_total_spent, revenue_clients.raw_data AS revenue_clients_raw_data, revenue_clients.last_visit_at AS revenue_clients_last_visit_at, revenue_clients.last_service_name AS revenue_clients_last_service_name, revenue_clients.visit_count AS revenue_clients_visit_count, revenue_clients.is_active AS revenue_clients_is_active, revenue_clients.created_at AS revenue_clients_created_at, revenue_clients.updated_at AS revenue_clients_updated_at 
FROM revenue_clients 
WHERE revenue_clients.altegio_client_id = %(altegio_client_id_1)s::INTEGER 
 LIMIT %(param_1)s::INTEGER
2026-08-01 12:12:09,175 INFO sqlalchemy.engine.Engine [cached since 0.2427s ago] {'altegio_client_id_1': 180551097, 'param_1': 1}
2026-08-01 12:12:09,176 INFO sqlalchemy.engine.Engine SELECT revenue_clients.id AS revenue_clients_id, revenue_clients.altegio_client_id AS revenue_clients_altegio_client_id, revenue_clients.company_id AS revenue_clients_company_id, revenue_clients.full_name AS revenue_clients_full_name, revenue_clients.phone AS revenue_clients_phone, revenue_clients.email AS revenue_clients_email, revenue_clients.birthday AS revenue_clients_birthday, revenue_clients.last_visit_date AS revenue_clients_last_visit_date, revenue_clients.first_visit_date AS revenue_clients_first_visit_date, revenue_clients.master_id AS revenue_clients_master_id, revenue_clients.last_service_id AS revenue_clients_last_service_id, revenue_clients.total_visits AS revenue_clients_total_visits, revenue_clients.total_spent AS revenue_clients_total_spent, revenue_clients.raw_data AS revenue_clients_raw_data, revenue_clients.last_visit_at AS revenue_clients_last_visit_at, revenue_clients.last_service_name AS revenue_clients_last_service_name, revenue_clients.visit_count AS revenue_clients_visit_count, revenue_clients.is_active AS revenue_clients_is_active, revenue_clients.created_at AS revenue_clients_created_at, revenue_clients.updated_at AS revenue_clients_updated_at 
FROM revenue_clients 
WHERE revenue_clients.altegio_client_id = %(altegio_client_id_1)s::INTEGER 
 LIMIT %(param_1)s::INTEGER
2026-08-01 12:12:09,176 INFO sqlalchemy.engine.Engine [cached since 0.2436s ago] {'altegio_client_id_1': 180557564, 'param_1': 1}
2026-08-01 12:12:09,177 INFO sqlalchemy.engine.Engine SELECT revenue_clients.id AS revenue_clients_id, revenue_clients.altegio_client_id AS revenue_clients_altegio_client_id, revenue_clients.company_id AS revenue_clients_company_id, revenue_clients.full_name AS revenue_clients_full_name, revenue_clients.phone AS revenue_clients_phone, revenue_clients.email AS revenue_clients_email, revenue_clients.birthday AS revenue_clients_birthday, revenue_clients.last_visit_date AS revenue_clients_last_visit_date, revenue_clients.first_visit_date AS revenue_clients_first_visit_date, revenue_clients.master_id AS revenue_clients_master_id, revenue_clients.last_service_id AS revenue_clients_last_service_id, revenue_clients.total_visits AS revenue_clients_total_visits, revenue_clients.total_spent AS revenue_clients_total_spent, revenue_clients.raw_data AS revenue_clients_raw_data, revenue_clients.last_visit_at AS revenue_clients_last_visit_at, revenue_clients.last_service_name AS revenue_clients_last_service_name, revenue_clients.visit_count AS revenue_clients_visit_count, revenue_clients.is_active AS revenue_clients_is_active, revenue_clients.created_at AS revenue_clients_created_at, revenue_clients.updated_at AS revenue_clients_updated_at 
FROM revenue_clients 
WHERE revenue_clients.altegio_client_id = %(altegio_client_id_1)s::INTEGER 
 LIMIT %(param_1)s::INTEGER
2026-08-01 12:12:09,177 INFO sqlalchemy.engine.Engine [cached since 0.2446s ago] {'altegio_client_id_1': 180571590, 'param_1': 1}
2026-08-01 12:12:09,178 INFO sqlalchemy.engine.Engine SELECT revenue_clients.id AS revenue_clients_id, revenue_clients.altegio_client_id AS revenue_clients_altegio_client_id, revenue_clients.company_id AS revenue_clients_company_id, revenue_clients.full_name AS revenue_clients_full_name, revenue_clients.phone AS revenue_clients_phone, revenue_clients.email AS revenue_clients_email, revenue_clients.birthday AS revenue_clients_birthday, revenue_clients.last_visit_date AS revenue_clients_last_visit_date, revenue_clients.first_visit_date AS revenue_clients_first_visit_date, revenue_clients.master_id AS revenue_clients_master_id, revenue_clients.last_service_id AS revenue_clients_last_service_id, revenue_clients.total_visits AS revenue_clients_total_visits, revenue_clients.total_spent AS revenue_clients_total_spent, revenue_clients.raw_data AS revenue_clients_raw_data, revenue_clients.last_visit_at AS revenue_clients_last_visit_at, revenue_clients.last_service_name AS revenue_clients_last_service_name, revenue_clients.visit_count AS revenue_clients_visit_count, revenue_clients.is_active AS revenue_clients_is_active, revenue_clients.created_at AS revenue_clients_created_at, revenue_clients.updated_at AS revenue_clients_updated_at 
FROM revenue_clients 
WHERE revenue_clients.altegio_client_id = %(altegio_client_id_1)s::INTEGER 
 LIMIT %(param_1)s::INTEGER
2026-08-01 12:12:09,178 INFO sqlalchemy.engine.Engine [cached since 0.2455s ago] {'altegio_client_id_1': 181241630, 'param_1': 1}
2026-08-01 12:12:09,179 INFO sqlalchemy.engine.Engine SELECT revenue_clients.id AS revenue_clients_id, revenue_clients.altegio_client_id AS revenue_clients_altegio_client_id, revenue_clients.company_id AS revenue_clients_company_id, revenue_clients.full_name AS revenue_clients_full_name, revenue_clients.phone AS revenue_clients_phone, revenue_clients.email AS revenue_clients_email, revenue_clients.birthday AS revenue_clients_birthday, revenue_clients.last_visit_date AS revenue_clients_last_visit_date, revenue_clients.first_visit_date AS revenue_clients_first_visit_date, revenue_clients.master_id AS revenue_clients_master_id, revenue_clients.last_service_id AS revenue_clients_last_service_id, revenue_clients.total_visits AS revenue_clients_total_visits, revenue_clients.total_spent AS revenue_clients_total_spent, revenue_clients.raw_data AS revenue_clients_raw_data, revenue_clients.last_visit_at AS revenue_clients_last_visit_at, revenue_clients.last_service_name AS revenue_clients_last_service_name, revenue_clients.visit_count AS revenue_clients_visit_count, revenue_clients.is_active AS revenue_clients_is_active, revenue_clients.created_at AS revenue_clients_created_at, revenue_clients.updated_at AS revenue_clients_updated_at 
FROM revenue_clients 
WHERE revenue_clients.altegio_client_id = %(altegio_client_id_1)s::INTEGER 
 LIMIT %(param_1)s::INTEGER
2026-08-01 12:12:09,179 INFO sqlalchemy.engine.Engine [cached since 0.2465s ago] {'altegio_client_id_1': 181279727, 'param_1': 1}
2026-08-01 12:12:09,180 INFO sqlalchemy.engine.Engine SELECT revenue_clients.id AS revenue_clients_id, revenue_clients.altegio_client_id AS revenue_clients_altegio_client_id, revenue_clients.company_id AS revenue_clients_company_id, revenue_clients.full_name AS revenue_clients_full_name, revenue_clients.phone AS revenue_clients_phone, revenue_clients.email AS revenue_clients_email, revenue_clients.birthday AS revenue_clients_birthday, revenue_clients.last_visit_date AS revenue_clients_last_visit_date, revenue_clients.first_visit_date AS revenue_clients_first_visit_date, revenue_clients.master_id AS revenue_clients_master_id, revenue_clients.last_service_id AS revenue_clients_last_service_id, revenue_clients.total_visits AS revenue_clients_total_visits, revenue_clients.total_spent AS revenue_clients_total_spent, revenue_clients.raw_data AS revenue_clients_raw_data, revenue_clients.last_visit_at AS revenue_clients_last_visit_at, revenue_clients.last_service_name AS revenue_clients_last_service_name, revenue_clients.visit_count AS revenue_clients_visit_count, revenue_clients.is_active AS revenue_clients_is_active, revenue_clients.created_at AS revenue_clients_created_at, revenue_clients.updated_at AS revenue_clients_updated_at 
FROM revenue_clients 
WHERE revenue_clients.altegio_client_id = %(altegio_client_id_1)s::INTEGER 
 LIMIT %(param_1)s::INTEGER
2026-08-01 12:12:09,180 INFO sqlalchemy.engine.Engine [cached since 0.2476s ago] {'altegio_client_id_1': 181304953, 'param_1': 1}
2026-08-01 12:12:09,181 INFO sqlalchemy.engine.Engine SELECT revenue_clients.id AS revenue_clients_id, revenue_clients.altegio_client_id AS revenue_clients_altegio_client_id, revenue_clients.company_id AS revenue_clients_company_id, revenue_clients.full_name AS revenue_clients_full_name, revenue_clients.phone AS revenue_clients_phone, revenue_clients.email AS revenue_clients_email, revenue_clients.birthday AS revenue_clients_birthday, revenue_clients.last_visit_date AS revenue_clients_last_visit_date, revenue_clients.first_visit_date AS revenue_clients_first_visit_date, revenue_clients.master_id AS revenue_clients_master_id, revenue_clients.last_service_id AS revenue_clients_last_service_id, revenue_clients.total_visits AS revenue_clients_total_visits, revenue_clients.total_spent AS revenue_clients_total_spent, revenue_clients.raw_data AS revenue_clients_raw_data, revenue_clients.last_visit_at AS revenue_clients_last_visit_at, revenue_clients.last_service_name AS revenue_clients_last_service_name, revenue_clients.visit_count AS revenue_clients_visit_count, revenue_clients.is_active AS revenue_clients_is_active, revenue_clients.created_at AS revenue_clients_created_at, revenue_clients.updated_at AS revenue_clients_updated_at 
FROM revenue_clients 
WHERE revenue_clients.altegio_client_id = %(altegio_client_id_1)s::INTEGER 
 LIMIT %(param_1)s::INTEGER
2026-08-01 12:12:09,181 INFO sqlalchemy.engine.Engine [cached since 0.2485s ago] {'altegio_client_id_1': 181317264, 'param_1': 1}
2026-08-01 12:12:09,182 INFO sqlalchemy.engine.Engine SELECT revenue_clients.id AS revenue_clients_id, revenue_clients.altegio_client_id AS revenue_clients_altegio_client_id, revenue_clients.company_id AS revenue_clients_company_id, revenue_clients.full_name AS revenue_clients_full_name, revenue_clients.phone AS revenue_clients_phone, revenue_clients.email AS revenue_clients_email, revenue_clients.birthday AS revenue_clients_birthday, revenue_clients.last_visit_date AS revenue_clients_last_visit_date, revenue_clients.first_visit_date AS revenue_clients_first_visit_date, revenue_clients.master_id AS revenue_clients_master_id, revenue_clients.last_service_id AS revenue_clients_last_service_id, revenue_clients.total_visits AS revenue_clients_total_visits, revenue_clients.total_spent AS revenue_clients_total_spent, revenue_clients.raw_data AS revenue_clients_raw_data, revenue_clients.last_visit_at AS revenue_clients_last_visit_at, revenue_clients.last_service_name AS revenue_clients_last_service_name, revenue_clients.visit_count AS revenue_clients_visit_count, revenue_clients.is_active AS revenue_clients_is_active, revenue_clients.created_at AS revenue_clients_created_at, revenue_clients.updated_at AS revenue_clients_updated_at 
FROM revenue_clients 
WHERE revenue_clients.altegio_client_id = %(altegio_client_id_1)s::INTEGER 
 LIMIT %(param_1)s::INTEGER
2026-08-01 12:12:09,182 INFO sqlalchemy.engine.Engine [cached since 0.2494s ago] {'altegio_client_id_1': 181425676, 'param_1': 1}
2026-08-01 12:12:09,183 INFO sqlalchemy.engine.Engine SELECT revenue_clients.id AS revenue_clients_id, revenue_clients.altegio_client_id AS revenue_clients_altegio_client_id, revenue_clients.company_id AS revenue_clients_company_id, revenue_clients.full_name AS revenue_clients_full_name, revenue_clients.phone AS revenue_clients_phone, revenue_clients.email AS revenue_clients_email, revenue_clients.birthday AS revenue_clients_birthday, revenue_clients.last_visit_date AS revenue_clients_last_visit_date, revenue_clients.first_visit_date AS revenue_clients_first_visit_date, revenue_clients.master_id AS revenue_clients_master_id, revenue_clients.last_service_id AS revenue_clients_last_service_id, revenue_clients.total_visits AS revenue_clients_total_visits, revenue_clients.total_spent AS revenue_clients_total_spent, revenue_clients.raw_data AS revenue_clients_raw_data, revenue_clients.last_visit_at AS revenue_clients_last_visit_at, revenue_clients.last_service_name AS revenue_clients_last_service_name, revenue_clients.visit_count AS revenue_clients_visit_count, revenue_clients.is_active AS revenue_clients_is_active, revenue_clients.created_at AS revenue_clients_created_at, revenue_clients.updated_at AS revenue_clients_updated_at 
FROM revenue_clients 
WHERE revenue_clients.altegio_client_id = %(altegio_client_id_1)s::INTEGER 
 LIMIT %(param_1)s::INTEGER
2026-08-01 12:12:09,183 INFO sqlalchemy.engine.Engine [cached since 0.2502s ago] {'altegio_client_id_1': 181437602, 'param_1': 1}
2026-08-01 12:12:09,184 INFO sqlalchemy.engine.Engine SELECT revenue_clients.id AS revenue_clients_id, revenue_clients.altegio_client_id AS revenue_clients_altegio_client_id, revenue_clients.company_id AS revenue_clients_company_id, revenue_clients.full_name AS revenue_clients_full_name, revenue_clients.phone AS revenue_clients_phone, revenue_clients.email AS revenue_clients_email, revenue_clients.birthday AS revenue_clients_birthday, revenue_clients.last_visit_date AS revenue_clients_last_visit_date, revenue_clients.first_visit_date AS revenue_clients_first_visit_date, revenue_clients.master_id AS revenue_clients_master_id, revenue_clients.last_service_id AS revenue_clients_last_service_id, revenue_clients.total_visits AS revenue_clients_total_visits, revenue_clients.total_spent AS revenue_clients_total_spent, revenue_clients.raw_data AS revenue_clients_raw_data, revenue_clients.last_visit_at AS revenue_clients_last_visit_at, revenue_clients.last_service_name AS revenue_clients_last_service_name, revenue_clients.visit_count AS revenue_clients_visit_count, revenue_clients.is_active AS revenue_clients_is_active, revenue_clients.created_at AS revenue_clients_created_at, revenue_clients.updated_at AS revenue_clients_updated_at 
FROM revenue_clients 
WHERE revenue_clients.altegio_client_id = %(altegio_client_id_1)s::INTEGER 
 LIMIT %(param_1)s::INTEGER
2026-08-01 12:12:09,184 INFO sqlalchemy.engine.Engine [cached since 0.2511s ago] {'altegio_client_id_1': 181527862, 'param_1': 1}
2026-08-01 12:12:09,185 INFO sqlalchemy.engine.Engine SELECT revenue_clients.id AS revenue_clients_id, revenue_clients.altegio_client_id AS revenue_clients_altegio_client_id, revenue_clients.company_id AS revenue_clients_company_id, revenue_clients.full_name AS revenue_clients_full_name, revenue_clients.phone AS revenue_clients_phone, revenue_clients.email AS revenue_clients_email, revenue_clients.birthday AS revenue_clients_birthday, revenue_clients.last_visit_date AS revenue_clients_last_visit_date, revenue_clients.first_visit_date AS revenue_clients_first_visit_date, revenue_clients.master_id AS revenue_clients_master_id, revenue_clients.last_service_id AS revenue_clients_last_service_id, revenue_clients.total_visits AS revenue_clients_total_visits, revenue_clients.total_spent AS revenue_clients_total_spent, revenue_clients.raw_data AS revenue_clients_raw_data, revenue_clients.last_visit_at AS revenue_clients_last_visit_at, revenue_clients.last_service_name AS revenue_clients_last_service_name, revenue_clients.visit_count AS revenue_clients_visit_count, revenue_clients.is_active AS revenue_clients_is_active, revenue_clients.created_at AS revenue_clients_created_at, revenue_clients.updated_at AS revenue_clients_updated_at 
FROM revenue_clients 
WHERE revenue_clients.altegio_client_id = %(altegio_client_id_1)s::INTEGER 
 LIMIT %(param_1)s::INTEGER
2026-08-01 12:12:09,185 INFO sqlalchemy.engine.Engine [cached since 0.252s ago] {'altegio_client_id_1': 181527867, 'param_1': 1}
2026-08-01 12:12:09,186 INFO sqlalchemy.engine.Engine SELECT revenue_clients.id AS revenue_clients_id, revenue_clients.altegio_client_id AS revenue_clients_altegio_client_id, revenue_clients.company_id AS revenue_clients_company_id, revenue_clients.full_name AS revenue_clients_full_name, revenue_clients.phone AS revenue_clients_phone, revenue_clients.email AS revenue_clients_email, revenue_clients.birthday AS revenue_clients_birthday, revenue_clients.last_visit_date AS revenue_clients_last_visit_date, revenue_clients.first_visit_date AS revenue_clients_first_visit_date, revenue_clients.master_id AS revenue_clients_master_id, revenue_clients.last_service_id AS revenue_clients_last_service_id, revenue_clients.total_visits AS revenue_clients_total_visits, revenue_clients.total_spent AS revenue_clients_total_spent, revenue_clients.raw_data AS revenue_clients_raw_data, revenue_clients.last_visit_at AS revenue_clients_last_visit_at, revenue_clients.last_service_name AS revenue_clients_last_service_name, revenue_clients.visit_count AS revenue_clients_visit_count, revenue_clients.is_active AS revenue_clients_is_active, revenue_clients.created_at AS revenue_clients_created_at, revenue_clients.updated_at AS revenue_clients_updated_at 
FROM revenue_clients 
WHERE revenue_clients.altegio_client_id = %(altegio_client_id_1)s::INTEGER 
 LIMIT %(param_1)s::INTEGER
2026-08-01 12:12:09,186 INFO sqlalchemy.engine.Engine [cached since 0.2529s ago] {'altegio_client_id_1': 181527876, 'param_1': 1}
2026-08-01 12:12:09,186 INFO sqlalchemy.engine.Engine SELECT revenue_clients.id AS revenue_clients_id, revenue_clients.altegio_client_id AS revenue_clients_altegio_client_id, revenue_clients.company_id AS revenue_clients_company_id, revenue_clients.full_name AS revenue_clients_full_name, revenue_clients.phone AS revenue_clients_phone, revenue_clients.email AS revenue_clients_email, revenue_clients.birthday AS revenue_clients_birthday, revenue_clients.last_visit_date AS revenue_clients_last_visit_date, revenue_clients.first_visit_date AS revenue_clients_first_visit_date, revenue_clients.master_id AS revenue_clients_master_id, revenue_clients.last_service_id AS revenue_clients_last_service_id, revenue_clients.total_visits AS revenue_clients_total_visits, revenue_clients.total_spent AS revenue_clients_total_spent, revenue_clients.raw_data AS revenue_clients_raw_data, revenue_clients.last_visit_at AS revenue_clients_last_visit_at, revenue_clients.last_service_name AS revenue_clients_last_service_name, revenue_clients.visit_count AS revenue_clients_visit_count, revenue_clients.is_active AS revenue_clients_is_active, revenue_clients.created_at AS revenue_clients_created_at, revenue_clients.updated_at AS revenue_clients_updated_at 
FROM revenue_clients 
WHERE revenue_clients.altegio_client_id = %(altegio_client_id_1)s::INTEGER 
 LIMIT %(param_1)s::INTEGER
2026-08-01 12:12:09,186 INFO sqlalchemy.engine.Engine [cached since 0.2537s ago] {'altegio_client_id_1': 181528069, 'param_1': 1}
2026-08-01 12:12:09,187 INFO sqlalchemy.engine.Engine SELECT revenue_clients.id AS revenue_clients_id, revenue_clients.altegio_client_id AS revenue_clients_altegio_client_id, revenue_clients.company_id AS revenue_clients_company_id, revenue_clients.full_name AS revenue_clients_full_name, revenue_clients.phone AS revenue_clients_phone, revenue_clients.email AS revenue_clients_email, revenue_clients.birthday AS revenue_clients_birthday, revenue_clients.last_visit_date AS revenue_clients_last_visit_date, revenue_clients.first_visit_date AS revenue_clients_first_visit_date, revenue_clients.master_id AS revenue_clients_master_id, revenue_clients.last_service_id AS revenue_clients_last_service_id, revenue_clients.total_visits AS revenue_clients_total_visits, revenue_clients.total_spent AS revenue_clients_total_spent, revenue_clients.raw_data AS revenue_clients_raw_data, revenue_clients.last_visit_at AS revenue_clients_last_visit_at, revenue_clients.last_service_name AS revenue_clients_last_service_name, revenue_clients.visit_count AS revenue_clients_visit_count, revenue_clients.is_active AS revenue_clients_is_active, revenue_clients.created_at AS revenue_clients_created_at, revenue_clients.updated_at AS revenue_clients_updated_at 
FROM revenue_clients 
WHERE revenue_clients.altegio_client_id = %(altegio_client_id_1)s::INTEGER 
 LIMIT %(param_1)s::INTEGER
2026-08-01 12:12:09,187 INFO sqlalchemy.engine.Engine [cached since 0.2546s ago] {'altegio_client_id_1': 181544185, 'param_1': 1}
2026-08-01 12:12:09,188 INFO sqlalchemy.engine.Engine SELECT revenue_clients.id AS revenue_clients_id, revenue_clients.altegio_client_id AS revenue_clients_altegio_client_id, revenue_clients.company_id AS revenue_clients_company_id, revenue_clients.full_name AS revenue_clients_full_name, revenue_clients.phone AS revenue_clients_phone, revenue_clients.email AS revenue_clients_email, revenue_clients.birthday AS revenue_clients_birthday, revenue_clients.last_visit_date AS revenue_clients_last_visit_date, revenue_clients.first_visit_date AS revenue_clients_first_visit_date, revenue_clients.master_id AS revenue_clients_master_id, revenue_clients.last_service_id AS revenue_clients_last_service_id, revenue_clients.total_visits AS revenue_clients_total_visits, revenue_clients.total_spent AS revenue_clients_total_spent, revenue_clients.raw_data AS revenue_clients_raw_data, revenue_clients.last_visit_at AS revenue_clients_last_visit_at, revenue_clients.last_service_name AS revenue_clients_last_service_name, revenue_clients.visit_count AS revenue_clients_visit_count, revenue_clients.is_active AS revenue_clients_is_active, revenue_clients.created_at AS revenue_clients_created_at, revenue_clients.updated_at AS revenue_clients_updated_at 
FROM revenue_clients 
WHERE revenue_clients.altegio_client_id = %(altegio_client_id_1)s::INTEGER 
 LIMIT %(param_1)s::INTEGER
2026-08-01 12:12:09,188 INFO sqlalchemy.engine.Engine [cached since 0.2555s ago] {'altegio_client_id_1': 181598145, 'param_1': 1}
2026-08-01 12:12:09,189 INFO sqlalchemy.engine.Engine SELECT revenue_clients.id AS revenue_clients_id, revenue_clients.altegio_client_id AS revenue_clients_altegio_client_id, revenue_clients.company_id AS revenue_clients_company_id, revenue_clients.full_name AS revenue_clients_full_name, revenue_clients.phone AS revenue_clients_phone, revenue_clients.email AS revenue_clients_email, revenue_clients.birthday AS revenue_clients_birthday, revenue_clients.last_visit_date AS revenue_clients_last_visit_date, revenue_clients.first_visit_date AS revenue_clients_first_visit_date, revenue_clients.master_id AS revenue_clients_master_id, revenue_clients.last_service_id AS revenue_clients_last_service_id, revenue_clients.total_visits AS revenue_clients_total_visits, revenue_clients.total_spent AS revenue_clients_total_spent, revenue_clients.raw_data AS revenue_clients_raw_data, revenue_clients.last_visit_at AS revenue_clients_last_visit_at, revenue_clients.last_service_name AS revenue_clients_last_service_name, revenue_clients.visit_count AS revenue_clients_visit_count, revenue_clients.is_active AS revenue_clients_is_active, revenue_clients.created_at AS revenue_clients_created_at, revenue_clients.updated_at AS revenue_clients_updated_at 
FROM revenue_clients 
WHERE revenue_clients.altegio_client_id = %(altegio_client_id_1)s::INTEGER 
 LIMIT %(param_1)s::INTEGER
2026-08-01 12:12:09,189 INFO sqlalchemy.engine.Engine [cached since 0.2564s ago] {'altegio_client_id_1': 181674550, 'param_1': 1}
2026-08-01 12:12:09,190 INFO sqlalchemy.engine.Engine SELECT revenue_clients.id AS revenue_clients_id, revenue_clients.altegio_client_id AS revenue_clients_altegio_client_id, revenue_clients.company_id AS revenue_clients_company_id, revenue_clients.full_name AS revenue_clients_full_name, revenue_clients.phone AS revenue_clients_phone, revenue_clients.email AS revenue_clients_email, revenue_clients.birthday AS revenue_clients_birthday, revenue_clients.last_visit_date AS revenue_clients_last_visit_date, revenue_clients.first_visit_date AS revenue_clients_first_visit_date, revenue_clients.master_id AS revenue_clients_master_id, revenue_clients.last_service_id AS revenue_clients_last_service_id, revenue_clients.total_visits AS revenue_clients_total_visits, revenue_clients.total_spent AS revenue_clients_total_spent, revenue_clients.raw_data AS revenue_clients_raw_data, revenue_clients.last_visit_at AS revenue_clients_last_visit_at, revenue_clients.last_service_name AS revenue_clients_last_service_name, revenue_clients.visit_count AS revenue_clients_visit_count, revenue_clients.is_active AS revenue_clients_is_active, revenue_clients.created_at AS revenue_clients_created_at, revenue_clients.updated_at AS revenue_clients_updated_at 
FROM revenue_clients 
WHERE revenue_clients.altegio_client_id = %(altegio_client_id_1)s::INTEGER 
 LIMIT %(param_1)s::INTEGER
2026-08-01 12:12:09,190 INFO sqlalchemy.engine.Engine [cached since 0.2572s ago] {'altegio_client_id_1': 181695801, 'param_1': 1}
2026-08-01 12:12:09,191 INFO sqlalchemy.engine.Engine SELECT revenue_clients.id AS revenue_clients_id, revenue_clients.altegio_client_id AS revenue_clients_altegio_client_id, revenue_clients.company_id AS revenue_clients_company_id, revenue_clients.full_name AS revenue_clients_full_name, revenue_clients.phone AS revenue_clients_phone, revenue_clients.email AS revenue_clients_email, revenue_clients.birthday AS revenue_clients_birthday, revenue_clients.last_visit_date AS revenue_clients_last_visit_date, revenue_clients.first_visit_date AS revenue_clients_first_visit_date, revenue_clients.master_id AS revenue_clients_master_id, revenue_clients.last_service_id AS revenue_clients_last_service_id, revenue_clients.total_visits AS revenue_clients_total_visits, revenue_clients.total_spent AS revenue_clients_total_spent, revenue_clients.raw_data AS revenue_clients_raw_data, revenue_clients.last_visit_at AS revenue_clients_last_visit_at, revenue_clients.last_service_name AS revenue_clients_last_service_name, revenue_clients.visit_count AS revenue_clients_visit_count, revenue_clients.is_active AS revenue_clients_is_active, revenue_clients.created_at AS revenue_clients_created_at, revenue_clients.updated_at AS revenue_clients_updated_at 
FROM revenue_clients 
WHERE revenue_clients.altegio_client_id = %(altegio_client_id_1)s::INTEGER 
 LIMIT %(param_1)s::INTEGER
2026-08-01 12:12:09,191 INFO sqlalchemy.engine.Engine [cached since 0.2582s ago] {'altegio_client_id_1': 181701670, 'param_1': 1}
2026-08-01 12:12:09,192 INFO sqlalchemy.engine.Engine SELECT revenue_clients.id AS revenue_clients_id, revenue_clients.altegio_client_id AS revenue_clients_altegio_client_id, revenue_clients.company_id AS revenue_clients_company_id, revenue_clients.full_name AS revenue_clients_full_name, revenue_clients.phone AS revenue_clients_phone, revenue_clients.email AS revenue_clients_email, revenue_clients.birthday AS revenue_clients_birthday, revenue_clients.last_visit_date AS revenue_clients_last_visit_date, revenue_clients.first_visit_date AS revenue_clients_first_visit_date, revenue_clients.master_id AS revenue_clients_master_id, revenue_clients.last_service_id AS revenue_clients_last_service_id, revenue_clients.total_visits AS revenue_clients_total_visits, revenue_clients.total_spent AS revenue_clients_total_spent, revenue_clients.raw_data AS revenue_clients_raw_data, revenue_clients.last_visit_at AS revenue_clients_last_visit_at, revenue_clients.last_service_name AS revenue_clients_last_service_name, revenue_clients.visit_count AS revenue_clients_visit_count, revenue_clients.is_active AS revenue_clients_is_active, revenue_clients.created_at AS revenue_clients_created_at, revenue_clients.updated_at AS revenue_clients_updated_at 
FROM revenue_clients 
WHERE revenue_clients.altegio_client_id = %(altegio_client_id_1)s::INTEGER 
 LIMIT %(param_1)s::INTEGER
2026-08-01 12:12:09,192 INFO sqlalchemy.engine.Engine [cached since 0.259s ago] {'altegio_client_id_1': 181738308, 'param_1': 1}
2026-08-01 12:12:09,193 INFO sqlalchemy.engine.Engine SELECT revenue_clients.id AS revenue_clients_id, revenue_clients.altegio_client_id AS revenue_clients_altegio_client_id, revenue_clients.company_id AS revenue_clients_company_id, revenue_clients.full_name AS revenue_clients_full_name, revenue_clients.phone AS revenue_clients_phone, revenue_clients.email AS revenue_clients_email, revenue_clients.birthday AS revenue_clients_birthday, revenue_clients.last_visit_date AS revenue_clients_last_visit_date, revenue_clients.first_visit_date AS revenue_clients_first_visit_date, revenue_clients.master_id AS revenue_clients_master_id, revenue_clients.last_service_id AS revenue_clients_last_service_id, revenue_clients.total_visits AS revenue_clients_total_visits, revenue_clients.total_spent AS revenue_clients_total_spent, revenue_clients.raw_data AS revenue_clients_raw_data, revenue_clients.last_visit_at AS revenue_clients_last_visit_at, revenue_clients.last_service_name AS revenue_clients_last_service_name, revenue_clients.visit_count AS revenue_clients_visit_count, revenue_clients.is_active AS revenue_clients_is_active, revenue_clients.created_at AS revenue_clients_created_at, revenue_clients.updated_at AS revenue_clients_updated_at 
FROM revenue_clients 
WHERE revenue_clients.altegio_client_id = %(altegio_client_id_1)s::INTEGER 
 LIMIT %(param_1)s::INTEGER
2026-08-01 12:12:09,193 INFO sqlalchemy.engine.Engine [cached since 0.2599s ago] {'altegio_client_id_1': 181740909, 'param_1': 1}
2026-08-01 12:12:09,194 INFO sqlalchemy.engine.Engine SELECT revenue_clients.id AS revenue_clients_id, revenue_clients.altegio_client_id AS revenue_clients_altegio_client_id, revenue_clients.company_id AS revenue_clients_company_id, revenue_clients.full_name AS revenue_clients_full_name, revenue_clients.phone AS revenue_clients_phone, revenue_clients.email AS revenue_clients_email, revenue_clients.birthday AS revenue_clients_birthday, revenue_clients.last_visit_date AS revenue_clients_last_visit_date, revenue_clients.first_visit_date AS revenue_clients_first_visit_date, revenue_clients.master_id AS revenue_clients_master_id, revenue_clients.last_service_id AS revenue_clients_last_service_id, revenue_clients.total_visits AS revenue_clients_total_visits, revenue_clients.total_spent AS revenue_clients_total_spent, revenue_clients.raw_data AS revenue_clients_raw_data, revenue_clients.last_visit_at AS revenue_clients_last_visit_at, revenue_clients.last_service_name AS revenue_clients_last_service_name, revenue_clients.visit_count AS revenue_clients_visit_count, revenue_clients.is_active AS revenue_clients_is_active, revenue_clients.created_at AS revenue_clients_created_at, revenue_clients.updated_at AS revenue_clients_updated_at 
FROM revenue_clients 
WHERE revenue_clients.altegio_client_id = %(altegio_client_id_1)s::INTEGER 
 LIMIT %(param_1)s::INTEGER
2026-08-01 12:12:09,194 INFO sqlalchemy.engine.Engine [cached since 0.2608s ago] {'altegio_client_id_1': 181783821, 'param_1': 1}
2026-08-01 12:12:09,194 INFO sqlalchemy.engine.Engine SELECT revenue_clients.id AS revenue_clients_id, revenue_clients.altegio_client_id AS revenue_clients_altegio_client_id, revenue_clients.company_id AS revenue_clients_company_id, revenue_clients.full_name AS revenue_clients_full_name, revenue_clients.phone AS revenue_clients_phone, revenue_clients.email AS revenue_clients_email, revenue_clients.birthday AS revenue_clients_birthday, revenue_clients.last_visit_date AS revenue_clients_last_visit_date, revenue_clients.first_visit_date AS revenue_clients_first_visit_date, revenue_clients.master_id AS revenue_clients_master_id, revenue_clients.last_service_id AS revenue_clients_last_service_id, revenue_clients.total_visits AS revenue_clients_total_visits, revenue_clients.total_spent AS revenue_clients_total_spent, revenue_clients.raw_data AS revenue_clients_raw_data, revenue_clients.last_visit_at AS revenue_clients_last_visit_at, revenue_clients.last_service_name AS revenue_clients_last_service_name, revenue_clients.visit_count AS revenue_clients_visit_count, revenue_clients.is_active AS revenue_clients_is_active, revenue_clients.created_at AS revenue_clients_created_at, revenue_clients.updated_at AS revenue_clients_updated_at 
FROM revenue_clients 
WHERE revenue_clients.altegio_client_id = %(altegio_client_id_1)s::INTEGER 
 LIMIT %(param_1)s::INTEGER
2026-08-01 12:12:09,194 INFO sqlalchemy.engine.Engine [cached since 0.2617s ago] {'altegio_client_id_1': 181862318, 'param_1': 1}
2026-08-01 12:12:09,195 INFO sqlalchemy.engine.Engine SELECT revenue_clients.id AS revenue_clients_id, revenue_clients.altegio_client_id AS revenue_clients_altegio_client_id, revenue_clients.company_id AS revenue_clients_company_id, revenue_clients.full_name AS revenue_clients_full_name, revenue_clients.phone AS revenue_clients_phone, revenue_clients.email AS revenue_clients_email, revenue_clients.birthday AS revenue_clients_birthday, revenue_clients.last_visit_date AS revenue_clients_last_visit_date, revenue_clients.first_visit_date AS revenue_clients_first_visit_date, revenue_clients.master_id AS revenue_clients_master_id, revenue_clients.last_service_id AS revenue_clients_last_service_id, revenue_clients.total_visits AS revenue_clients_total_visits, revenue_clients.total_spent AS revenue_clients_total_spent, revenue_clients.raw_data AS revenue_clients_raw_data, revenue_clients.last_visit_at AS revenue_clients_last_visit_at, revenue_clients.last_service_name AS revenue_clients_last_service_name, revenue_clients.visit_count AS revenue_clients_visit_count, revenue_clients.is_active AS revenue_clients_is_active, revenue_clients.created_at AS revenue_clients_created_at, revenue_clients.updated_at AS revenue_clients_updated_at 
FROM revenue_clients 
WHERE revenue_clients.altegio_client_id = %(altegio_client_id_1)s::INTEGER 
 LIMIT %(param_1)s::INTEGER
2026-08-01 12:12:09,195 INFO sqlalchemy.engine.Engine [cached since 0.2626s ago] {'altegio_client_id_1': 181891207, 'param_1': 1}
2026-08-01 12:12:09,196 INFO sqlalchemy.engine.Engine SELECT revenue_clients.id AS revenue_clients_id, revenue_clients.altegio_client_id AS revenue_clients_altegio_client_id, revenue_clients.company_id AS revenue_clients_company_id, revenue_clients.full_name AS revenue_clients_full_name, revenue_clients.phone AS revenue_clients_phone, revenue_clients.email AS revenue_clients_email, revenue_clients.birthday AS revenue_clients_birthday, revenue_clients.last_visit_date AS revenue_clients_last_visit_date, revenue_clients.first_visit_date AS revenue_clients_first_visit_date, revenue_clients.master_id AS revenue_clients_master_id, revenue_clients.last_service_id AS revenue_clients_last_service_id, revenue_clients.total_visits AS revenue_clients_total_visits, revenue_clients.total_spent AS revenue_clients_total_spent, revenue_clients.raw_data AS revenue_clients_raw_data, revenue_clients.last_visit_at AS revenue_clients_last_visit_at, revenue_clients.last_service_name AS revenue_clients_last_service_name, revenue_clients.visit_count AS revenue_clients_visit_count, revenue_clients.is_active AS revenue_clients_is_active, revenue_clients.created_at AS revenue_clients_created_at, revenue_clients.updated_at AS revenue_clients_updated_at 
FROM revenue_clients 
WHERE revenue_clients.altegio_client_id = %(altegio_client_id_1)s::INTEGER 
 LIMIT %(param_1)s::INTEGER
2026-08-01 12:12:09,196 INFO sqlalchemy.engine.Engine [cached since 0.2635s ago] {'altegio_client_id_1': 181894162, 'param_1': 1}
2026-08-01 12:12:09,197 INFO sqlalchemy.engine.Engine SELECT revenue_clients.id AS revenue_clients_id, revenue_clients.altegio_client_id AS revenue_clients_altegio_client_id, revenue_clients.company_id AS revenue_clients_company_id, revenue_clients.full_name AS revenue_clients_full_name, revenue_clients.phone AS revenue_clients_phone, revenue_clients.email AS revenue_clients_email, revenue_clients.birthday AS revenue_clients_birthday, revenue_clients.last_visit_date AS revenue_clients_last_visit_date, revenue_clients.first_visit_date AS revenue_clients_first_visit_date, revenue_clients.master_id AS revenue_clients_master_id, revenue_clients.last_service_id AS revenue_clients_last_service_id, revenue_clients.total_visits AS revenue_clients_total_visits, revenue_clients.total_spent AS revenue_clients_total_spent, revenue_clients.raw_data AS revenue_clients_raw_data, revenue_clients.last_visit_at AS revenue_clients_last_visit_at, revenue_clients.last_service_name AS revenue_clients_last_service_name, revenue_clients.visit_count AS revenue_clients_visit_count, revenue_clients.is_active AS revenue_clients_is_active, revenue_clients.created_at AS revenue_clients_created_at, revenue_clients.updated_at AS revenue_clients_updated_at 
FROM revenue_clients 
WHERE revenue_clients.altegio_client_id = %(altegio_client_id_1)s::INTEGER 
 LIMIT %(param_1)s::INTEGER
2026-08-01 12:12:09,197 INFO sqlalchemy.engine.Engine [cached since 0.2645s ago] {'altegio_client_id_1': 181899901, 'param_1': 1}
2026-08-01 12:12:09,198 INFO sqlalchemy.engine.Engine SELECT revenue_clients.id AS revenue_clients_id, revenue_clients.altegio_client_id AS revenue_clients_altegio_client_id, revenue_clients.company_id AS revenue_clients_company_id, revenue_clients.full_name AS revenue_clients_full_name, revenue_clients.phone AS revenue_clients_phone, revenue_clients.email AS revenue_clients_email, revenue_clients.birthday AS revenue_clients_birthday, revenue_clients.last_visit_date AS revenue_clients_last_visit_date, revenue_clients.first_visit_date AS revenue_clients_first_visit_date, revenue_clients.master_id AS revenue_clients_master_id, revenue_clients.last_service_id AS revenue_clients_last_service_id, revenue_clients.total_visits AS revenue_clients_total_visits, revenue_clients.total_spent AS revenue_clients_total_spent, revenue_clients.raw_data AS revenue_clients_raw_data, revenue_clients.last_visit_at AS revenue_clients_last_visit_at, revenue_clients.last_service_name AS revenue_clients_last_service_name, revenue_clients.visit_count AS revenue_clients_visit_count, revenue_clients.is_active AS revenue_clients_is_active, revenue_clients.created_at AS revenue_clients_created_at, revenue_clients.updated_at AS revenue_clients_updated_at 
FROM revenue_clients 
WHERE revenue_clients.altegio_client_id = %(altegio_client_id_1)s::INTEGER 
 LIMIT %(param_1)s::INTEGER
2026-08-01 12:12:09,198 INFO sqlalchemy.engine.Engine [cached since 0.2654s ago] {'altegio_client_id_1': 181982583, 'param_1': 1}
2026-08-01 12:12:09,199 INFO sqlalchemy.engine.Engine SELECT revenue_clients.id AS revenue_clients_id, revenue_clients.altegio_client_id AS revenue_clients_altegio_client_id, revenue_clients.company_id AS revenue_clients_company_id, revenue_clients.full_name AS revenue_clients_full_name, revenue_clients.phone AS revenue_clients_phone, revenue_clients.email AS revenue_clients_email, revenue_clients.birthday AS revenue_clients_birthday, revenue_clients.last_visit_date AS revenue_clients_last_visit_date, revenue_clients.first_visit_date AS revenue_clients_first_visit_date, revenue_clients.master_id AS revenue_clients_master_id, revenue_clients.last_service_id AS revenue_clients_last_service_id, revenue_clients.total_visits AS revenue_clients_total_visits, revenue_clients.total_spent AS revenue_clients_total_spent, revenue_clients.raw_data AS revenue_clients_raw_data, revenue_clients.last_visit_at AS revenue_clients_last_visit_at, revenue_clients.last_service_name AS revenue_clients_last_service_name, revenue_clients.visit_count AS revenue_clients_visit_count, revenue_clients.is_active AS revenue_clients_is_active, revenue_clients.created_at AS revenue_clients_created_at, revenue_clients.updated_at AS revenue_clients_updated_at 
FROM revenue_clients 
WHERE revenue_clients.altegio_client_id = %(altegio_client_id_1)s::INTEGER 
 LIMIT %(param_1)s::INTEGER
2026-08-01 12:12:09,199 INFO sqlalchemy.engine.Engine [cached since 0.2663s ago] {'altegio_client_id_1': 182064343, 'param_1': 1}
2026-08-01 12:12:09,200 INFO sqlalchemy.engine.Engine SELECT revenue_clients.id AS revenue_clients_id, revenue_clients.altegio_client_id AS revenue_clients_altegio_client_id, revenue_clients.company_id AS revenue_clients_company_id, revenue_clients.full_name AS revenue_clients_full_name, revenue_clients.phone AS revenue_clients_phone, revenue_clients.email AS revenue_clients_email, revenue_clients.birthday AS revenue_clients_birthday, revenue_clients.last_visit_date AS revenue_clients_last_visit_date, revenue_clients.first_visit_date AS revenue_clients_first_visit_date, revenue_clients.master_id AS revenue_clients_master_id, revenue_clients.last_service_id AS revenue_clients_last_service_id, revenue_clients.total_visits AS revenue_clients_total_visits, revenue_clients.total_spent AS revenue_clients_total_spent, revenue_clients.raw_data AS revenue_clients_raw_data, revenue_clients.last_visit_at AS revenue_clients_last_visit_at, revenue_clients.last_service_name AS revenue_clients_last_service_name, revenue_clients.visit_count AS revenue_clients_visit_count, revenue_clients.is_active AS revenue_clients_is_active, revenue_clients.created_at AS revenue_clients_created_at, revenue_clients.updated_at AS revenue_clients_updated_at 
FROM revenue_clients 
WHERE revenue_clients.altegio_client_id = %(altegio_client_id_1)s::INTEGER 
 LIMIT %(param_1)s::INTEGER
2026-08-01 12:12:09,200 INFO sqlalchemy.engine.Engine [cached since 0.2672s ago] {'altegio_client_id_1': 182378283, 'param_1': 1}
2026-08-01 12:12:09,201 INFO sqlalchemy.engine.Engine SELECT revenue_clients.id AS revenue_clients_id, revenue_clients.altegio_client_id AS revenue_clients_altegio_client_id, revenue_clients.company_id AS revenue_clients_company_id, revenue_clients.full_name AS revenue_clients_full_name, revenue_clients.phone AS revenue_clients_phone, revenue_clients.email AS revenue_clients_email, revenue_clients.birthday AS revenue_clients_birthday, revenue_clients.last_visit_date AS revenue_clients_last_visit_date, revenue_clients.first_visit_date AS revenue_clients_first_visit_date, revenue_clients.master_id AS revenue_clients_master_id, revenue_clients.last_service_id AS revenue_clients_last_service_id, revenue_clients.total_visits AS revenue_clients_total_visits, revenue_clients.total_spent AS revenue_clients_total_spent, revenue_clients.raw_data AS revenue_clients_raw_data, revenue_clients.last_visit_at AS revenue_clients_last_visit_at, revenue_clients.last_service_name AS revenue_clients_last_service_name, revenue_clients.visit_count AS revenue_clients_visit_count, revenue_clients.is_active AS revenue_clients_is_active, revenue_clients.created_at AS revenue_clients_created_at, revenue_clients.updated_at AS revenue_clients_updated_at 
FROM revenue_clients 
WHERE revenue_clients.altegio_client_id = %(altegio_client_id_1)s::INTEGER 
 LIMIT %(param_1)s::INTEGER
2026-08-01 12:12:09,201 INFO sqlalchemy.engine.Engine [cached since 0.2681s ago] {'altegio_client_id_1': 182452253, 'param_1': 1}
2026-08-01 12:12:09,202 INFO sqlalchemy.engine.Engine SELECT revenue_clients.id AS revenue_clients_id, revenue_clients.altegio_client_id AS revenue_clients_altegio_client_id, revenue_clients.company_id AS revenue_clients_company_id, revenue_clients.full_name AS revenue_clients_full_name, revenue_clients.phone AS revenue_clients_phone, revenue_clients.email AS revenue_clients_email, revenue_clients.birthday AS revenue_clients_birthday, revenue_clients.last_visit_date AS revenue_clients_last_visit_date, revenue_clients.first_visit_date AS revenue_clients_first_visit_date, revenue_clients.master_id AS revenue_clients_master_id, revenue_clients.last_service_id AS revenue_clients_last_service_id, revenue_clients.total_visits AS revenue_clients_total_visits, revenue_clients.total_spent AS revenue_clients_total_spent, revenue_clients.raw_data AS revenue_clients_raw_data, revenue_clients.last_visit_at AS revenue_clients_last_visit_at, revenue_clients.last_service_name AS revenue_clients_last_service_name, revenue_clients.visit_count AS revenue_clients_visit_count, revenue_clients.is_active AS revenue_clients_is_active, revenue_clients.created_at AS revenue_clients_created_at, revenue_clients.updated_at AS revenue_clients_updated_at 
FROM revenue_clients 
WHERE revenue_clients.altegio_client_id = %(altegio_client_id_1)s::INTEGER 
 LIMIT %(param_1)s::INTEGER
2026-08-01 12:12:09,202 INFO sqlalchemy.engine.Engine [cached since 0.269s ago] {'altegio_client_id_1': 182471080, 'param_1': 1}
2026-08-01 12:12:09,203 INFO sqlalchemy.engine.Engine SELECT revenue_clients.id AS revenue_clients_id, revenue_clients.altegio_client_id AS revenue_clients_altegio_client_id, revenue_clients.company_id AS revenue_clients_company_id, revenue_clients.full_name AS revenue_clients_full_name, revenue_clients.phone AS revenue_clients_phone, revenue_clients.email AS revenue_clients_email, revenue_clients.birthday AS revenue_clients_birthday, revenue_clients.last_visit_date AS revenue_clients_last_visit_date, revenue_clients.first_visit_date AS revenue_clients_first_visit_date, revenue_clients.master_id AS revenue_clients_master_id, revenue_clients.last_service_id AS revenue_clients_last_service_id, revenue_clients.total_visits AS revenue_clients_total_visits, revenue_clients.total_spent AS revenue_clients_total_spent, revenue_clients.raw_data AS revenue_clients_raw_data, revenue_clients.last_visit_at AS revenue_clients_last_visit_at, revenue_clients.last_service_name AS revenue_clients_last_service_name, revenue_clients.visit_count AS revenue_clients_visit_count, revenue_clients.is_active AS revenue_clients_is_active, revenue_clients.created_at AS revenue_clients_created_at, revenue_clients.updated_at AS revenue_clients_updated_at 
FROM revenue_clients 
WHERE revenue_clients.altegio_client_id = %(altegio_client_id_1)s::INTEGER 
 LIMIT %(param_1)s::INTEGER
2026-08-01 12:12:09,203 INFO sqlalchemy.engine.Engine [cached since 0.2699s ago] {'altegio_client_id_1': 182528597, 'param_1': 1}
2026-08-01 12:12:09,203 INFO sqlalchemy.engine.Engine SELECT revenue_clients.id AS revenue_clients_id, revenue_clients.altegio_client_id AS revenue_clients_altegio_client_id, revenue_clients.company_id AS revenue_clients_company_id, revenue_clients.full_name AS revenue_clients_full_name, revenue_clients.phone AS revenue_clients_phone, revenue_clients.email AS revenue_clients_email, revenue_clients.birthday AS revenue_clients_birthday, revenue_clients.last_visit_date AS revenue_clients_last_visit_date, revenue_clients.first_visit_date AS revenue_clients_first_visit_date, revenue_clients.master_id AS revenue_clients_master_id, revenue_clients.last_service_id AS revenue_clients_last_service_id, revenue_clients.total_visits AS revenue_clients_total_visits, revenue_clients.total_spent AS revenue_clients_total_spent, revenue_clients.raw_data AS revenue_clients_raw_data, revenue_clients.last_visit_at AS revenue_clients_last_visit_at, revenue_clients.last_service_name AS revenue_clients_last_service_name, revenue_clients.visit_count AS revenue_clients_visit_count, revenue_clients.is_active AS revenue_clients_is_active, revenue_clients.created_at AS revenue_clients_created_at, revenue_clients.updated_at AS revenue_clients_updated_at 
FROM revenue_clients 
WHERE revenue_clients.altegio_client_id = %(altegio_client_id_1)s::INTEGER 
 LIMIT %(param_1)s::INTEGER
2026-08-01 12:12:09,204 INFO sqlalchemy.engine.Engine [cached since 0.2707s ago] {'altegio_client_id_1': 182613393, 'param_1': 1}
2026-08-01 12:12:09,204 INFO sqlalchemy.engine.Engine SELECT revenue_clients.id AS revenue_clients_id, revenue_clients.altegio_client_id AS revenue_clients_altegio_client_id, revenue_clients.company_id AS revenue_clients_company_id, revenue_clients.full_name AS revenue_clients_full_name, revenue_clients.phone AS revenue_clients_phone, revenue_clients.email AS revenue_clients_email, revenue_clients.birthday AS revenue_clients_birthday, revenue_clients.last_visit_date AS revenue_clients_last_visit_date, revenue_clients.first_visit_date AS revenue_clients_first_visit_date, revenue_clients.master_id AS revenue_clients_master_id, revenue_clients.last_service_id AS revenue_clients_last_service_id, revenue_clients.total_visits AS revenue_clients_total_visits, revenue_clients.total_spent AS revenue_clients_total_spent, revenue_clients.raw_data AS revenue_clients_raw_data, revenue_clients.last_visit_at AS revenue_clients_last_visit_at, revenue_clients.last_service_name AS revenue_clients_last_service_name, revenue_clients.visit_count AS revenue_clients_visit_count, revenue_clients.is_active AS revenue_clients_is_active, revenue_clients.created_at AS revenue_clients_created_at, revenue_clients.updated_at AS revenue_clients_updated_at 
FROM revenue_clients 
WHERE revenue_clients.altegio_client_id = %(altegio_client_id_1)s::INTEGER 
 LIMIT %(param_1)s::INTEGER
2026-08-01 12:12:09,204 INFO sqlalchemy.engine.Engine [cached since 0.2716s ago] {'altegio_client_id_1': 182614001, 'param_1': 1}
2026-08-01 12:12:09,205 INFO sqlalchemy.engine.Engine SELECT revenue_clients.id AS revenue_clients_id, revenue_clients.altegio_client_id AS revenue_clients_altegio_client_id, revenue_clients.company_id AS revenue_clients_company_id, revenue_clients.full_name AS revenue_clients_full_name, revenue_clients.phone AS revenue_clients_phone, revenue_clients.email AS revenue_clients_email, revenue_clients.birthday AS revenue_clients_birthday, revenue_clients.last_visit_date AS revenue_clients_last_visit_date, revenue_clients.first_visit_date AS revenue_clients_first_visit_date, revenue_clients.master_id AS revenue_clients_master_id, revenue_clients.last_service_id AS revenue_clients_last_service_id, revenue_clients.total_visits AS revenue_clients_total_visits, revenue_clients.total_spent AS revenue_clients_total_spent, revenue_clients.raw_data AS revenue_clients_raw_data, revenue_clients.last_visit_at AS revenue_clients_last_visit_at, revenue_clients.last_service_name AS revenue_clients_last_service_name, revenue_clients.visit_count AS revenue_clients_visit_count, revenue_clients.is_active AS revenue_clients_is_active, revenue_clients.created_at AS revenue_clients_created_at, revenue_clients.updated_at AS revenue_clients_updated_at 
FROM revenue_clients 
WHERE revenue_clients.altegio_client_id = %(altegio_client_id_1)s::INTEGER 
 LIMIT %(param_1)s::INTEGER
2026-08-01 12:12:09,205 INFO sqlalchemy.engine.Engine [cached since 0.2725s ago] {'altegio_client_id_1': 182636436, 'param_1': 1}
2026-08-01 12:12:09,206 INFO sqlalchemy.engine.Engine SELECT revenue_clients.id AS revenue_clients_id, revenue_clients.altegio_client_id AS revenue_clients_altegio_client_id, revenue_clients.company_id AS revenue_clients_company_id, revenue_clients.full_name AS revenue_clients_full_name, revenue_clients.phone AS revenue_clients_phone, revenue_clients.email AS revenue_clients_email, revenue_clients.birthday AS revenue_clients_birthday, revenue_clients.last_visit_date AS revenue_clients_last_visit_date, revenue_clients.first_visit_date AS revenue_clients_first_visit_date, revenue_clients.master_id AS revenue_clients_master_id, revenue_clients.last_service_id AS revenue_clients_last_service_id, revenue_clients.total_visits AS revenue_clients_total_visits, revenue_clients.total_spent AS revenue_clients_total_spent, revenue_clients.raw_data AS revenue_clients_raw_data, revenue_clients.last_visit_at AS revenue_clients_last_visit_at, revenue_clients.last_service_name AS revenue_clients_last_service_name, revenue_clients.visit_count AS revenue_clients_visit_count, revenue_clients.is_active AS revenue_clients_is_active, revenue_clients.created_at AS revenue_clients_created_at, revenue_clients.updated_at AS revenue_clients_updated_at 
FROM revenue_clients 
WHERE revenue_clients.altegio_client_id = %(altegio_client_id_1)s::INTEGER 
 LIMIT %(param_1)s::INTEGER
2026-08-01 12:12:09,206 INFO sqlalchemy.engine.Engine [cached since 0.2735s ago] {'altegio_client_id_1': 182733275, 'param_1': 1}
2026-08-01 12:12:09,207 INFO sqlalchemy.engine.Engine SELECT revenue_clients.id AS revenue_clients_id, revenue_clients.altegio_client_id AS revenue_clients_altegio_client_id, revenue_clients.company_id AS revenue_clients_company_id, revenue_clients.full_name AS revenue_clients_full_name, revenue_clients.phone AS revenue_clients_phone, revenue_clients.email AS revenue_clients_email, revenue_clients.birthday AS revenue_clients_birthday, revenue_clients.last_visit_date AS revenue_clients_last_visit_date, revenue_clients.first_visit_date AS revenue_clients_first_visit_date, revenue_clients.master_id AS revenue_clients_master_id, revenue_clients.last_service_id AS revenue_clients_last_service_id, revenue_clients.total_visits AS revenue_clients_total_visits, revenue_clients.total_spent AS revenue_clients_total_spent, revenue_clients.raw_data AS revenue_clients_raw_data, revenue_clients.last_visit_at AS revenue_clients_last_visit_at, revenue_clients.last_service_name AS revenue_clients_last_service_name, revenue_clients.visit_count AS revenue_clients_visit_count, revenue_clients.is_active AS revenue_clients_is_active, revenue_clients.created_at AS revenue_clients_created_at, revenue_clients.updated_at AS revenue_clients_updated_at 
FROM revenue_clients 
WHERE revenue_clients.altegio_client_id = %(altegio_client_id_1)s::INTEGER 
 LIMIT %(param_1)s::INTEGER
2026-08-01 12:12:09,207 INFO sqlalchemy.engine.Engine [cached since 0.2743s ago] {'altegio_client_id_1': 182734815, 'param_1': 1}
2026-08-01 12:12:09,208 INFO sqlalchemy.engine.Engine SELECT revenue_clients.id AS revenue_clients_id, revenue_clients.altegio_client_id AS revenue_clients_altegio_client_id, revenue_clients.company_id AS revenue_clients_company_id, revenue_clients.full_name AS revenue_clients_full_name, revenue_clients.phone AS revenue_clients_phone, revenue_clients.email AS revenue_clients_email, revenue_clients.birthday AS revenue_clients_birthday, revenue_clients.last_visit_date AS revenue_clients_last_visit_date, revenue_clients.first_visit_date AS revenue_clients_first_visit_date, revenue_clients.master_id AS revenue_clients_master_id, revenue_clients.last_service_id AS revenue_clients_last_service_id, revenue_clients.total_visits AS revenue_clients_total_visits, revenue_clients.total_spent AS revenue_clients_total_spent, revenue_clients.raw_data AS revenue_clients_raw_data, revenue_clients.last_visit_at AS revenue_clients_last_visit_at, revenue_clients.last_service_name AS revenue_clients_last_service_name, revenue_clients.visit_count AS revenue_clients_visit_count, revenue_clients.is_active AS revenue_clients_is_active, revenue_clients.created_at AS revenue_clients_created_at, revenue_clients.updated_at AS revenue_clients_updated_at 
FROM revenue_clients 
WHERE revenue_clients.altegio_client_id = %(altegio_client_id_1)s::INTEGER 
 LIMIT %(param_1)s::INTEGER
2026-08-01 12:12:09,208 INFO sqlalchemy.engine.Engine [cached since 0.2752s ago] {'altegio_client_id_1': 182779479, 'param_1': 1}
2026-08-01 12:12:09,209 INFO sqlalchemy.engine.Engine SELECT revenue_clients.id AS revenue_clients_id, revenue_clients.altegio_client_id AS revenue_clients_altegio_client_id, revenue_clients.company_id AS revenue_clients_company_id, revenue_clients.full_name AS revenue_clients_full_name, revenue_clients.phone AS revenue_clients_phone, revenue_clients.email AS revenue_clients_email, revenue_clients.birthday AS revenue_clients_birthday, revenue_clients.last_visit_date AS revenue_clients_last_visit_date, revenue_clients.first_visit_date AS revenue_clients_first_visit_date, revenue_clients.master_id AS revenue_clients_master_id, revenue_clients.last_service_id AS revenue_clients_last_service_id, revenue_clients.total_visits AS revenue_clients_total_visits, revenue_clients.total_spent AS revenue_clients_total_spent, revenue_clients.raw_data AS revenue_clients_raw_data, revenue_clients.last_visit_at AS revenue_clients_last_visit_at, revenue_clients.last_service_name AS revenue_clients_last_service_name, revenue_clients.visit_count AS revenue_clients_visit_count, revenue_clients.is_active AS revenue_clients_is_active, revenue_clients.created_at AS revenue_clients_created_at, revenue_clients.updated_at AS revenue_clients_updated_at 
FROM revenue_clients 
WHERE revenue_clients.altegio_client_id = %(altegio_client_id_1)s::INTEGER 
 LIMIT %(param_1)s::INTEGER
2026-08-01 12:12:09,209 INFO sqlalchemy.engine.Engine [cached since 0.2761s ago] {'altegio_client_id_1': 182977634, 'param_1': 1}
2026-08-01 12:12:09,210 INFO sqlalchemy.engine.Engine SELECT revenue_clients.id AS revenue_clients_id, revenue_clients.altegio_client_id AS revenue_clients_altegio_client_id, revenue_clients.company_id AS revenue_clients_company_id, revenue_clients.full_name AS revenue_clients_full_name, revenue_clients.phone AS revenue_clients_phone, revenue_clients.email AS revenue_clients_email, revenue_clients.birthday AS revenue_clients_birthday, revenue_clients.last_visit_date AS revenue_clients_last_visit_date, revenue_clients.first_visit_date AS revenue_clients_first_visit_date, revenue_clients.master_id AS revenue_clients_master_id, revenue_clients.last_service_id AS revenue_clients_last_service_id, revenue_clients.total_visits AS revenue_clients_total_visits, revenue_clients.total_spent AS revenue_clients_total_spent, revenue_clients.raw_data AS revenue_clients_raw_data, revenue_clients.last_visit_at AS revenue_clients_last_visit_at, revenue_clients.last_service_name AS revenue_clients_last_service_name, revenue_clients.visit_count AS revenue_clients_visit_count, revenue_clients.is_active AS revenue_clients_is_active, revenue_clients.created_at AS revenue_clients_created_at, revenue_clients.updated_at AS revenue_clients_updated_at 
FROM revenue_clients 
WHERE revenue_clients.altegio_client_id = %(altegio_client_id_1)s::INTEGER 
 LIMIT %(param_1)s::INTEGER
2026-08-01 12:12:09,210 INFO sqlalchemy.engine.Engine [cached since 0.277s ago] {'altegio_client_id_1': 183049059, 'param_1': 1}
2026-08-01 12:12:09,211 INFO sqlalchemy.engine.Engine SELECT revenue_clients.id AS revenue_clients_id, revenue_clients.altegio_client_id AS revenue_clients_altegio_client_id, revenue_clients.company_id AS revenue_clients_company_id, revenue_clients.full_name AS revenue_clients_full_name, revenue_clients.phone AS revenue_clients_phone, revenue_clients.email AS revenue_clients_email, revenue_clients.birthday AS revenue_clients_birthday, revenue_clients.last_visit_date AS revenue_clients_last_visit_date, revenue_clients.first_visit_date AS revenue_clients_first_visit_date, revenue_clients.master_id AS revenue_clients_master_id, revenue_clients.last_service_id AS revenue_clients_last_service_id, revenue_clients.total_visits AS revenue_clients_total_visits, revenue_clients.total_spent AS revenue_clients_total_spent, revenue_clients.raw_data AS revenue_clients_raw_data, revenue_clients.last_visit_at AS revenue_clients_last_visit_at, revenue_clients.last_service_name AS revenue_clients_last_service_name, revenue_clients.visit_count AS revenue_clients_visit_count, revenue_clients.is_active AS revenue_clients_is_active, revenue_clients.created_at AS revenue_clients_created_at, revenue_clients.updated_at AS revenue_clients_updated_at 
FROM revenue_clients 
WHERE revenue_clients.altegio_client_id = %(altegio_client_id_1)s::INTEGER 
 LIMIT %(param_1)s::INTEGER
2026-08-01 12:12:09,211 INFO sqlalchemy.engine.Engine [cached since 0.2778s ago] {'altegio_client_id_1': 183117751, 'param_1': 1}
2026-08-01 12:12:09,211 INFO sqlalchemy.engine.Engine SELECT revenue_clients.id AS revenue_clients_id, revenue_clients.altegio_client_id AS revenue_clients_altegio_client_id, revenue_clients.company_id AS revenue_clients_company_id, revenue_clients.full_name AS revenue_clients_full_name, revenue_clients.phone AS revenue_clients_phone, revenue_clients.email AS revenue_clients_email, revenue_clients.birthday AS revenue_clients_birthday, revenue_clients.last_visit_date AS revenue_clients_last_visit_date, revenue_clients.first_visit_date AS revenue_clients_first_visit_date, revenue_clients.master_id AS revenue_clients_master_id, revenue_clients.last_service_id AS revenue_clients_last_service_id, revenue_clients.total_visits AS revenue_clients_total_visits, revenue_clients.total_spent AS revenue_clients_total_spent, revenue_clients.raw_data AS revenue_clients_raw_data, revenue_clients.last_visit_at AS revenue_clients_last_visit_at, revenue_clients.last_service_name AS revenue_clients_last_service_name, revenue_clients.visit_count AS revenue_clients_visit_count, revenue_clients.is_active AS revenue_clients_is_active, revenue_clients.created_at AS revenue_clients_created_at, revenue_clients.updated_at AS revenue_clients_updated_at 
FROM revenue_clients 
WHERE revenue_clients.altegio_client_id = %(altegio_client_id_1)s::INTEGER 
 LIMIT %(param_1)s::INTEGER
2026-08-01 12:12:09,211 INFO sqlalchemy.engine.Engine [cached since 0.2787s ago] {'altegio_client_id_1': 183287484, 'param_1': 1}
2026-08-01 12:12:09,212 INFO sqlalchemy.engine.Engine SELECT revenue_clients.id AS revenue_clients_id, revenue_clients.altegio_client_id AS revenue_clients_altegio_client_id, revenue_clients.company_id AS revenue_clients_company_id, revenue_clients.full_name AS revenue_clients_full_name, revenue_clients.phone AS revenue_clients_phone, revenue_clients.email AS revenue_clients_email, revenue_clients.birthday AS revenue_clients_birthday, revenue_clients.last_visit_date AS revenue_clients_last_visit_date, revenue_clients.first_visit_date AS revenue_clients_first_visit_date, revenue_clients.master_id AS revenue_clients_master_id, revenue_clients.last_service_id AS revenue_clients_last_service_id, revenue_clients.total_visits AS revenue_clients_total_visits, revenue_clients.total_spent AS revenue_clients_total_spent, revenue_clients.raw_data AS revenue_clients_raw_data, revenue_clients.last_visit_at AS revenue_clients_last_visit_at, revenue_clients.last_service_name AS revenue_clients_last_service_name, revenue_clients.visit_count AS revenue_clients_visit_count, revenue_clients.is_active AS revenue_clients_is_active, revenue_clients.created_at AS revenue_clients_created_at, revenue_clients.updated_at AS revenue_clients_updated_at 
FROM revenue_clients 
WHERE revenue_clients.altegio_client_id = %(altegio_client_id_1)s::INTEGER 
 LIMIT %(param_1)s::INTEGER
2026-08-01 12:12:09,212 INFO sqlalchemy.engine.Engine [cached since 0.2796s ago] {'altegio_client_id_1': 183403863, 'param_1': 1}
2026-08-01 12:12:09,213 INFO sqlalchemy.engine.Engine SELECT revenue_clients.id AS revenue_clients_id, revenue_clients.altegio_client_id AS revenue_clients_altegio_client_id, revenue_clients.company_id AS revenue_clients_company_id, revenue_clients.full_name AS revenue_clients_full_name, revenue_clients.phone AS revenue_clients_phone, revenue_clients.email AS revenue_clients_email, revenue_clients.birthday AS revenue_clients_birthday, revenue_clients.last_visit_date AS revenue_clients_last_visit_date, revenue_clients.first_visit_date AS revenue_clients_first_visit_date, revenue_clients.master_id AS revenue_clients_master_id, revenue_clients.last_service_id AS revenue_clients_last_service_id, revenue_clients.total_visits AS revenue_clients_total_visits, revenue_clients.total_spent AS revenue_clients_total_spent, revenue_clients.raw_data AS revenue_clients_raw_data, revenue_clients.last_visit_at AS revenue_clients_last_visit_at, revenue_clients.last_service_name AS revenue_clients_last_service_name, revenue_clients.visit_count AS revenue_clients_visit_count, revenue_clients.is_active AS revenue_clients_is_active, revenue_clients.created_at AS revenue_clients_created_at, revenue_clients.updated_at AS revenue_clients_updated_at 
FROM revenue_clients 
WHERE revenue_clients.altegio_client_id = %(altegio_client_id_1)s::INTEGER 
 LIMIT %(param_1)s::INTEGER
2026-08-01 12:12:09,213 INFO sqlalchemy.engine.Engine [cached since 0.2804s ago] {'altegio_client_id_1': 183443603, 'param_1': 1}
2026-08-01 12:12:09,214 INFO sqlalchemy.engine.Engine SELECT revenue_clients.id AS revenue_clients_id, revenue_clients.altegio_client_id AS revenue_clients_altegio_client_id, revenue_clients.company_id AS revenue_clients_company_id, revenue_clients.full_name AS revenue_clients_full_name, revenue_clients.phone AS revenue_clients_phone, revenue_clients.email AS revenue_clients_email, revenue_clients.birthday AS revenue_clients_birthday, revenue_clients.last_visit_date AS revenue_clients_last_visit_date, revenue_clients.first_visit_date AS revenue_clients_first_visit_date, revenue_clients.master_id AS revenue_clients_master_id, revenue_clients.last_service_id AS revenue_clients_last_service_id, revenue_clients.total_visits AS revenue_clients_total_visits, revenue_clients.total_spent AS revenue_clients_total_spent, revenue_clients.raw_data AS revenue_clients_raw_data, revenue_clients.last_visit_at AS revenue_clients_last_visit_at, revenue_clients.last_service_name AS revenue_clients_last_service_name, revenue_clients.visit_count AS revenue_clients_visit_count, revenue_clients.is_active AS revenue_clients_is_active, revenue_clients.created_at AS revenue_clients_created_at, revenue_clients.updated_at AS revenue_clients_updated_at 
FROM revenue_clients 
WHERE revenue_clients.altegio_client_id = %(altegio_client_id_1)s::INTEGER 
 LIMIT %(param_1)s::INTEGER
2026-08-01 12:12:09,214 INFO sqlalchemy.engine.Engine [cached since 0.2813s ago] {'altegio_client_id_1': 183578971, 'param_1': 1}
2026-08-01 12:12:09,215 INFO sqlalchemy.engine.Engine SELECT revenue_clients.id AS revenue_clients_id, revenue_clients.altegio_client_id AS revenue_clients_altegio_client_id, revenue_clients.company_id AS revenue_clients_company_id, revenue_clients.full_name AS revenue_clients_full_name, revenue_clients.phone AS revenue_clients_phone, revenue_clients.email AS revenue_clients_email, revenue_clients.birthday AS revenue_clients_birthday, revenue_clients.last_visit_date AS revenue_clients_last_visit_date, revenue_clients.first_visit_date AS revenue_clients_first_visit_date, revenue_clients.master_id AS revenue_clients_master_id, revenue_clients.last_service_id AS revenue_clients_last_service_id, revenue_clients.total_visits AS revenue_clients_total_visits, revenue_clients.total_spent AS revenue_clients_total_spent, revenue_clients.raw_data AS revenue_clients_raw_data, revenue_clients.last_visit_at AS revenue_clients_last_visit_at, revenue_clients.last_service_name AS revenue_clients_last_service_name, revenue_clients.visit_count AS revenue_clients_visit_count, revenue_clients.is_active AS revenue_clients_is_active, revenue_clients.created_at AS revenue_clients_created_at, revenue_clients.updated_at AS revenue_clients_updated_at 
FROM revenue_clients 
WHERE revenue_clients.altegio_client_id = %(altegio_client_id_1)s::INTEGER 
 LIMIT %(param_1)s::INTEGER
2026-08-01 12:12:09,215 INFO sqlalchemy.engine.Engine [cached since 0.2821s ago] {'altegio_client_id_1': 183776551, 'param_1': 1}
2026-08-01 12:12:09,216 INFO sqlalchemy.engine.Engine SELECT revenue_clients.id AS revenue_clients_id, revenue_clients.altegio_client_id AS revenue_clients_altegio_client_id, revenue_clients.company_id AS revenue_clients_company_id, revenue_clients.full_name AS revenue_clients_full_name, revenue_clients.phone AS revenue_clients_phone, revenue_clients.email AS revenue_clients_email, revenue_clients.birthday AS revenue_clients_birthday, revenue_clients.last_visit_date AS revenue_clients_last_visit_date, revenue_clients.first_visit_date AS revenue_clients_first_visit_date, revenue_clients.master_id AS revenue_clients_master_id, revenue_clients.last_service_id AS revenue_clients_last_service_id, revenue_clients.total_visits AS revenue_clients_total_visits, revenue_clients.total_spent AS revenue_clients_total_spent, revenue_clients.raw_data AS revenue_clients_raw_data, revenue_clients.last_visit_at AS revenue_clients_last_visit_at, revenue_clients.last_service_name AS revenue_clients_last_service_name, revenue_clients.visit_count AS revenue_clients_visit_count, revenue_clients.is_active AS revenue_clients_is_active, revenue_clients.created_at AS revenue_clients_created_at, revenue_clients.updated_at AS revenue_clients_updated_at 
FROM revenue_clients 
WHERE revenue_clients.altegio_client_id = %(altegio_client_id_1)s::INTEGER 
 LIMIT %(param_1)s::INTEGER
2026-08-01 12:12:09,216 INFO sqlalchemy.engine.Engine [cached since 0.283s ago] {'altegio_client_id_1': 183924422, 'param_1': 1}
2026-08-01 12:12:09,217 INFO sqlalchemy.engine.Engine SELECT revenue_clients.id AS revenue_clients_id, revenue_clients.altegio_client_id AS revenue_clients_altegio_client_id, revenue_clients.company_id AS revenue_clients_company_id, revenue_clients.full_name AS revenue_clients_full_name, revenue_clients.phone AS revenue_clients_phone, revenue_clients.email AS revenue_clients_email, revenue_clients.birthday AS revenue_clients_birthday, revenue_clients.last_visit_date AS revenue_clients_last_visit_date, revenue_clients.first_visit_date AS revenue_clients_first_visit_date, revenue_clients.master_id AS revenue_clients_master_id, revenue_clients.last_service_id AS revenue_clients_last_service_id, revenue_clients.total_visits AS revenue_clients_total_visits, revenue_clients.total_spent AS revenue_clients_total_spent, revenue_clients.raw_data AS revenue_clients_raw_data, revenue_clients.last_visit_at AS revenue_clients_last_visit_at, revenue_clients.last_service_name AS revenue_clients_last_service_name, revenue_clients.visit_count AS revenue_clients_visit_count, revenue_clients.is_active AS revenue_clients_is_active, revenue_clients.created_at AS revenue_clients_created_at, revenue_clients.updated_at AS revenue_clients_updated_at 
FROM revenue_clients 
WHERE revenue_clients.altegio_client_id = %(altegio_client_id_1)s::INTEGER 
 LIMIT %(param_1)s::INTEGER
2026-08-01 12:12:09,217 INFO sqlalchemy.engine.Engine [cached since 0.2839s ago] {'altegio_client_id_1': 183966408, 'param_1': 1}
2026-08-01 12:12:09,217 INFO sqlalchemy.engine.Engine SELECT revenue_clients.id AS revenue_clients_id, revenue_clients.altegio_client_id AS revenue_clients_altegio_client_id, revenue_clients.company_id AS revenue_clients_company_id, revenue_clients.full_name AS revenue_clients_full_name, revenue_clients.phone AS revenue_clients_phone, revenue_clients.email AS revenue_clients_email, revenue_clients.birthday AS revenue_clients_birthday, revenue_clients.last_visit_date AS revenue_clients_last_visit_date, revenue_clients.first_visit_date AS revenue_clients_first_visit_date, revenue_clients.master_id AS revenue_clients_master_id, revenue_clients.last_service_id AS revenue_clients_last_service_id, revenue_clients.total_visits AS revenue_clients_total_visits, revenue_clients.total_spent AS revenue_clients_total_spent, revenue_clients.raw_data AS revenue_clients_raw_data, revenue_clients.last_visit_at AS revenue_clients_last_visit_at, revenue_clients.last_service_name AS revenue_clients_last_service_name, revenue_clients.visit_count AS revenue_clients_visit_count, revenue_clients.is_active AS revenue_clients_is_active, revenue_clients.created_at AS revenue_clients_created_at, revenue_clients.updated_at AS revenue_clients_updated_at 
FROM revenue_clients 
WHERE revenue_clients.altegio_client_id = %(altegio_client_id_1)s::INTEGER 
 LIMIT %(param_1)s::INTEGER
2026-08-01 12:12:09,217 INFO sqlalchemy.engine.Engine [cached since 0.2847s ago] {'altegio_client_id_1': 184117610, 'param_1': 1}
2026-08-01 12:12:09,218 INFO sqlalchemy.engine.Engine SELECT revenue_clients.id AS revenue_clients_id, revenue_clients.altegio_client_id AS revenue_clients_altegio_client_id, revenue_clients.company_id AS revenue_clients_company_id, revenue_clients.full_name AS revenue_clients_full_name, revenue_clients.phone AS revenue_clients_phone, revenue_clients.email AS revenue_clients_email, revenue_clients.birthday AS revenue_clients_birthday, revenue_clients.last_visit_date AS revenue_clients_last_visit_date, revenue_clients.first_visit_date AS revenue_clients_first_visit_date, revenue_clients.master_id AS revenue_clients_master_id, revenue_clients.last_service_id AS revenue_clients_last_service_id, revenue_clients.total_visits AS revenue_clients_total_visits, revenue_clients.total_spent AS revenue_clients_total_spent, revenue_clients.raw_data AS revenue_clients_raw_data, revenue_clients.last_visit_at AS revenue_clients_last_visit_at, revenue_clients.last_service_name AS revenue_clients_last_service_name, revenue_clients.visit_count AS revenue_clients_visit_count, revenue_clients.is_active AS revenue_clients_is_active, revenue_clients.created_at AS revenue_clients_created_at, revenue_clients.updated_at AS revenue_clients_updated_at 
FROM revenue_clients 
WHERE revenue_clients.altegio_client_id = %(altegio_client_id_1)s::INTEGER 
 LIMIT %(param_1)s::INTEGER
2026-08-01 12:12:09,218 INFO sqlalchemy.engine.Engine [cached since 0.2855s ago] {'altegio_client_id_1': 184147087, 'param_1': 1}
2026-08-01 12:12:09,219 INFO sqlalchemy.engine.Engine SELECT revenue_clients.id AS revenue_clients_id, revenue_clients.altegio_client_id AS revenue_clients_altegio_client_id, revenue_clients.company_id AS revenue_clients_company_id, revenue_clients.full_name AS revenue_clients_full_name, revenue_clients.phone AS revenue_clients_phone, revenue_clients.email AS revenue_clients_email, revenue_clients.birthday AS revenue_clients_birthday, revenue_clients.last_visit_date AS revenue_clients_last_visit_date, revenue_clients.first_visit_date AS revenue_clients_first_visit_date, revenue_clients.master_id AS revenue_clients_master_id, revenue_clients.last_service_id AS revenue_clients_last_service_id, revenue_clients.total_visits AS revenue_clients_total_visits, revenue_clients.total_spent AS revenue_clients_total_spent, revenue_clients.raw_data AS revenue_clients_raw_data, revenue_clients.last_visit_at AS revenue_clients_last_visit_at, revenue_clients.last_service_name AS revenue_clients_last_service_name, revenue_clients.visit_count AS revenue_clients_visit_count, revenue_clients.is_active AS revenue_clients_is_active, revenue_clients.created_at AS revenue_clients_created_at, revenue_clients.updated_at AS revenue_clients_updated_at 
FROM revenue_clients 
WHERE revenue_clients.altegio_client_id = %(altegio_client_id_1)s::INTEGER 
 LIMIT %(param_1)s::INTEGER
2026-08-01 12:12:09,219 INFO sqlalchemy.engine.Engine [cached since 0.2863s ago] {'altegio_client_id_1': 184197287, 'param_1': 1}
2026-08-01 12:12:09,220 INFO sqlalchemy.engine.Engine SELECT revenue_clients.id AS revenue_clients_id, revenue_clients.altegio_client_id AS revenue_clients_altegio_client_id, revenue_clients.company_id AS revenue_clients_company_id, revenue_clients.full_name AS revenue_clients_full_name, revenue_clients.phone AS revenue_clients_phone, revenue_clients.email AS revenue_clients_email, revenue_clients.birthday AS revenue_clients_birthday, revenue_clients.last_visit_date AS revenue_clients_last_visit_date, revenue_clients.first_visit_date AS revenue_clients_first_visit_date, revenue_clients.master_id AS revenue_clients_master_id, revenue_clients.last_service_id AS revenue_clients_last_service_id, revenue_clients.total_visits AS revenue_clients_total_visits, revenue_clients.total_spent AS revenue_clients_total_spent, revenue_clients.raw_data AS revenue_clients_raw_data, revenue_clients.last_visit_at AS revenue_clients_last_visit_at, revenue_clients.last_service_name AS revenue_clients_last_service_name, revenue_clients.visit_count AS revenue_clients_visit_count, revenue_clients.is_active AS revenue_clients_is_active, revenue_clients.created_at AS revenue_clients_created_at, revenue_clients.updated_at AS revenue_clients_updated_at 
FROM revenue_clients 
WHERE revenue_clients.altegio_client_id = %(altegio_client_id_1)s::INTEGER 
 LIMIT %(param_1)s::INTEGER
2026-08-01 12:12:09,220 INFO sqlalchemy.engine.Engine [cached since 0.2871s ago] {'altegio_client_id_1': 184515656, 'param_1': 1}
2026-08-01 12:12:09,221 INFO sqlalchemy.engine.Engine SELECT revenue_clients.id AS revenue_clients_id, revenue_clients.altegio_client_id AS revenue_clients_altegio_client_id, revenue_clients.company_id AS revenue_clients_company_id, revenue_clients.full_name AS revenue_clients_full_name, revenue_clients.phone AS revenue_clients_phone, revenue_clients.email AS revenue_clients_email, revenue_clients.birthday AS revenue_clients_birthday, revenue_clients.last_visit_date AS revenue_clients_last_visit_date, revenue_clients.first_visit_date AS revenue_clients_first_visit_date, revenue_clients.master_id AS revenue_clients_master_id, revenue_clients.last_service_id AS revenue_clients_last_service_id, revenue_clients.total_visits AS revenue_clients_total_visits, revenue_clients.total_spent AS revenue_clients_total_spent, revenue_clients.raw_data AS revenue_clients_raw_data, revenue_clients.last_visit_at AS revenue_clients_last_visit_at, revenue_clients.last_service_name AS revenue_clients_last_service_name, revenue_clients.visit_count AS revenue_clients_visit_count, revenue_clients.is_active AS revenue_clients_is_active, revenue_clients.created_at AS revenue_clients_created_at, revenue_clients.updated_at AS revenue_clients_updated_at 
FROM revenue_clients 
WHERE revenue_clients.altegio_client_id = %(altegio_client_id_1)s::INTEGER 
 LIMIT %(param_1)s::INTEGER
2026-08-01 12:12:09,221 INFO sqlalchemy.engine.Engine [cached since 0.2879s ago] {'altegio_client_id_1': 184528678, 'param_1': 1}
2026-08-01 12:12:09,221 INFO sqlalchemy.engine.Engine SELECT revenue_clients.id AS revenue_clients_id, revenue_clients.altegio_client_id AS revenue_clients_altegio_client_id, revenue_clients.company_id AS revenue_clients_company_id, revenue_clients.full_name AS revenue_clients_full_name, revenue_clients.phone AS revenue_clients_phone, revenue_clients.email AS revenue_clients_email, revenue_clients.birthday AS revenue_clients_birthday, revenue_clients.last_visit_date AS revenue_clients_last_visit_date, revenue_clients.first_visit_date AS revenue_clients_first_visit_date, revenue_clients.master_id AS revenue_clients_master_id, revenue_clients.last_service_id AS revenue_clients_last_service_id, revenue_clients.total_visits AS revenue_clients_total_visits, revenue_clients.total_spent AS revenue_clients_total_spent, revenue_clients.raw_data AS revenue_clients_raw_data, revenue_clients.last_visit_at AS revenue_clients_last_visit_at, revenue_clients.last_service_name AS revenue_clients_last_service_name, revenue_clients.visit_count AS revenue_clients_visit_count, revenue_clients.is_active AS revenue_clients_is_active, revenue_clients.created_at AS revenue_clients_created_at, revenue_clients.updated_at AS revenue_clients_updated_at 
FROM revenue_clients 
WHERE revenue_clients.altegio_client_id = %(altegio_client_id_1)s::INTEGER 
 LIMIT %(param_1)s::INTEGER
2026-08-01 12:12:09,222 INFO sqlalchemy.engine.Engine [cached since 0.2887s ago] {'altegio_client_id_1': 184543188, 'param_1': 1}
2026-08-01 12:12:09,222 INFO sqlalchemy.engine.Engine SELECT revenue_clients.id AS revenue_clients_id, revenue_clients.altegio_client_id AS revenue_clients_altegio_client_id, revenue_clients.company_id AS revenue_clients_company_id, revenue_clients.full_name AS revenue_clients_full_name, revenue_clients.phone AS revenue_clients_phone, revenue_clients.email AS revenue_clients_email, revenue_clients.birthday AS revenue_clients_birthday, revenue_clients.last_visit_date AS revenue_clients_last_visit_date, revenue_clients.first_visit_date AS revenue_clients_first_visit_date, revenue_clients.master_id AS revenue_clients_master_id, revenue_clients.last_service_id AS revenue_clients_last_service_id, revenue_clients.total_visits AS revenue_clients_total_visits, revenue_clients.total_spent AS revenue_clients_total_spent, revenue_clients.raw_data AS revenue_clients_raw_data, revenue_clients.last_visit_at AS revenue_clients_last_visit_at, revenue_clients.last_service_name AS revenue_clients_last_service_name, revenue_clients.visit_count AS revenue_clients_visit_count, revenue_clients.is_active AS revenue_clients_is_active, revenue_clients.created_at AS revenue_clients_created_at, revenue_clients.updated_at AS revenue_clients_updated_at 
FROM revenue_clients 
WHERE revenue_clients.altegio_client_id = %(altegio_client_id_1)s::INTEGER 
 LIMIT %(param_1)s::INTEGER
2026-08-01 12:12:09,222 INFO sqlalchemy.engine.Engine [cached since 0.2895s ago] {'altegio_client_id_1': 184560970, 'param_1': 1}
2026-08-01 12:12:09,223 INFO sqlalchemy.engine.Engine SELECT revenue_clients.id AS revenue_clients_id, revenue_clients.altegio_client_id AS revenue_clients_altegio_client_id, revenue_clients.company_id AS revenue_clients_company_id, revenue_clients.full_name AS revenue_clients_full_name, revenue_clients.phone AS revenue_clients_phone, revenue_clients.email AS revenue_clients_email, revenue_clients.birthday AS revenue_clients_birthday, revenue_clients.last_visit_date AS revenue_clients_last_visit_date, revenue_clients.first_visit_date AS revenue_clients_first_visit_date, revenue_clients.master_id AS revenue_clients_master_id, revenue_clients.last_service_id AS revenue_clients_last_service_id, revenue_clients.total_visits AS revenue_clients_total_visits, revenue_clients.total_spent AS revenue_clients_total_spent, revenue_clients.raw_data AS revenue_clients_raw_data, revenue_clients.last_visit_at AS revenue_clients_last_visit_at, revenue_clients.last_service_name AS revenue_clients_last_service_name, revenue_clients.visit_count AS revenue_clients_visit_count, revenue_clients.is_active AS revenue_clients_is_active, revenue_clients.created_at AS revenue_clients_created_at, revenue_clients.updated_at AS revenue_clients_updated_at 
FROM revenue_clients 
WHERE revenue_clients.altegio_client_id = %(altegio_client_id_1)s::INTEGER 
 LIMIT %(param_1)s::INTEGER
2026-08-01 12:12:09,223 INFO sqlalchemy.engine.Engine [cached since 0.2903s ago] {'altegio_client_id_1': 184561005, 'param_1': 1}
2026-08-01 12:12:09,224 INFO sqlalchemy.engine.Engine SELECT revenue_clients.id AS revenue_clients_id, revenue_clients.altegio_client_id AS revenue_clients_altegio_client_id, revenue_clients.company_id AS revenue_clients_company_id, revenue_clients.full_name AS revenue_clients_full_name, revenue_clients.phone AS revenue_clients_phone, revenue_clients.email AS revenue_clients_email, revenue_clients.birthday AS revenue_clients_birthday, revenue_clients.last_visit_date AS revenue_clients_last_visit_date, revenue_clients.first_visit_date AS revenue_clients_first_visit_date, revenue_clients.master_id AS revenue_clients_master_id, revenue_clients.last_service_id AS revenue_clients_last_service_id, revenue_clients.total_visits AS revenue_clients_total_visits, revenue_clients.total_spent AS revenue_clients_total_spent, revenue_clients.raw_data AS revenue_clients_raw_data, revenue_clients.last_visit_at AS revenue_clients_last_visit_at, revenue_clients.last_service_name AS revenue_clients_last_service_name, revenue_clients.visit_count AS revenue_clients_visit_count, revenue_clients.is_active AS revenue_clients_is_active, revenue_clients.created_at AS revenue_clients_created_at, revenue_clients.updated_at AS revenue_clients_updated_at 
FROM revenue_clients 
WHERE revenue_clients.altegio_client_id = %(altegio_client_id_1)s::INTEGER 
 LIMIT %(param_1)s::INTEGER
2026-08-01 12:12:09,224 INFO sqlalchemy.engine.Engine [cached since 0.2911s ago] {'altegio_client_id_1': 184568411, 'param_1': 1}
2026-08-01 12:12:09,225 INFO sqlalchemy.engine.Engine SELECT revenue_clients.id AS revenue_clients_id, revenue_clients.altegio_client_id AS revenue_clients_altegio_client_id, revenue_clients.company_id AS revenue_clients_company_id, revenue_clients.full_name AS revenue_clients_full_name, revenue_clients.phone AS revenue_clients_phone, revenue_clients.email AS revenue_clients_email, revenue_clients.birthday AS revenue_clients_birthday, revenue_clients.last_visit_date AS revenue_clients_last_visit_date, revenue_clients.first_visit_date AS revenue_clients_first_visit_date, revenue_clients.master_id AS revenue_clients_master_id, revenue_clients.last_service_id AS revenue_clients_last_service_id, revenue_clients.total_visits AS revenue_clients_total_visits, revenue_clients.total_spent AS revenue_clients_total_spent, revenue_clients.raw_data AS revenue_clients_raw_data, revenue_clients.last_visit_at AS revenue_clients_last_visit_at, revenue_clients.last_service_name AS revenue_clients_last_service_name, revenue_clients.visit_count AS revenue_clients_visit_count, revenue_clients.is_active AS revenue_clients_is_active, revenue_clients.created_at AS revenue_clients_created_at, revenue_clients.updated_at AS revenue_clients_updated_at 
FROM revenue_clients 
WHERE revenue_clients.altegio_client_id = %(altegio_client_id_1)s::INTEGER 
 LIMIT %(param_1)s::INTEGER
2026-08-01 12:12:09,225 INFO sqlalchemy.engine.Engine [cached since 0.2918s ago] {'altegio_client_id_1': 184572336, 'param_1': 1}
2026-08-01 12:12:09,225 INFO sqlalchemy.engine.Engine SELECT revenue_clients.id AS revenue_clients_id, revenue_clients.altegio_client_id AS revenue_clients_altegio_client_id, revenue_clients.company_id AS revenue_clients_company_id, revenue_clients.full_name AS revenue_clients_full_name, revenue_clients.phone AS revenue_clients_phone, revenue_clients.email AS revenue_clients_email, revenue_clients.birthday AS revenue_clients_birthday, revenue_clients.last_visit_date AS revenue_clients_last_visit_date, revenue_clients.first_visit_date AS revenue_clients_first_visit_date, revenue_clients.master_id AS revenue_clients_master_id, revenue_clients.last_service_id AS revenue_clients_last_service_id, revenue_clients.total_visits AS revenue_clients_total_visits, revenue_clients.total_spent AS revenue_clients_total_spent, revenue_clients.raw_data AS revenue_clients_raw_data, revenue_clients.last_visit_at AS revenue_clients_last_visit_at, revenue_clients.last_service_name AS revenue_clients_last_service_name, revenue_clients.visit_count AS revenue_clients_visit_count, revenue_clients.is_active AS revenue_clients_is_active, revenue_clients.created_at AS revenue_clients_created_at, revenue_clients.updated_at AS revenue_clients_updated_at 
FROM revenue_clients 
WHERE revenue_clients.altegio_client_id = %(altegio_client_id_1)s::INTEGER 
 LIMIT %(param_1)s::INTEGER
2026-08-01 12:12:09,225 INFO sqlalchemy.engine.Engine [cached since 0.2926s ago] {'altegio_client_id_1': 184613867, 'param_1': 1}
2026-08-01 12:12:09,226 INFO sqlalchemy.engine.Engine SELECT revenue_clients.id AS revenue_clients_id, revenue_clients.altegio_client_id AS revenue_clients_altegio_client_id, revenue_clients.company_id AS revenue_clients_company_id, revenue_clients.full_name AS revenue_clients_full_name, revenue_clients.phone AS revenue_clients_phone, revenue_clients.email AS revenue_clients_email, revenue_clients.birthday AS revenue_clients_birthday, revenue_clients.last_visit_date AS revenue_clients_last_visit_date, revenue_clients.first_visit_date AS revenue_clients_first_visit_date, revenue_clients.master_id AS revenue_clients_master_id, revenue_clients.last_service_id AS revenue_clients_last_service_id, revenue_clients.total_visits AS revenue_clients_total_visits, revenue_clients.total_spent AS revenue_clients_total_spent, revenue_clients.raw_data AS revenue_clients_raw_data, revenue_clients.last_visit_at AS revenue_clients_last_visit_at, revenue_clients.last_service_name AS revenue_clients_last_service_name, revenue_clients.visit_count AS revenue_clients_visit_count, revenue_clients.is_active AS revenue_clients_is_active, revenue_clients.created_at AS revenue_clients_created_at, revenue_clients.updated_at AS revenue_clients_updated_at 
FROM revenue_clients 
WHERE revenue_clients.altegio_client_id = %(altegio_client_id_1)s::INTEGER 
 LIMIT %(param_1)s::INTEGER
2026-08-01 12:12:09,226 INFO sqlalchemy.engine.Engine [cached since 0.2934s ago] {'altegio_client_id_1': 184670999, 'param_1': 1}
2026-08-01 12:12:09,227 INFO sqlalchemy.engine.Engine SELECT revenue_clients.id AS revenue_clients_id, revenue_clients.altegio_client_id AS revenue_clients_altegio_client_id, revenue_clients.company_id AS revenue_clients_company_id, revenue_clients.full_name AS revenue_clients_full_name, revenue_clients.phone AS revenue_clients_phone, revenue_clients.email AS revenue_clients_email, revenue_clients.birthday AS revenue_clients_birthday, revenue_clients.last_visit_date AS revenue_clients_last_visit_date, revenue_clients.first_visit_date AS revenue_clients_first_visit_date, revenue_clients.master_id AS revenue_clients_master_id, revenue_clients.last_service_id AS revenue_clients_last_service_id, revenue_clients.total_visits AS revenue_clients_total_visits, revenue_clients.total_spent AS revenue_clients_total_spent, revenue_clients.raw_data AS revenue_clients_raw_data, revenue_clients.last_visit_at AS revenue_clients_last_visit_at, revenue_clients.last_service_name AS revenue_clients_last_service_name, revenue_clients.visit_count AS revenue_clients_visit_count, revenue_clients.is_active AS revenue_clients_is_active, revenue_clients.created_at AS revenue_clients_created_at, revenue_clients.updated_at AS revenue_clients_updated_at 
FROM revenue_clients 
WHERE revenue_clients.altegio_client_id = %(altegio_client_id_1)s::INTEGER 
 LIMIT %(param_1)s::INTEGER
2026-08-01 12:12:09,227 INFO sqlalchemy.engine.Engine [cached since 0.2942s ago] {'altegio_client_id_1': 184679062, 'param_1': 1}
2026-08-01 12:12:09,228 INFO sqlalchemy.engine.Engine SELECT revenue_clients.id AS revenue_clients_id, revenue_clients.altegio_client_id AS revenue_clients_altegio_client_id, revenue_clients.company_id AS revenue_clients_company_id, revenue_clients.full_name AS revenue_clients_full_name, revenue_clients.phone AS revenue_clients_phone, revenue_clients.email AS revenue_clients_email, revenue_clients.birthday AS revenue_clients_birthday, revenue_clients.last_visit_date AS revenue_clients_last_visit_date, revenue_clients.first_visit_date AS revenue_clients_first_visit_date, revenue_clients.master_id AS revenue_clients_master_id, revenue_clients.last_service_id AS revenue_clients_last_service_id, revenue_clients.total_visits AS revenue_clients_total_visits, revenue_clients.total_spent AS revenue_clients_total_spent, revenue_clients.raw_data AS revenue_clients_raw_data, revenue_clients.last_visit_at AS revenue_clients_last_visit_at, revenue_clients.last_service_name AS revenue_clients_last_service_name, revenue_clients.visit_count AS revenue_clients_visit_count, revenue_clients.is_active AS revenue_clients_is_active, revenue_clients.created_at AS revenue_clients_created_at, revenue_clients.updated_at AS revenue_clients_updated_at 
FROM revenue_clients 
WHERE revenue_clients.altegio_client_id = %(altegio_client_id_1)s::INTEGER 
 LIMIT %(param_1)s::INTEGER
2026-08-01 12:12:09,228 INFO sqlalchemy.engine.Engine [cached since 0.295s ago] {'altegio_client_id_1': 184693418, 'param_1': 1}
2026-08-01 12:12:09,228 INFO sqlalchemy.engine.Engine SELECT revenue_clients.id AS revenue_clients_id, revenue_clients.altegio_client_id AS revenue_clients_altegio_client_id, revenue_clients.company_id AS revenue_clients_company_id, revenue_clients.full_name AS revenue_clients_full_name, revenue_clients.phone AS revenue_clients_phone, revenue_clients.email AS revenue_clients_email, revenue_clients.birthday AS revenue_clients_birthday, revenue_clients.last_visit_date AS revenue_clients_last_visit_date, revenue_clients.first_visit_date AS revenue_clients_first_visit_date, revenue_clients.master_id AS revenue_clients_master_id, revenue_clients.last_service_id AS revenue_clients_last_service_id, revenue_clients.total_visits AS revenue_clients_total_visits, revenue_clients.total_spent AS revenue_clients_total_spent, revenue_clients.raw_data AS revenue_clients_raw_data, revenue_clients.last_visit_at AS revenue_clients_last_visit_at, revenue_clients.last_service_name AS revenue_clients_last_service_name, revenue_clients.visit_count AS revenue_clients_visit_count, revenue_clients.is_active AS revenue_clients_is_active, revenue_clients.created_at AS revenue_clients_created_at, revenue_clients.updated_at AS revenue_clients_updated_at 
FROM revenue_clients 
WHERE revenue_clients.altegio_client_id = %(altegio_client_id_1)s::INTEGER 
 LIMIT %(param_1)s::INTEGER
2026-08-01 12:12:09,229 INFO sqlalchemy.engine.Engine [cached since 0.2958s ago] {'altegio_client_id_1': 184714314, 'param_1': 1}
2026-08-01 12:12:09,229 INFO sqlalchemy.engine.Engine SELECT revenue_clients.id AS revenue_clients_id, revenue_clients.altegio_client_id AS revenue_clients_altegio_client_id, revenue_clients.company_id AS revenue_clients_company_id, revenue_clients.full_name AS revenue_clients_full_name, revenue_clients.phone AS revenue_clients_phone, revenue_clients.email AS revenue_clients_email, revenue_clients.birthday AS revenue_clients_birthday, revenue_clients.last_visit_date AS revenue_clients_last_visit_date, revenue_clients.first_visit_date AS revenue_clients_first_visit_date, revenue_clients.master_id AS revenue_clients_master_id, revenue_clients.last_service_id AS revenue_clients_last_service_id, revenue_clients.total_visits AS revenue_clients_total_visits, revenue_clients.total_spent AS revenue_clients_total_spent, revenue_clients.raw_data AS revenue_clients_raw_data, revenue_clients.last_visit_at AS revenue_clients_last_visit_at, revenue_clients.last_service_name AS revenue_clients_last_service_name, revenue_clients.visit_count AS revenue_clients_visit_count, revenue_clients.is_active AS revenue_clients_is_active, revenue_clients.created_at AS revenue_clients_created_at, revenue_clients.updated_at AS revenue_clients_updated_at 
FROM revenue_clients 
WHERE revenue_clients.altegio_client_id = %(altegio_client_id_1)s::INTEGER 
 LIMIT %(param_1)s::INTEGER
2026-08-01 12:12:09,229 INFO sqlalchemy.engine.Engine [cached since 0.2966s ago] {'altegio_client_id_1': 184716445, 'param_1': 1}
2026-08-01 12:12:09,230 INFO sqlalchemy.engine.Engine SELECT revenue_clients.id AS revenue_clients_id, revenue_clients.altegio_client_id AS revenue_clients_altegio_client_id, revenue_clients.company_id AS revenue_clients_company_id, revenue_clients.full_name AS revenue_clients_full_name, revenue_clients.phone AS revenue_clients_phone, revenue_clients.email AS revenue_clients_email, revenue_clients.birthday AS revenue_clients_birthday, revenue_clients.last_visit_date AS revenue_clients_last_visit_date, revenue_clients.first_visit_date AS revenue_clients_first_visit_date, revenue_clients.master_id AS revenue_clients_master_id, revenue_clients.last_service_id AS revenue_clients_last_service_id, revenue_clients.total_visits AS revenue_clients_total_visits, revenue_clients.total_spent AS revenue_clients_total_spent, revenue_clients.raw_data AS revenue_clients_raw_data, revenue_clients.last_visit_at AS revenue_clients_last_visit_at, revenue_clients.last_service_name AS revenue_clients_last_service_name, revenue_clients.visit_count AS revenue_clients_visit_count, revenue_clients.is_active AS revenue_clients_is_active, revenue_clients.created_at AS revenue_clients_created_at, revenue_clients.updated_at AS revenue_clients_updated_at 
FROM revenue_clients 
WHERE revenue_clients.altegio_client_id = %(altegio_client_id_1)s::INTEGER 
 LIMIT %(param_1)s::INTEGER
2026-08-01 12:12:09,230 INFO sqlalchemy.engine.Engine [cached since 0.2974s ago] {'altegio_client_id_1': 184767402, 'param_1': 1}
2026-08-01 12:12:09,231 INFO sqlalchemy.engine.Engine SELECT revenue_clients.id AS revenue_clients_id, revenue_clients.altegio_client_id AS revenue_clients_altegio_client_id, revenue_clients.company_id AS revenue_clients_company_id, revenue_clients.full_name AS revenue_clients_full_name, revenue_clients.phone AS revenue_clients_phone, revenue_clients.email AS revenue_clients_email, revenue_clients.birthday AS revenue_clients_birthday, revenue_clients.last_visit_date AS revenue_clients_last_visit_date, revenue_clients.first_visit_date AS revenue_clients_first_visit_date, revenue_clients.master_id AS revenue_clients_master_id, revenue_clients.last_service_id AS revenue_clients_last_service_id, revenue_clients.total_visits AS revenue_clients_total_visits, revenue_clients.total_spent AS revenue_clients_total_spent, revenue_clients.raw_data AS revenue_clients_raw_data, revenue_clients.last_visit_at AS revenue_clients_last_visit_at, revenue_clients.last_service_name AS revenue_clients_last_service_name, revenue_clients.visit_count AS revenue_clients_visit_count, revenue_clients.is_active AS revenue_clients_is_active, revenue_clients.created_at AS revenue_clients_created_at, revenue_clients.updated_at AS revenue_clients_updated_at 
FROM revenue_clients 
WHERE revenue_clients.altegio_client_id = %(altegio_client_id_1)s::INTEGER 
 LIMIT %(param_1)s::INTEGER
2026-08-01 12:12:09,231 INFO sqlalchemy.engine.Engine [cached since 0.2984s ago] {'altegio_client_id_1': 184946259, 'param_1': 1}
2026-08-01 12:12:09,232 INFO sqlalchemy.engine.Engine SELECT revenue_clients.id AS revenue_clients_id, revenue_clients.altegio_client_id AS revenue_clients_altegio_client_id, revenue_clients.company_id AS revenue_clients_company_id, revenue_clients.full_name AS revenue_clients_full_name, revenue_clients.phone AS revenue_clients_phone, revenue_clients.email AS revenue_clients_email, revenue_clients.birthday AS revenue_clients_birthday, revenue_clients.last_visit_date AS revenue_clients_last_visit_date, revenue_clients.first_visit_date AS revenue_clients_first_visit_date, revenue_clients.master_id AS revenue_clients_master_id, revenue_clients.last_service_id AS revenue_clients_last_service_id, revenue_clients.total_visits AS revenue_clients_total_visits, revenue_clients.total_spent AS revenue_clients_total_spent, revenue_clients.raw_data AS revenue_clients_raw_data, revenue_clients.last_visit_at AS revenue_clients_last_visit_at, revenue_clients.last_service_name AS revenue_clients_last_service_name, revenue_clients.visit_count AS revenue_clients_visit_count, revenue_clients.is_active AS revenue_clients_is_active, revenue_clients.created_at AS revenue_clients_created_at, revenue_clients.updated_at AS revenue_clients_updated_at 
FROM revenue_clients 
WHERE revenue_clients.altegio_client_id = %(altegio_client_id_1)s::INTEGER 
 LIMIT %(param_1)s::INTEGER
2026-08-01 12:12:09,232 INFO sqlalchemy.engine.Engine [cached since 0.2993s ago] {'altegio_client_id_1': 184946287, 'param_1': 1}
2026-08-01 12:12:09,240 INFO sqlalchemy.engine.Engine COMMIT
CLIENTS: WORKING
Downloaded: 332
Inserted: 0
Updated: 332
First client: {'id': 173012863, 'name': 'Kristina Matsneva', 'surname': '', 'patronymic': '', 'display_name': 'Kristina Matsneva', 'phone': '+381637374085', 'email': '', 'discount': 2, 'card': '', 'sex_id': 2, 'sex': 'Female', 'sms_check': 0, 'sms_bot': 0, 'sms_not': 0, 'importance_id': 0, 'importance': 'No importance class', 'comment': 'Переводчик', 'last_change_date': '2025-08-16T14:51:21+0400', 'birth_date': '', 'visits': 0, 'spent': 0, 'paid': 0, 'balance': 0, 'categories': [{'id': 9348387, 'salon_id': 1316083, 'company_id': 1316083, 'title': 'Лояльный', 'color': '#bfd4f2', 'font_color': '#000000', 'icon': 'tag', 'entity': 1, 'entity_slug': 'client', 'entity_type': 'client', 'deleted': 0, 'is_deleted': False, 'not_editable': 0, 'is_editable': True}], 'custom_fields': {}}
Last client: {'id': 184946287, 'name': 'Colore API Smoke', 'surname': '', 'patronymic': '', 'display_name': 'Colore API Smoke', 'phone': '+13152241450', 'email': '', 'discount': 0, 'card': '', 'sex_id': 0, 'sex': 'Unknown', 'sms_check': 0, 'sms_bot': 0, 'sms_not': 0, 'importance_id': 0, 'importance': 'No importance class', 'comment': '', 'last_change_date': '2026-07-30T17:24:31+0400', 'birth_date': '', 'visits': 0, 'spent': 0, 'paid': 0, 'balance': 0, 'categories': [], 'custom_fields': {}}
Available fields: ['balance', 'birth_date', 'card', 'categories', 'comment', 'custom_fields', 'discount', 'display_name', 'email', 'id', 'importance', 'importance_id', 'last_change_date', 'name', 'paid', 'patronymic', 'phone', 'sex', 'sex_id', 'sms_bot', 'sms_check', 'sms_not', 'spent', 'surname', 'visits']
