ALTEGIO_AUTH_REQUEST_URL: https://api.alteg.io/api/v1/auth
ALTEGIO_AUTH_REQUEST_METHOD: POST
ALTEGIO_AUTH_REQUEST_HEADERS: {'Authorization': 'Bearer czw9ytzwnjukc826h5k5', 'Accept': 'application/vnd.api.v2+json', 'Content-Type': 'application/json'}
ALTEGIO_AUTH_REQUEST_BODY: {'login': '<provided>', 'password': '<hidden>'}
ALTEGIO_AUTH_REQUEST_BODY_KEYS: ['login', 'password']
2026-08-01 12:19:55,619 INFO sqlalchemy.engine.Engine select pg_catalog.version()
2026-08-01 12:19:55,619 INFO sqlalchemy.engine.Engine [raw sql] {}
2026-08-01 12:19:55,621 INFO sqlalchemy.engine.Engine select current_schema()
2026-08-01 12:19:55,621 INFO sqlalchemy.engine.Engine [raw sql] {}
2026-08-01 12:19:55,622 INFO sqlalchemy.engine.Engine show standard_conforming_strings
2026-08-01 12:19:55,622 INFO sqlalchemy.engine.Engine [raw sql] {}
2026-08-01 12:19:55,625 INFO sqlalchemy.engine.Engine BEGIN (implicit)
2026-08-01 12:19:55,629 INFO sqlalchemy.engine.Engine SELECT revenue_clients.id AS revenue_clients_id, revenue_clients.altegio_client_id AS revenue_clients_altegio_client_id, revenue_clients.company_id AS revenue_clients_company_id, revenue_clients.full_name AS revenue_clients_full_name, revenue_clients.phone AS revenue_clients_phone, revenue_clients.email AS revenue_clients_email, revenue_clients.birthday AS revenue_clients_birthday, revenue_clients.last_visit_date AS revenue_clients_last_visit_date, revenue_clients.first_visit_date AS revenue_clients_first_visit_date, revenue_clients.master_id AS revenue_clients_master_id, revenue_clients.last_service_id AS revenue_clients_last_service_id, revenue_clients.total_visits AS revenue_clients_total_visits, revenue_clients.total_spent AS revenue_clients_total_spent, revenue_clients.raw_data AS revenue_clients_raw_data, revenue_clients.visit_history_synced_at AS revenue_clients_visit_history_synced_at, revenue_clients.last_visit_at AS revenue_clients_last_visit_at, revenue_clients.last_service_name AS revenue_clients_last_service_name, revenue_clients.visit_count AS revenue_clients_visit_count, revenue_clients.is_active AS revenue_clients_is_active, revenue_clients.created_at AS revenue_clients_created_at, revenue_clients.updated_at AS revenue_clients_updated_at 
FROM revenue_clients 
WHERE revenue_clients.company_id = %(company_id_1)s::INTEGER AND revenue_clients.is_active IS true
2026-08-01 12:19:55,629 INFO sqlalchemy.engine.Engine [generated in 0.00018s] {'company_id_1': 1316083}
/root/colore-os/backend/app/scripts/import_altegio_visit_history.py:279: DeprecationWarning: datetime.datetime.utcnow() is deprecated and scheduled for removal in a future version. Use timezone-aware objects to represent datetimes in UTC: datetime.datetime.now(datetime.UTC).
  now = datetime.utcnow()
2026-08-01 12:19:55,992 INFO sqlalchemy.engine.Engine SELECT revenue_client_visits.id AS revenue_client_visits_id, revenue_client_visits.revenue_client_id AS revenue_client_visits_revenue_client_id, revenue_client_visits.altegio_record_id AS revenue_client_visits_altegio_record_id, revenue_client_visits.last_visit_date AS revenue_client_visits_last_visit_date, revenue_client_visits.previous_visit_date AS revenue_client_visits_previous_visit_date, revenue_client_visits.services AS revenue_client_visits_services, revenue_client_visits.master AS revenue_client_visits_master, revenue_client_visits.amount AS revenue_client_visits_amount, revenue_client_visits.visit_status AS revenue_client_visits_visit_status, revenue_client_visits.raw_data AS revenue_client_visits_raw_data, revenue_client_visits.created_at AS revenue_client_visits_created_at, revenue_client_visits.updated_at AS revenue_client_visits_updated_at 
FROM revenue_client_visits 
WHERE revenue_client_visits.altegio_record_id = %(altegio_record_id_1)s::INTEGER 
 LIMIT %(param_1)s::INTEGER
2026-08-01 12:19:55,992 INFO sqlalchemy.engine.Engine [generated in 0.00023s] {'altegio_record_id_1': 652634367, 'param_1': 1}
2026-08-01 12:19:55,994 INFO sqlalchemy.engine.Engine SELECT revenue_client_visits.id AS revenue_client_visits_id, revenue_client_visits.revenue_client_id AS revenue_client_visits_revenue_client_id, revenue_client_visits.altegio_record_id AS revenue_client_visits_altegio_record_id, revenue_client_visits.last_visit_date AS revenue_client_visits_last_visit_date, revenue_client_visits.previous_visit_date AS revenue_client_visits_previous_visit_date, revenue_client_visits.services AS revenue_client_visits_services, revenue_client_visits.master AS revenue_client_visits_master, revenue_client_visits.amount AS revenue_client_visits_amount, revenue_client_visits.visit_status AS revenue_client_visits_visit_status, revenue_client_visits.raw_data AS revenue_client_visits_raw_data, revenue_client_visits.created_at AS revenue_client_visits_created_at, revenue_client_visits.updated_at AS revenue_client_visits_updated_at 
FROM revenue_client_visits 
WHERE revenue_client_visits.altegio_record_id = %(altegio_record_id_1)s::INTEGER 
 LIMIT %(param_1)s::INTEGER
2026-08-01 12:19:55,994 INFO sqlalchemy.engine.Engine [cached since 0.002292s ago] {'altegio_record_id_1': 632438239, 'param_1': 1}
2026-08-01 12:19:55,995 INFO sqlalchemy.engine.Engine SELECT revenue_client_visits.id AS revenue_client_visits_id, revenue_client_visits.revenue_client_id AS revenue_client_visits_revenue_client_id, revenue_client_visits.altegio_record_id AS revenue_client_visits_altegio_record_id, revenue_client_visits.last_visit_date AS revenue_client_visits_last_visit_date, revenue_client_visits.previous_visit_date AS revenue_client_visits_previous_visit_date, revenue_client_visits.services AS revenue_client_visits_services, revenue_client_visits.master AS revenue_client_visits_master, revenue_client_visits.amount AS revenue_client_visits_amount, revenue_client_visits.visit_status AS revenue_client_visits_visit_status, revenue_client_visits.raw_data AS revenue_client_visits_raw_data, revenue_client_visits.created_at AS revenue_client_visits_created_at, revenue_client_visits.updated_at AS revenue_client_visits_updated_at 
FROM revenue_client_visits 
WHERE revenue_client_visits.altegio_record_id = %(altegio_record_id_1)s::INTEGER 
 LIMIT %(param_1)s::INTEGER
2026-08-01 12:19:55,995 INFO sqlalchemy.engine.Engine [cached since 0.003539s ago] {'altegio_record_id_1': 632431330, 'param_1': 1}
2026-08-01 12:19:55,996 INFO sqlalchemy.engine.Engine SELECT revenue_client_visits.id AS revenue_client_visits_id, revenue_client_visits.revenue_client_id AS revenue_client_visits_revenue_client_id, revenue_client_visits.altegio_record_id AS revenue_client_visits_altegio_record_id, revenue_client_visits.last_visit_date AS revenue_client_visits_last_visit_date, revenue_client_visits.previous_visit_date AS revenue_client_visits_previous_visit_date, revenue_client_visits.services AS revenue_client_visits_services, revenue_client_visits.master AS revenue_client_visits_master, revenue_client_visits.amount AS revenue_client_visits_amount, revenue_client_visits.visit_status AS revenue_client_visits_visit_status, revenue_client_visits.raw_data AS revenue_client_visits_raw_data, revenue_client_visits.created_at AS revenue_client_visits_created_at, revenue_client_visits.updated_at AS revenue_client_visits_updated_at 
FROM revenue_client_visits 
WHERE revenue_client_visits.altegio_record_id = %(altegio_record_id_1)s::INTEGER 
 LIMIT %(param_1)s::INTEGER
2026-08-01 12:19:55,996 INFO sqlalchemy.engine.Engine [cached since 0.00462s ago] {'altegio_record_id_1': 621637531, 'param_1': 1}
2026-08-01 12:19:55,997 INFO sqlalchemy.engine.Engine SELECT revenue_client_visits.id AS revenue_client_visits_id, revenue_client_visits.revenue_client_id AS revenue_client_visits_revenue_client_id, revenue_client_visits.altegio_record_id AS revenue_client_visits_altegio_record_id, revenue_client_visits.last_visit_date AS revenue_client_visits_last_visit_date, revenue_client_visits.previous_visit_date AS revenue_client_visits_previous_visit_date, revenue_client_visits.services AS revenue_client_visits_services, revenue_client_visits.master AS revenue_client_visits_master, revenue_client_visits.amount AS revenue_client_visits_amount, revenue_client_visits.visit_status AS revenue_client_visits_visit_status, revenue_client_visits.raw_data AS revenue_client_visits_raw_data, revenue_client_visits.created_at AS revenue_client_visits_created_at, revenue_client_visits.updated_at AS revenue_client_visits_updated_at 
FROM revenue_client_visits 
WHERE revenue_client_visits.altegio_record_id = %(altegio_record_id_1)s::INTEGER 
 LIMIT %(param_1)s::INTEGER
2026-08-01 12:19:55,997 INFO sqlalchemy.engine.Engine [cached since 0.00556s ago] {'altegio_record_id_1': 619431700, 'param_1': 1}
2026-08-01 12:19:55,998 INFO sqlalchemy.engine.Engine SELECT revenue_client_visits.id AS revenue_client_visits_id, revenue_client_visits.revenue_client_id AS revenue_client_visits_revenue_client_id, revenue_client_visits.altegio_record_id AS revenue_client_visits_altegio_record_id, revenue_client_visits.last_visit_date AS revenue_client_visits_last_visit_date, revenue_client_visits.previous_visit_date AS revenue_client_visits_previous_visit_date, revenue_client_visits.services AS revenue_client_visits_services, revenue_client_visits.master AS revenue_client_visits_master, revenue_client_visits.amount AS revenue_client_visits_amount, revenue_client_visits.visit_status AS revenue_client_visits_visit_status, revenue_client_visits.raw_data AS revenue_client_visits_raw_data, revenue_client_visits.created_at AS revenue_client_visits_created_at, revenue_client_visits.updated_at AS revenue_client_visits_updated_at 
FROM revenue_client_visits 
WHERE revenue_client_visits.altegio_record_id = %(altegio_record_id_1)s::INTEGER 
 LIMIT %(param_1)s::INTEGER
2026-08-01 12:19:55,998 INFO sqlalchemy.engine.Engine [cached since 0.006473s ago] {'altegio_record_id_1': 614569246, 'param_1': 1}
2026-08-01 12:19:56,000 INFO sqlalchemy.engine.Engine SELECT revenue_client_visits.id AS revenue_client_visits_id, revenue_client_visits.revenue_client_id AS revenue_client_visits_revenue_client_id, revenue_client_visits.altegio_record_id AS revenue_client_visits_altegio_record_id, revenue_client_visits.last_visit_date AS revenue_client_visits_last_visit_date, revenue_client_visits.previous_visit_date AS revenue_client_visits_previous_visit_date, revenue_client_visits.services AS revenue_client_visits_services, revenue_client_visits.master AS revenue_client_visits_master, revenue_client_visits.amount AS revenue_client_visits_amount, revenue_client_visits.visit_status AS revenue_client_visits_visit_status, revenue_client_visits.raw_data AS revenue_client_visits_raw_data, revenue_client_visits.created_at AS revenue_client_visits_created_at, revenue_client_visits.updated_at AS revenue_client_visits_updated_at 
FROM revenue_client_visits 
WHERE revenue_client_visits.revenue_client_id = %(revenue_client_id_1)s::INTEGER ORDER BY revenue_client_visits.last_visit_date ASC, revenue_client_visits.id ASC
2026-08-01 12:19:56,000 INFO sqlalchemy.engine.Engine [generated in 0.00013s] {'revenue_client_id_1': 2}
2026-08-01 12:19:56,196 INFO sqlalchemy.engine.Engine SELECT revenue_client_visits.id AS revenue_client_visits_id, revenue_client_visits.revenue_client_id AS revenue_client_visits_revenue_client_id, revenue_client_visits.altegio_record_id AS revenue_client_visits_altegio_record_id, revenue_client_visits.last_visit_date AS revenue_client_visits_last_visit_date, revenue_client_visits.previous_visit_date AS revenue_client_visits_previous_visit_date, revenue_client_visits.services AS revenue_client_visits_services, revenue_client_visits.master AS revenue_client_visits_master, revenue_client_visits.amount AS revenue_client_visits_amount, revenue_client_visits.visit_status AS revenue_client_visits_visit_status, revenue_client_visits.raw_data AS revenue_client_visits_raw_data, revenue_client_visits.created_at AS revenue_client_visits_created_at, revenue_client_visits.updated_at AS revenue_client_visits_updated_at 
FROM revenue_client_visits 
WHERE revenue_client_visits.altegio_record_id = %(altegio_record_id_1)s::INTEGER 
 LIMIT %(param_1)s::INTEGER
2026-08-01 12:19:56,196 INFO sqlalchemy.engine.Engine [cached since 0.2043s ago] {'altegio_record_id_1': 661860779, 'param_1': 1}
2026-08-01 12:19:56,197 INFO sqlalchemy.engine.Engine SELECT revenue_client_visits.id AS revenue_client_visits_id, revenue_client_visits.revenue_client_id AS revenue_client_visits_revenue_client_id, revenue_client_visits.altegio_record_id AS revenue_client_visits_altegio_record_id, revenue_client_visits.last_visit_date AS revenue_client_visits_last_visit_date, revenue_client_visits.previous_visit_date AS revenue_client_visits_previous_visit_date, revenue_client_visits.services AS revenue_client_visits_services, revenue_client_visits.master AS revenue_client_visits_master, revenue_client_visits.amount AS revenue_client_visits_amount, revenue_client_visits.visit_status AS revenue_client_visits_visit_status, revenue_client_visits.raw_data AS revenue_client_visits_raw_data, revenue_client_visits.created_at AS revenue_client_visits_created_at, revenue_client_visits.updated_at AS revenue_client_visits_updated_at 
FROM revenue_client_visits 
WHERE revenue_client_visits.altegio_record_id = %(altegio_record_id_1)s::INTEGER 
 LIMIT %(param_1)s::INTEGER
2026-08-01 12:19:56,198 INFO sqlalchemy.engine.Engine [cached since 0.2061s ago] {'altegio_record_id_1': 625672034, 'param_1': 1}
2026-08-01 12:19:56,198 INFO sqlalchemy.engine.Engine SELECT revenue_client_visits.id AS revenue_client_visits_id, revenue_client_visits.revenue_client_id AS revenue_client_visits_revenue_client_id, revenue_client_visits.altegio_record_id AS revenue_client_visits_altegio_record_id, revenue_client_visits.last_visit_date AS revenue_client_visits_last_visit_date, revenue_client_visits.previous_visit_date AS revenue_client_visits_previous_visit_date, revenue_client_visits.services AS revenue_client_visits_services, revenue_client_visits.master AS revenue_client_visits_master, revenue_client_visits.amount AS revenue_client_visits_amount, revenue_client_visits.visit_status AS revenue_client_visits_visit_status, revenue_client_visits.raw_data AS revenue_client_visits_raw_data, revenue_client_visits.created_at AS revenue_client_visits_created_at, revenue_client_visits.updated_at AS revenue_client_visits_updated_at 
FROM revenue_client_visits 
WHERE revenue_client_visits.altegio_record_id = %(altegio_record_id_1)s::INTEGER 
 LIMIT %(param_1)s::INTEGER
2026-08-01 12:19:56,199 INFO sqlalchemy.engine.Engine [cached since 0.2072s ago] {'altegio_record_id_1': 623751802, 'param_1': 1}
2026-08-01 12:19:56,200 INFO sqlalchemy.engine.Engine SELECT revenue_client_visits.id AS revenue_client_visits_id, revenue_client_visits.revenue_client_id AS revenue_client_visits_revenue_client_id, revenue_client_visits.altegio_record_id AS revenue_client_visits_altegio_record_id, revenue_client_visits.last_visit_date AS revenue_client_visits_last_visit_date, revenue_client_visits.previous_visit_date AS revenue_client_visits_previous_visit_date, revenue_client_visits.services AS revenue_client_visits_services, revenue_client_visits.master AS revenue_client_visits_master, revenue_client_visits.amount AS revenue_client_visits_amount, revenue_client_visits.visit_status AS revenue_client_visits_visit_status, revenue_client_visits.raw_data AS revenue_client_visits_raw_data, revenue_client_visits.created_at AS revenue_client_visits_created_at, revenue_client_visits.updated_at AS revenue_client_visits_updated_at 
FROM revenue_client_visits 
WHERE revenue_client_visits.altegio_record_id = %(altegio_record_id_1)s::INTEGER 
 LIMIT %(param_1)s::INTEGER
2026-08-01 12:19:56,200 INFO sqlalchemy.engine.Engine [cached since 0.2082s ago] {'altegio_record_id_1': 623330763, 'param_1': 1}
2026-08-01 12:19:56,200 INFO sqlalchemy.engine.Engine SELECT revenue_client_visits.id AS revenue_client_visits_id, revenue_client_visits.revenue_client_id AS revenue_client_visits_revenue_client_id, revenue_client_visits.altegio_record_id AS revenue_client_visits_altegio_record_id, revenue_client_visits.last_visit_date AS revenue_client_visits_last_visit_date, revenue_client_visits.previous_visit_date AS revenue_client_visits_previous_visit_date, revenue_client_visits.services AS revenue_client_visits_services, revenue_client_visits.master AS revenue_client_visits_master, revenue_client_visits.amount AS revenue_client_visits_amount, revenue_client_visits.visit_status AS revenue_client_visits_visit_status, revenue_client_visits.raw_data AS revenue_client_visits_raw_data, revenue_client_visits.created_at AS revenue_client_visits_created_at, revenue_client_visits.updated_at AS revenue_client_visits_updated_at 
FROM revenue_client_visits 
WHERE revenue_client_visits.altegio_record_id = %(altegio_record_id_1)s::INTEGER 
 LIMIT %(param_1)s::INTEGER
2026-08-01 12:19:56,201 INFO sqlalchemy.engine.Engine [cached since 0.2092s ago] {'altegio_record_id_1': 623203208, 'param_1': 1}
2026-08-01 12:19:56,202 INFO sqlalchemy.engine.Engine SELECT revenue_client_visits.id AS revenue_client_visits_id, revenue_client_visits.revenue_client_id AS revenue_client_visits_revenue_client_id, revenue_client_visits.altegio_record_id AS revenue_client_visits_altegio_record_id, revenue_client_visits.last_visit_date AS revenue_client_visits_last_visit_date, revenue_client_visits.previous_visit_date AS revenue_client_visits_previous_visit_date, revenue_client_visits.services AS revenue_client_visits_services, revenue_client_visits.master AS revenue_client_visits_master, revenue_client_visits.amount AS revenue_client_visits_amount, revenue_client_visits.visit_status AS revenue_client_visits_visit_status, revenue_client_visits.raw_data AS revenue_client_visits_raw_data, revenue_client_visits.created_at AS revenue_client_visits_created_at, revenue_client_visits.updated_at AS revenue_client_visits_updated_at 
FROM revenue_client_visits 
WHERE revenue_client_visits.altegio_record_id = %(altegio_record_id_1)s::INTEGER 
 LIMIT %(param_1)s::INTEGER
2026-08-01 12:19:56,202 INFO sqlalchemy.engine.Engine [cached since 0.2111s ago] {'altegio_record_id_1': 622886803, 'param_1': 1}
2026-08-01 12:19:56,203 INFO sqlalchemy.engine.Engine SELECT revenue_client_visits.id AS revenue_client_visits_id, revenue_client_visits.revenue_client_id AS revenue_client_visits_revenue_client_id, revenue_client_visits.altegio_record_id AS revenue_client_visits_altegio_record_id, revenue_client_visits.last_visit_date AS revenue_client_visits_last_visit_date, revenue_client_visits.previous_visit_date AS revenue_client_visits_previous_visit_date, revenue_client_visits.services AS revenue_client_visits_services, revenue_client_visits.master AS revenue_client_visits_master, revenue_client_visits.amount AS revenue_client_visits_amount, revenue_client_visits.visit_status AS revenue_client_visits_visit_status, revenue_client_visits.raw_data AS revenue_client_visits_raw_data, revenue_client_visits.created_at AS revenue_client_visits_created_at, revenue_client_visits.updated_at AS revenue_client_visits_updated_at 
FROM revenue_client_visits 
WHERE revenue_client_visits.altegio_record_id = %(altegio_record_id_1)s::INTEGER 
 LIMIT %(param_1)s::INTEGER
2026-08-01 12:19:56,204 INFO sqlalchemy.engine.Engine [cached since 0.2122s ago] {'altegio_record_id_1': 622494960, 'param_1': 1}
2026-08-01 12:19:56,204 INFO sqlalchemy.engine.Engine SELECT revenue_client_visits.id AS revenue_client_visits_id, revenue_client_visits.revenue_client_id AS revenue_client_visits_revenue_client_id, revenue_client_visits.altegio_record_id AS revenue_client_visits_altegio_record_id, revenue_client_visits.last_visit_date AS revenue_client_visits_last_visit_date, revenue_client_visits.previous_visit_date AS revenue_client_visits_previous_visit_date, revenue_client_visits.services AS revenue_client_visits_services, revenue_client_visits.master AS revenue_client_visits_master, revenue_client_visits.amount AS revenue_client_visits_amount, revenue_client_visits.visit_status AS revenue_client_visits_visit_status, revenue_client_visits.raw_data AS revenue_client_visits_raw_data, revenue_client_visits.created_at AS revenue_client_visits_created_at, revenue_client_visits.updated_at AS revenue_client_visits_updated_at 
FROM revenue_client_visits 
WHERE revenue_client_visits.altegio_record_id = %(altegio_record_id_1)s::INTEGER 
 LIMIT %(param_1)s::INTEGER
2026-08-01 12:19:56,205 INFO sqlalchemy.engine.Engine [cached since 0.2131s ago] {'altegio_record_id_1': 622495267, 'param_1': 1}
2026-08-01 12:19:56,205 INFO sqlalchemy.engine.Engine SELECT revenue_client_visits.id AS revenue_client_visits_id, revenue_client_visits.revenue_client_id AS revenue_client_visits_revenue_client_id, revenue_client_visits.altegio_record_id AS revenue_client_visits_altegio_record_id, revenue_client_visits.last_visit_date AS revenue_client_visits_last_visit_date, revenue_client_visits.previous_visit_date AS revenue_client_visits_previous_visit_date, revenue_client_visits.services AS revenue_client_visits_services, revenue_client_visits.master AS revenue_client_visits_master, revenue_client_visits.amount AS revenue_client_visits_amount, revenue_client_visits.visit_status AS revenue_client_visits_visit_status, revenue_client_visits.raw_data AS revenue_client_visits_raw_data, revenue_client_visits.created_at AS revenue_client_visits_created_at, revenue_client_visits.updated_at AS revenue_client_visits_updated_at 
FROM revenue_client_visits 
WHERE revenue_client_visits.altegio_record_id = %(altegio_record_id_1)s::INTEGER 
 LIMIT %(param_1)s::INTEGER
2026-08-01 12:19:56,205 INFO sqlalchemy.engine.Engine [cached since 0.2141s ago] {'altegio_record_id_1': 622237599, 'param_1': 1}
2026-08-01 12:19:56,206 INFO sqlalchemy.engine.Engine SELECT revenue_client_visits.id AS revenue_client_visits_id, revenue_client_visits.revenue_client_id AS revenue_client_visits_revenue_client_id, revenue_client_visits.altegio_record_id AS revenue_client_visits_altegio_record_id, revenue_client_visits.last_visit_date AS revenue_client_visits_last_visit_date, revenue_client_visits.previous_visit_date AS revenue_client_visits_previous_visit_date, revenue_client_visits.services AS revenue_client_visits_services, revenue_client_visits.master AS revenue_client_visits_master, revenue_client_visits.amount AS revenue_client_visits_amount, revenue_client_visits.visit_status AS revenue_client_visits_visit_status, revenue_client_visits.raw_data AS revenue_client_visits_raw_data, revenue_client_visits.created_at AS revenue_client_visits_created_at, revenue_client_visits.updated_at AS revenue_client_visits_updated_at 
FROM revenue_client_visits 
WHERE revenue_client_visits.revenue_client_id = %(revenue_client_id_1)s::INTEGER ORDER BY revenue_client_visits.last_visit_date ASC, revenue_client_visits.id ASC
2026-08-01 12:19:56,206 INFO sqlalchemy.engine.Engine [cached since 0.2063s ago] {'revenue_client_id_1': 3}
2026-08-01 12:19:56,617 INFO sqlalchemy.engine.Engine SELECT revenue_client_visits.id AS revenue_client_visits_id, revenue_client_visits.revenue_client_id AS revenue_client_visits_revenue_client_id, revenue_client_visits.altegio_record_id AS revenue_client_visits_altegio_record_id, revenue_client_visits.last_visit_date AS revenue_client_visits_last_visit_date, revenue_client_visits.previous_visit_date AS revenue_client_visits_previous_visit_date, revenue_client_visits.services AS revenue_client_visits_services, revenue_client_visits.master AS revenue_client_visits_master, revenue_client_visits.amount AS revenue_client_visits_amount, revenue_client_visits.visit_status AS revenue_client_visits_visit_status, revenue_client_visits.raw_data AS revenue_client_visits_raw_data, revenue_client_visits.created_at AS revenue_client_visits_created_at, revenue_client_visits.updated_at AS revenue_client_visits_updated_at 
FROM revenue_client_visits 
WHERE revenue_client_visits.altegio_record_id = %(altegio_record_id_1)s::INTEGER 
 LIMIT %(param_1)s::INTEGER
2026-08-01 12:19:56,618 INFO sqlalchemy.engine.Engine [cached since 0.6262s ago] {'altegio_record_id_1': 654612169, 'param_1': 1}
2026-08-01 12:19:56,619 INFO sqlalchemy.engine.Engine SELECT revenue_client_visits.id AS revenue_client_visits_id, revenue_client_visits.revenue_client_id AS revenue_client_visits_revenue_client_id, revenue_client_visits.altegio_record_id AS revenue_client_visits_altegio_record_id, revenue_client_visits.last_visit_date AS revenue_client_visits_last_visit_date, revenue_client_visits.previous_visit_date AS revenue_client_visits_previous_visit_date, revenue_client_visits.services AS revenue_client_visits_services, revenue_client_visits.master AS revenue_client_visits_master, revenue_client_visits.amount AS revenue_client_visits_amount, revenue_client_visits.visit_status AS revenue_client_visits_visit_status, revenue_client_visits.raw_data AS revenue_client_visits_raw_data, revenue_client_visits.created_at AS revenue_client_visits_created_at, revenue_client_visits.updated_at AS revenue_client_visits_updated_at 
FROM revenue_client_visits 
WHERE revenue_client_visits.altegio_record_id = %(altegio_record_id_1)s::INTEGER 
 LIMIT %(param_1)s::INTEGER
2026-08-01 12:19:56,619 INFO sqlalchemy.engine.Engine [cached since 0.6273s ago] {'altegio_record_id_1': 654771217, 'param_1': 1}
2026-08-01 12:19:56,619 INFO sqlalchemy.engine.Engine SELECT revenue_client_visits.id AS revenue_client_visits_id, revenue_client_visits.revenue_client_id AS revenue_client_visits_revenue_client_id, revenue_client_visits.altegio_record_id AS revenue_client_visits_altegio_record_id, revenue_client_visits.last_visit_date AS revenue_client_visits_last_visit_date, revenue_client_visits.previous_visit_date AS revenue_client_visits_previous_visit_date, revenue_client_visits.services AS revenue_client_visits_services, revenue_client_visits.master AS revenue_client_visits_master, revenue_client_visits.amount AS revenue_client_visits_amount, revenue_client_visits.visit_status AS revenue_client_visits_visit_status, revenue_client_visits.raw_data AS revenue_client_visits_raw_data, revenue_client_visits.created_at AS revenue_client_visits_created_at, revenue_client_visits.updated_at AS revenue_client_visits_updated_at 
FROM revenue_client_visits 
WHERE revenue_client_visits.altegio_record_id = %(altegio_record_id_1)s::INTEGER 
 LIMIT %(param_1)s::INTEGER
2026-08-01 12:19:56,620 INFO sqlalchemy.engine.Engine [cached since 0.6281s ago] {'altegio_record_id_1': 648442339, 'param_1': 1}
2026-08-01 12:19:56,620 INFO sqlalchemy.engine.Engine SELECT revenue_client_visits.id AS revenue_client_visits_id, revenue_client_visits.revenue_client_id AS revenue_client_visits_revenue_client_id, revenue_client_visits.altegio_record_id AS revenue_client_visits_altegio_record_id, revenue_client_visits.last_visit_date AS revenue_client_visits_last_visit_date, revenue_client_visits.previous_visit_date AS revenue_client_visits_previous_visit_date, revenue_client_visits.services AS revenue_client_visits_services, revenue_client_visits.master AS revenue_client_visits_master, revenue_client_visits.amount AS revenue_client_visits_amount, revenue_client_visits.visit_status AS revenue_client_visits_visit_status, revenue_client_visits.raw_data AS revenue_client_visits_raw_data, revenue_client_visits.created_at AS revenue_client_visits_created_at, revenue_client_visits.updated_at AS revenue_client_visits_updated_at 
FROM revenue_client_visits 
WHERE revenue_client_visits.altegio_record_id = %(altegio_record_id_1)s::INTEGER 
 LIMIT %(param_1)s::INTEGER
2026-08-01 12:19:56,620 INFO sqlalchemy.engine.Engine [cached since 0.6289s ago] {'altegio_record_id_1': 644660477, 'param_1': 1}
2026-08-01 12:19:56,621 INFO sqlalchemy.engine.Engine SELECT revenue_client_visits.id AS revenue_client_visits_id, revenue_client_visits.revenue_client_id AS revenue_client_visits_revenue_client_id, revenue_client_visits.altegio_record_id AS revenue_client_visits_altegio_record_id, revenue_client_visits.last_visit_date AS revenue_client_visits_last_visit_date, revenue_client_visits.previous_visit_date AS revenue_client_visits_previous_visit_date, revenue_client_visits.services AS revenue_client_visits_services, revenue_client_visits.master AS revenue_client_visits_master, revenue_client_visits.amount AS revenue_client_visits_amount, revenue_client_visits.visit_status AS revenue_client_visits_visit_status, revenue_client_visits.raw_data AS revenue_client_visits_raw_data, revenue_client_visits.created_at AS revenue_client_visits_created_at, revenue_client_visits.updated_at AS revenue_client_visits_updated_at 
FROM revenue_client_visits 
WHERE revenue_client_visits.altegio_record_id = %(altegio_record_id_1)s::INTEGER 
 LIMIT %(param_1)s::INTEGER
2026-08-01 12:19:56,621 INFO sqlalchemy.engine.Engine [cached since 0.6299s ago] {'altegio_record_id_1': 643884840, 'param_1': 1}
2026-08-01 12:19:56,622 INFO sqlalchemy.engine.Engine SELECT revenue_client_visits.id AS revenue_client_visits_id, revenue_client_visits.revenue_client_id AS revenue_client_visits_revenue_client_id, revenue_client_visits.altegio_record_id AS revenue_client_visits_altegio_record_id, revenue_client_visits.last_visit_date AS revenue_client_visits_last_visit_date, revenue_client_visits.previous_visit_date AS revenue_client_visits_previous_visit_date, revenue_client_visits.services AS revenue_client_visits_services, revenue_client_visits.master AS revenue_client_visits_master, revenue_client_visits.amount AS revenue_client_visits_amount, revenue_client_visits.visit_status AS revenue_client_visits_visit_status, revenue_client_visits.raw_data AS revenue_client_visits_raw_data, revenue_client_visits.created_at AS revenue_client_visits_created_at, revenue_client_visits.updated_at AS revenue_client_visits_updated_at 
FROM revenue_client_visits 
WHERE revenue_client_visits.altegio_record_id = %(altegio_record_id_1)s::INTEGER 
 LIMIT %(param_1)s::INTEGER
2026-08-01 12:19:56,622 INFO sqlalchemy.engine.Engine [cached since 0.631s ago] {'altegio_record_id_1': 627084323, 'param_1': 1}
2026-08-01 12:19:56,623 INFO sqlalchemy.engine.Engine SELECT revenue_client_visits.id AS revenue_client_visits_id, revenue_client_visits.revenue_client_id AS revenue_client_visits_revenue_client_id, revenue_client_visits.altegio_record_id AS revenue_client_visits_altegio_record_id, revenue_client_visits.last_visit_date AS revenue_client_visits_last_visit_date, revenue_client_visits.previous_visit_date AS revenue_client_visits_previous_visit_date, revenue_client_visits.services AS revenue_client_visits_services, revenue_client_visits.master AS revenue_client_visits_master, revenue_client_visits.amount AS revenue_client_visits_amount, revenue_client_visits.visit_status AS revenue_client_visits_visit_status, revenue_client_visits.raw_data AS revenue_client_visits_raw_data, revenue_client_visits.created_at AS revenue_client_visits_created_at, revenue_client_visits.updated_at AS revenue_client_visits_updated_at 
FROM revenue_client_visits 
WHERE revenue_client_visits.altegio_record_id = %(altegio_record_id_1)s::INTEGER 
 LIMIT %(param_1)s::INTEGER
2026-08-01 12:19:56,623 INFO sqlalchemy.engine.Engine [cached since 0.6321s ago] {'altegio_record_id_1': 627084263, 'param_1': 1}
2026-08-01 12:19:56,624 INFO sqlalchemy.engine.Engine SELECT revenue_client_visits.id AS revenue_client_visits_id, revenue_client_visits.revenue_client_id AS revenue_client_visits_revenue_client_id, revenue_client_visits.altegio_record_id AS revenue_client_visits_altegio_record_id, revenue_client_visits.last_visit_date AS revenue_client_visits_last_visit_date, revenue_client_visits.previous_visit_date AS revenue_client_visits_previous_visit_date, revenue_client_visits.services AS revenue_client_visits_services, revenue_client_visits.master AS revenue_client_visits_master, revenue_client_visits.amount AS revenue_client_visits_amount, revenue_client_visits.visit_status AS revenue_client_visits_visit_status, revenue_client_visits.raw_data AS revenue_client_visits_raw_data, revenue_client_visits.created_at AS revenue_client_visits_created_at, revenue_client_visits.updated_at AS revenue_client_visits_updated_at 
FROM revenue_client_visits 
WHERE revenue_client_visits.altegio_record_id = %(altegio_record_id_1)s::INTEGER 
 LIMIT %(param_1)s::INTEGER
2026-08-01 12:19:56,624 INFO sqlalchemy.engine.Engine [cached since 0.6331s ago] {'altegio_record_id_1': 618336292, 'param_1': 1}
2026-08-01 12:19:56,626 INFO sqlalchemy.engine.Engine SELECT revenue_client_visits.id AS revenue_client_visits_id, revenue_client_visits.revenue_client_id AS revenue_client_visits_revenue_client_id, revenue_client_visits.altegio_record_id AS revenue_client_visits_altegio_record_id, revenue_client_visits.last_visit_date AS revenue_client_visits_last_visit_date, revenue_client_visits.previous_visit_date AS revenue_client_visits_previous_visit_date, revenue_client_visits.services AS revenue_client_visits_services, revenue_client_visits.master AS revenue_client_visits_master, revenue_client_visits.amount AS revenue_client_visits_amount, revenue_client_visits.visit_status AS revenue_client_visits_visit_status, revenue_client_visits.raw_data AS revenue_client_visits_raw_data, revenue_client_visits.created_at AS revenue_client_visits_created_at, revenue_client_visits.updated_at AS revenue_client_visits_updated_at 
FROM revenue_client_visits 
WHERE revenue_client_visits.altegio_record_id = %(altegio_record_id_1)s::INTEGER 
 LIMIT %(param_1)s::INTEGER
2026-08-01 12:19:56,626 INFO sqlalchemy.engine.Engine [cached since 0.6342s ago] {'altegio_record_id_1': 618335980, 'param_1': 1}
2026-08-01 12:19:56,627 INFO sqlalchemy.engine.Engine SELECT revenue_client_visits.id AS revenue_client_visits_id, revenue_client_visits.revenue_client_id AS revenue_client_visits_revenue_client_id, revenue_client_visits.altegio_record_id AS revenue_client_visits_altegio_record_id, revenue_client_visits.last_visit_date AS revenue_client_visits_last_visit_date, revenue_client_visits.previous_visit_date AS revenue_client_visits_previous_visit_date, revenue_client_visits.services AS revenue_client_visits_services, revenue_client_visits.master AS revenue_client_visits_master, revenue_client_visits.amount AS revenue_client_visits_amount, revenue_client_visits.visit_status AS revenue_client_visits_visit_status, revenue_client_visits.raw_data AS revenue_client_visits_raw_data, revenue_client_visits.created_at AS revenue_client_visits_created_at, revenue_client_visits.updated_at AS revenue_client_visits_updated_at 
FROM revenue_client_visits 
WHERE revenue_client_visits.altegio_record_id = %(altegio_record_id_1)s::INTEGER 
 LIMIT %(param_1)s::INTEGER
2026-08-01 12:19:56,627 INFO sqlalchemy.engine.Engine [cached since 0.6354s ago] {'altegio_record_id_1': 618335857, 'param_1': 1}
2026-08-01 12:19:56,628 INFO sqlalchemy.engine.Engine SELECT revenue_client_visits.id AS revenue_client_visits_id, revenue_client_visits.revenue_client_id AS revenue_client_visits_revenue_client_id, revenue_client_visits.altegio_record_id AS revenue_client_visits_altegio_record_id, revenue_client_visits.last_visit_date AS revenue_client_visits_last_visit_date, revenue_client_visits.previous_visit_date AS revenue_client_visits_previous_visit_date, revenue_client_visits.services AS revenue_client_visits_services, revenue_client_visits.master AS revenue_client_visits_master, revenue_client_visits.amount AS revenue_client_visits_amount, revenue_client_visits.visit_status AS revenue_client_visits_visit_status, revenue_client_visits.raw_data AS revenue_client_visits_raw_data, revenue_client_visits.created_at AS revenue_client_visits_created_at, revenue_client_visits.updated_at AS revenue_client_visits_updated_at 
FROM revenue_client_visits 
WHERE revenue_client_visits.altegio_record_id = %(altegio_record_id_1)s::INTEGER 
 LIMIT %(param_1)s::INTEGER
2026-08-01 12:19:56,628 INFO sqlalchemy.engine.Engine [cached since 0.6365s ago] {'altegio_record_id_1': 617904536, 'param_1': 1}
2026-08-01 12:19:56,629 INFO sqlalchemy.engine.Engine SELECT revenue_client_visits.id AS revenue_client_visits_id, revenue_client_visits.revenue_client_id AS revenue_client_visits_revenue_client_id, revenue_client_visits.altegio_record_id AS revenue_client_visits_altegio_record_id, revenue_client_visits.last_visit_date AS revenue_client_visits_last_visit_date, revenue_client_visits.previous_visit_date AS revenue_client_visits_previous_visit_date, revenue_client_visits.services AS revenue_client_visits_services, revenue_client_visits.master AS revenue_client_visits_master, revenue_client_visits.amount AS revenue_client_visits_amount, revenue_client_visits.visit_status AS revenue_client_visits_visit_status, revenue_client_visits.raw_data AS revenue_client_visits_raw_data, revenue_client_visits.created_at AS revenue_client_visits_created_at, revenue_client_visits.updated_at AS revenue_client_visits_updated_at 
FROM revenue_client_visits 
WHERE revenue_client_visits.altegio_record_id = %(altegio_record_id_1)s::INTEGER 
 LIMIT %(param_1)s::INTEGER
2026-08-01 12:19:56,629 INFO sqlalchemy.engine.Engine [cached since 0.6376s ago] {'altegio_record_id_1': 616541381, 'param_1': 1}
2026-08-01 12:19:56,630 INFO sqlalchemy.engine.Engine SELECT revenue_client_visits.id AS revenue_client_visits_id, revenue_client_visits.revenue_client_id AS revenue_client_visits_revenue_client_id, revenue_client_visits.altegio_record_id AS revenue_client_visits_altegio_record_id, revenue_client_visits.last_visit_date AS revenue_client_visits_last_visit_date, revenue_client_visits.previous_visit_date AS revenue_client_visits_previous_visit_date, revenue_client_visits.services AS revenue_client_visits_services, revenue_client_visits.master AS revenue_client_visits_master, revenue_client_visits.amount AS revenue_client_visits_amount, revenue_client_visits.visit_status AS revenue_client_visits_visit_status, revenue_client_visits.raw_data AS revenue_client_visits_raw_data, revenue_client_visits.created_at AS revenue_client_visits_created_at, revenue_client_visits.updated_at AS revenue_client_visits_updated_at 
FROM revenue_client_visits 
WHERE revenue_client_visits.altegio_record_id = %(altegio_record_id_1)s::INTEGER 
 LIMIT %(param_1)s::INTEGER
2026-08-01 12:19:56,630 INFO sqlalchemy.engine.Engine [cached since 0.6387s ago] {'altegio_record_id_1': 613323546, 'param_1': 1}
2026-08-01 12:19:56,631 INFO sqlalchemy.engine.Engine SELECT revenue_client_visits.id AS revenue_client_visits_id, revenue_client_visits.revenue_client_id AS revenue_client_visits_revenue_client_id, revenue_client_visits.altegio_record_id AS revenue_client_visits_altegio_record_id, revenue_client_visits.last_visit_date AS revenue_client_visits_last_visit_date, revenue_client_visits.previous_visit_date AS revenue_client_visits_previous_visit_date, revenue_client_visits.services AS revenue_client_visits_services, revenue_client_visits.master AS revenue_client_visits_master, revenue_client_visits.amount AS revenue_client_visits_amount, revenue_client_visits.visit_status AS revenue_client_visits_visit_status, revenue_client_visits.raw_data AS revenue_client_visits_raw_data, revenue_client_visits.created_at AS revenue_client_visits_created_at, revenue_client_visits.updated_at AS revenue_client_visits_updated_at 
FROM revenue_client_visits 
WHERE revenue_client_visits.revenue_client_id = %(revenue_client_id_1)s::INTEGER ORDER BY revenue_client_visits.last_visit_date ASC, revenue_client_visits.id ASC
2026-08-01 12:19:56,631 INFO sqlalchemy.engine.Engine [cached since 0.6311s ago] {'revenue_client_id_1': 5}
2026-08-01 12:19:56,812 INFO sqlalchemy.engine.Engine SELECT revenue_client_visits.id AS revenue_client_visits_id, revenue_client_visits.revenue_client_id AS revenue_client_visits_revenue_client_id, revenue_client_visits.altegio_record_id AS revenue_client_visits_altegio_record_id, revenue_client_visits.last_visit_date AS revenue_client_visits_last_visit_date, revenue_client_visits.previous_visit_date AS revenue_client_visits_previous_visit_date, revenue_client_visits.services AS revenue_client_visits_services, revenue_client_visits.master AS revenue_client_visits_master, revenue_client_visits.amount AS revenue_client_visits_amount, revenue_client_visits.visit_status AS revenue_client_visits_visit_status, revenue_client_visits.raw_data AS revenue_client_visits_raw_data, revenue_client_visits.created_at AS revenue_client_visits_created_at, revenue_client_visits.updated_at AS revenue_client_visits_updated_at 
FROM revenue_client_visits 
WHERE revenue_client_visits.altegio_record_id = %(altegio_record_id_1)s::INTEGER 
 LIMIT %(param_1)s::INTEGER
2026-08-01 12:19:56,812 INFO sqlalchemy.engine.Engine [cached since 0.8208s ago] {'altegio_record_id_1': 610238549, 'param_1': 1}
2026-08-01 12:19:56,814 INFO sqlalchemy.engine.Engine SELECT revenue_client_visits.id AS revenue_client_visits_id, revenue_client_visits.revenue_client_id AS revenue_client_visits_revenue_client_id, revenue_client_visits.altegio_record_id AS revenue_client_visits_altegio_record_id, revenue_client_visits.last_visit_date AS revenue_client_visits_last_visit_date, revenue_client_visits.previous_visit_date AS revenue_client_visits_previous_visit_date, revenue_client_visits.services AS revenue_client_visits_services, revenue_client_visits.master AS revenue_client_visits_master, revenue_client_visits.amount AS revenue_client_visits_amount, revenue_client_visits.visit_status AS revenue_client_visits_visit_status, revenue_client_visits.raw_data AS revenue_client_visits_raw_data, revenue_client_visits.created_at AS revenue_client_visits_created_at, revenue_client_visits.updated_at AS revenue_client_visits_updated_at 
FROM revenue_client_visits 
WHERE revenue_client_visits.altegio_record_id = %(altegio_record_id_1)s::INTEGER 
 LIMIT %(param_1)s::INTEGER
2026-08-01 12:19:56,814 INFO sqlalchemy.engine.Engine [cached since 0.8224s ago] {'altegio_record_id_1': 610237480, 'param_1': 1}
2026-08-01 12:19:56,815 INFO sqlalchemy.engine.Engine SELECT revenue_client_visits.id AS revenue_client_visits_id, revenue_client_visits.revenue_client_id AS revenue_client_visits_revenue_client_id, revenue_client_visits.altegio_record_id AS revenue_client_visits_altegio_record_id, revenue_client_visits.last_visit_date AS revenue_client_visits_last_visit_date, revenue_client_visits.previous_visit_date AS revenue_client_visits_previous_visit_date, revenue_client_visits.services AS revenue_client_visits_services, revenue_client_visits.master AS revenue_client_visits_master, revenue_client_visits.amount AS revenue_client_visits_amount, revenue_client_visits.visit_status AS revenue_client_visits_visit_status, revenue_client_visits.raw_data AS revenue_client_visits_raw_data, revenue_client_visits.created_at AS revenue_client_visits_created_at, revenue_client_visits.updated_at AS revenue_client_visits_updated_at 
FROM revenue_client_visits 
WHERE revenue_client_visits.altegio_record_id = %(altegio_record_id_1)s::INTEGER 
 LIMIT %(param_1)s::INTEGER
2026-08-01 12:19:56,815 INFO sqlalchemy.engine.Engine [cached since 0.8237s ago] {'altegio_record_id_1': 609463222, 'param_1': 1}
2026-08-01 12:19:56,817 INFO sqlalchemy.engine.Engine SELECT revenue_client_visits.id AS revenue_client_visits_id, revenue_client_visits.revenue_client_id AS revenue_client_visits_revenue_client_id, revenue_client_visits.altegio_record_id AS revenue_client_visits_altegio_record_id, revenue_client_visits.last_visit_date AS revenue_client_visits_last_visit_date, revenue_client_visits.previous_visit_date AS revenue_client_visits_previous_visit_date, revenue_client_visits.services AS revenue_client_visits_services, revenue_client_visits.master AS revenue_client_visits_master, revenue_client_visits.amount AS revenue_client_visits_amount, revenue_client_visits.visit_status AS revenue_client_visits_visit_status, revenue_client_visits.raw_data AS revenue_client_visits_raw_data, revenue_client_visits.created_at AS revenue_client_visits_created_at, revenue_client_visits.updated_at AS revenue_client_visits_updated_at 
FROM revenue_client_visits 
WHERE revenue_client_visits.revenue_client_id = %(revenue_client_id_1)s::INTEGER ORDER BY revenue_client_visits.last_visit_date ASC, revenue_client_visits.id ASC
2026-08-01 12:19:56,817 INFO sqlalchemy.engine.Engine [cached since 0.8167s ago] {'revenue_client_id_1': 6}
2026-08-01 12:19:56,982 INFO sqlalchemy.engine.Engine SELECT revenue_client_visits.id AS revenue_client_visits_id, revenue_client_visits.revenue_client_id AS revenue_client_visits_revenue_client_id, revenue_client_visits.altegio_record_id AS revenue_client_visits_altegio_record_id, revenue_client_visits.last_visit_date AS revenue_client_visits_last_visit_date, revenue_client_visits.previous_visit_date AS revenue_client_visits_previous_visit_date, revenue_client_visits.services AS revenue_client_visits_services, revenue_client_visits.master AS revenue_client_visits_master, revenue_client_visits.amount AS revenue_client_visits_amount, revenue_client_visits.visit_status AS revenue_client_visits_visit_status, revenue_client_visits.raw_data AS revenue_client_visits_raw_data, revenue_client_visits.created_at AS revenue_client_visits_created_at, revenue_client_visits.updated_at AS revenue_client_visits_updated_at 
FROM revenue_client_visits 
WHERE revenue_client_visits.altegio_record_id = %(altegio_record_id_1)s::INTEGER 
 LIMIT %(param_1)s::INTEGER
2026-08-01 12:19:56,982 INFO sqlalchemy.engine.Engine [cached since 0.9909s ago] {'altegio_record_id_1': 621800497, 'param_1': 1}
2026-08-01 12:19:56,984 INFO sqlalchemy.engine.Engine SELECT revenue_client_visits.id AS revenue_client_visits_id, revenue_client_visits.revenue_client_id AS revenue_client_visits_revenue_client_id, revenue_client_visits.altegio_record_id AS revenue_client_visits_altegio_record_id, revenue_client_visits.last_visit_date AS revenue_client_visits_last_visit_date, revenue_client_visits.previous_visit_date AS revenue_client_visits_previous_visit_date, revenue_client_visits.services AS revenue_client_visits_services, revenue_client_visits.master AS revenue_client_visits_master, revenue_client_visits.amount AS revenue_client_visits_amount, revenue_client_visits.visit_status AS revenue_client_visits_visit_status, revenue_client_visits.raw_data AS revenue_client_visits_raw_data, revenue_client_visits.created_at AS revenue_client_visits_created_at, revenue_client_visits.updated_at AS revenue_client_visits_updated_at 
FROM revenue_client_visits 
WHERE revenue_client_visits.altegio_record_id = %(altegio_record_id_1)s::INTEGER 
 LIMIT %(param_1)s::INTEGER
2026-08-01 12:19:56,984 INFO sqlalchemy.engine.Engine [cached since 0.9924s ago] {'altegio_record_id_1': 608468904, 'param_1': 1}
2026-08-01 12:19:56,985 INFO sqlalchemy.engine.Engine SELECT revenue_client_visits.id AS revenue_client_visits_id, revenue_client_visits.revenue_client_id AS revenue_client_visits_revenue_client_id, revenue_client_visits.altegio_record_id AS revenue_client_visits_altegio_record_id, revenue_client_visits.last_visit_date AS revenue_client_visits_last_visit_date, revenue_client_visits.previous_visit_date AS revenue_client_visits_previous_visit_date, revenue_client_visits.services AS revenue_client_visits_services, revenue_client_visits.master AS revenue_client_visits_master, revenue_client_visits.amount AS revenue_client_visits_amount, revenue_client_visits.visit_status AS revenue_client_visits_visit_status, revenue_client_visits.raw_data AS revenue_client_visits_raw_data, revenue_client_visits.created_at AS revenue_client_visits_created_at, revenue_client_visits.updated_at AS revenue_client_visits_updated_at 
FROM revenue_client_visits 
WHERE revenue_client_visits.revenue_client_id = %(revenue_client_id_1)s::INTEGER ORDER BY revenue_client_visits.last_visit_date ASC, revenue_client_visits.id ASC
2026-08-01 12:19:56,985 INFO sqlalchemy.engine.Engine [cached since 0.9849s ago] {'revenue_client_id_1': 32}
2026-08-01 12:19:57,213 INFO sqlalchemy.engine.Engine SELECT revenue_client_visits.id AS revenue_client_visits_id, revenue_client_visits.revenue_client_id AS revenue_client_visits_revenue_client_id, revenue_client_visits.altegio_record_id AS revenue_client_visits_altegio_record_id, revenue_client_visits.last_visit_date AS revenue_client_visits_last_visit_date, revenue_client_visits.previous_visit_date AS revenue_client_visits_previous_visit_date, revenue_client_visits.services AS revenue_client_visits_services, revenue_client_visits.master AS revenue_client_visits_master, revenue_client_visits.amount AS revenue_client_visits_amount, revenue_client_visits.visit_status AS revenue_client_visits_visit_status, revenue_client_visits.raw_data AS revenue_client_visits_raw_data, revenue_client_visits.created_at AS revenue_client_visits_created_at, revenue_client_visits.updated_at AS revenue_client_visits_updated_at 
FROM revenue_client_visits 
WHERE revenue_client_visits.altegio_record_id = %(altegio_record_id_1)s::INTEGER 
 LIMIT %(param_1)s::INTEGER
2026-08-01 12:19:57,213 INFO sqlalchemy.engine.Engine [cached since 1.222s ago] {'altegio_record_id_1': 654693271, 'param_1': 1}
2026-08-01 12:19:57,214 INFO sqlalchemy.engine.Engine SELECT revenue_client_visits.id AS revenue_client_visits_id, revenue_client_visits.revenue_client_id AS revenue_client_visits_revenue_client_id, revenue_client_visits.altegio_record_id AS revenue_client_visits_altegio_record_id, revenue_client_visits.last_visit_date AS revenue_client_visits_last_visit_date, revenue_client_visits.previous_visit_date AS revenue_client_visits_previous_visit_date, revenue_client_visits.services AS revenue_client_visits_services, revenue_client_visits.master AS revenue_client_visits_master, revenue_client_visits.amount AS revenue_client_visits_amount, revenue_client_visits.visit_status AS revenue_client_visits_visit_status, revenue_client_visits.raw_data AS revenue_client_visits_raw_data, revenue_client_visits.created_at AS revenue_client_visits_created_at, revenue_client_visits.updated_at AS revenue_client_visits_updated_at 
FROM revenue_client_visits 
WHERE revenue_client_visits.altegio_record_id = %(altegio_record_id_1)s::INTEGER 
 LIMIT %(param_1)s::INTEGER
2026-08-01 12:19:57,214 INFO sqlalchemy.engine.Engine [cached since 1.223s ago] {'altegio_record_id_1': 638385065, 'param_1': 1}
2026-08-01 12:19:57,215 INFO sqlalchemy.engine.Engine SELECT revenue_client_visits.id AS revenue_client_visits_id, revenue_client_visits.revenue_client_id AS revenue_client_visits_revenue_client_id, revenue_client_visits.altegio_record_id AS revenue_client_visits_altegio_record_id, revenue_client_visits.last_visit_date AS revenue_client_visits_last_visit_date, revenue_client_visits.previous_visit_date AS revenue_client_visits_previous_visit_date, revenue_client_visits.services AS revenue_client_visits_services, revenue_client_visits.master AS revenue_client_visits_master, revenue_client_visits.amount AS revenue_client_visits_amount, revenue_client_visits.visit_status AS revenue_client_visits_visit_status, revenue_client_visits.raw_data AS revenue_client_visits_raw_data, revenue_client_visits.created_at AS revenue_client_visits_created_at, revenue_client_visits.updated_at AS revenue_client_visits_updated_at 
FROM revenue_client_visits 
WHERE revenue_client_visits.altegio_record_id = %(altegio_record_id_1)s::INTEGER 
 LIMIT %(param_1)s::INTEGER
2026-08-01 12:19:57,215 INFO sqlalchemy.engine.Engine [cached since 1.224s ago] {'altegio_record_id_1': 630064102, 'param_1': 1}
2026-08-01 12:19:57,216 INFO sqlalchemy.engine.Engine SELECT revenue_client_visits.id AS revenue_client_visits_id, revenue_client_visits.revenue_client_id AS revenue_client_visits_revenue_client_id, revenue_client_visits.altegio_record_id AS revenue_client_visits_altegio_record_id, revenue_client_visits.last_visit_date AS revenue_client_visits_last_visit_date, revenue_client_visits.previous_visit_date AS revenue_client_visits_previous_visit_date, revenue_client_visits.services AS revenue_client_visits_services, revenue_client_visits.master AS revenue_client_visits_master, revenue_client_visits.amount AS revenue_client_visits_amount, revenue_client_visits.visit_status AS revenue_client_visits_visit_status, revenue_client_visits.raw_data AS revenue_client_visits_raw_data, revenue_client_visits.created_at AS revenue_client_visits_created_at, revenue_client_visits.updated_at AS revenue_client_visits_updated_at 
FROM revenue_client_visits 
WHERE revenue_client_visits.altegio_record_id = %(altegio_record_id_1)s::INTEGER 
 LIMIT %(param_1)s::INTEGER
2026-08-01 12:19:57,216 INFO sqlalchemy.engine.Engine [cached since 1.224s ago] {'altegio_record_id_1': 623887831, 'param_1': 1}
2026-08-01 12:19:57,217 INFO sqlalchemy.engine.Engine SELECT revenue_client_visits.id AS revenue_client_visits_id, revenue_client_visits.revenue_client_id AS revenue_client_visits_revenue_client_id, revenue_client_visits.altegio_record_id AS revenue_client_visits_altegio_record_id, revenue_client_visits.last_visit_date AS revenue_client_visits_last_visit_date, revenue_client_visits.previous_visit_date AS revenue_client_visits_previous_visit_date, revenue_client_visits.services AS revenue_client_visits_services, revenue_client_visits.master AS revenue_client_visits_master, revenue_client_visits.amount AS revenue_client_visits_amount, revenue_client_visits.visit_status AS revenue_client_visits_visit_status, revenue_client_visits.raw_data AS revenue_client_visits_raw_data, revenue_client_visits.created_at AS revenue_client_visits_created_at, revenue_client_visits.updated_at AS revenue_client_visits_updated_at 
FROM revenue_client_visits 
WHERE revenue_client_visits.altegio_record_id = %(altegio_record_id_1)s::INTEGER 
 LIMIT %(param_1)s::INTEGER
2026-08-01 12:19:57,217 INFO sqlalchemy.engine.Engine [cached since 1.225s ago] {'altegio_record_id_1': 626689152, 'param_1': 1}
2026-08-01 12:19:57,217 INFO sqlalchemy.engine.Engine SELECT revenue_client_visits.id AS revenue_client_visits_id, revenue_client_visits.revenue_client_id AS revenue_client_visits_revenue_client_id, revenue_client_visits.altegio_record_id AS revenue_client_visits_altegio_record_id, revenue_client_visits.last_visit_date AS revenue_client_visits_last_visit_date, revenue_client_visits.previous_visit_date AS revenue_client_visits_previous_visit_date, revenue_client_visits.services AS revenue_client_visits_services, revenue_client_visits.master AS revenue_client_visits_master, revenue_client_visits.amount AS revenue_client_visits_amount, revenue_client_visits.visit_status AS revenue_client_visits_visit_status, revenue_client_visits.raw_data AS revenue_client_visits_raw_data, revenue_client_visits.created_at AS revenue_client_visits_created_at, revenue_client_visits.updated_at AS revenue_client_visits_updated_at 
FROM revenue_client_visits 
WHERE revenue_client_visits.altegio_record_id = %(altegio_record_id_1)s::INTEGER 
 LIMIT %(param_1)s::INTEGER
2026-08-01 12:19:57,217 INFO sqlalchemy.engine.Engine [cached since 1.226s ago] {'altegio_record_id_1': 623450746, 'param_1': 1}
2026-08-01 12:19:57,218 INFO sqlalchemy.engine.Engine SELECT revenue_client_visits.id AS revenue_client_visits_id, revenue_client_visits.revenue_client_id AS revenue_client_visits_revenue_client_id, revenue_client_visits.altegio_record_id AS revenue_client_visits_altegio_record_id, revenue_client_visits.last_visit_date AS revenue_client_visits_last_visit_date, revenue_client_visits.previous_visit_date AS revenue_client_visits_previous_visit_date, revenue_client_visits.services AS revenue_client_visits_services, revenue_client_visits.master AS revenue_client_visits_master, revenue_client_visits.amount AS revenue_client_visits_amount, revenue_client_visits.visit_status AS revenue_client_visits_visit_status, revenue_client_visits.raw_data AS revenue_client_visits_raw_data, revenue_client_visits.created_at AS revenue_client_visits_created_at, revenue_client_visits.updated_at AS revenue_client_visits_updated_at 
FROM revenue_client_visits 
WHERE revenue_client_visits.altegio_record_id = %(altegio_record_id_1)s::INTEGER 
 LIMIT %(param_1)s::INTEGER
2026-08-01 12:19:57,218 INFO sqlalchemy.engine.Engine [cached since 1.227s ago] {'altegio_record_id_1': 622525846, 'param_1': 1}
2026-08-01 12:19:57,219 INFO sqlalchemy.engine.Engine SELECT revenue_client_visits.id AS revenue_client_visits_id, revenue_client_visits.revenue_client_id AS revenue_client_visits_revenue_client_id, revenue_client_visits.altegio_record_id AS revenue_client_visits_altegio_record_id, revenue_client_visits.last_visit_date AS revenue_client_visits_last_visit_date, revenue_client_visits.previous_visit_date AS revenue_client_visits_previous_visit_date, revenue_client_visits.services AS revenue_client_visits_services, revenue_client_visits.master AS revenue_client_visits_master, revenue_client_visits.amount AS revenue_client_visits_amount, revenue_client_visits.visit_status AS revenue_client_visits_visit_status, revenue_client_visits.raw_data AS revenue_client_visits_raw_data, revenue_client_visits.created_at AS revenue_client_visits_created_at, revenue_client_visits.updated_at AS revenue_client_visits_updated_at 
FROM revenue_client_visits 
WHERE revenue_client_visits.altegio_record_id = %(altegio_record_id_1)s::INTEGER 
 LIMIT %(param_1)s::INTEGER
2026-08-01 12:19:57,219 INFO sqlalchemy.engine.Engine [cached since 1.228s ago] {'altegio_record_id_1': 616749303, 'param_1': 1}
2026-08-01 12:19:57,220 INFO sqlalchemy.engine.Engine SELECT revenue_client_visits.id AS revenue_client_visits_id, revenue_client_visits.revenue_client_id AS revenue_client_visits_revenue_client_id, revenue_client_visits.altegio_record_id AS revenue_client_visits_altegio_record_id, revenue_client_visits.last_visit_date AS revenue_client_visits_last_visit_date, revenue_client_visits.previous_visit_date AS revenue_client_visits_previous_visit_date, revenue_client_visits.services AS revenue_client_visits_services, revenue_client_visits.master AS revenue_client_visits_master, revenue_client_visits.amount AS revenue_client_visits_amount, revenue_client_visits.visit_status AS revenue_client_visits_visit_status, revenue_client_visits.raw_data AS revenue_client_visits_raw_data, revenue_client_visits.created_at AS revenue_client_visits_created_at, revenue_client_visits.updated_at AS revenue_client_visits_updated_at 
FROM revenue_client_visits 
WHERE revenue_client_visits.altegio_record_id = %(altegio_record_id_1)s::INTEGER 
 LIMIT %(param_1)s::INTEGER
2026-08-01 12:19:57,220 INFO sqlalchemy.engine.Engine [cached since 1.228s ago] {'altegio_record_id_1': 616616453, 'param_1': 1}
2026-08-01 12:19:57,221 INFO sqlalchemy.engine.Engine SELECT revenue_client_visits.id AS revenue_client_visits_id, revenue_client_visits.revenue_client_id AS revenue_client_visits_revenue_client_id, revenue_client_visits.altegio_record_id AS revenue_client_visits_altegio_record_id, revenue_client_visits.last_visit_date AS revenue_client_visits_last_visit_date, revenue_client_visits.previous_visit_date AS revenue_client_visits_previous_visit_date, revenue_client_visits.services AS revenue_client_visits_services, revenue_client_visits.master AS revenue_client_visits_master, revenue_client_visits.amount AS revenue_client_visits_amount, revenue_client_visits.visit_status AS revenue_client_visits_visit_status, revenue_client_visits.raw_data AS revenue_client_visits_raw_data, revenue_client_visits.created_at AS revenue_client_visits_created_at, revenue_client_visits.updated_at AS revenue_client_visits_updated_at 
FROM revenue_client_visits 
WHERE revenue_client_visits.altegio_record_id = %(altegio_record_id_1)s::INTEGER 
 LIMIT %(param_1)s::INTEGER
2026-08-01 12:19:57,221 INFO sqlalchemy.engine.Engine [cached since 1.229s ago] {'altegio_record_id_1': 603672435, 'param_1': 1}
2026-08-01 12:19:57,221 INFO sqlalchemy.engine.Engine SELECT revenue_client_visits.id AS revenue_client_visits_id, revenue_client_visits.revenue_client_id AS revenue_client_visits_revenue_client_id, revenue_client_visits.altegio_record_id AS revenue_client_visits_altegio_record_id, revenue_client_visits.last_visit_date AS revenue_client_visits_last_visit_date, revenue_client_visits.previous_visit_date AS revenue_client_visits_previous_visit_date, revenue_client_visits.services AS revenue_client_visits_services, revenue_client_visits.master AS revenue_client_visits_master, revenue_client_visits.amount AS revenue_client_visits_amount, revenue_client_visits.visit_status AS revenue_client_visits_visit_status, revenue_client_visits.raw_data AS revenue_client_visits_raw_data, revenue_client_visits.created_at AS revenue_client_visits_created_at, revenue_client_visits.updated_at AS revenue_client_visits_updated_at 
FROM revenue_client_visits 
WHERE revenue_client_visits.revenue_client_id = %(revenue_client_id_1)s::INTEGER ORDER BY revenue_client_visits.last_visit_date ASC, revenue_client_visits.id ASC
2026-08-01 12:19:57,221 INFO sqlalchemy.engine.Engine [cached since 1.221s ago] {'revenue_client_id_1': 7}
2026-08-01 12:19:57,689 INFO sqlalchemy.engine.Engine SELECT revenue_client_visits.id AS revenue_client_visits_id, revenue_client_visits.revenue_client_id AS revenue_client_visits_revenue_client_id, revenue_client_visits.altegio_record_id AS revenue_client_visits_altegio_record_id, revenue_client_visits.last_visit_date AS revenue_client_visits_last_visit_date, revenue_client_visits.previous_visit_date AS revenue_client_visits_previous_visit_date, revenue_client_visits.services AS revenue_client_visits_services, revenue_client_visits.master AS revenue_client_visits_master, revenue_client_visits.amount AS revenue_client_visits_amount, revenue_client_visits.visit_status AS revenue_client_visits_visit_status, revenue_client_visits.raw_data AS revenue_client_visits_raw_data, revenue_client_visits.created_at AS revenue_client_visits_created_at, revenue_client_visits.updated_at AS revenue_client_visits_updated_at 
FROM revenue_client_visits 
WHERE revenue_client_visits.altegio_record_id = %(altegio_record_id_1)s::INTEGER 
 LIMIT %(param_1)s::INTEGER
2026-08-01 12:19:57,689 INFO sqlalchemy.engine.Engine [cached since 1.698s ago] {'altegio_record_id_1': 604369595, 'param_1': 1}
2026-08-01 12:19:57,690 INFO sqlalchemy.engine.Engine SELECT revenue_client_visits.id AS revenue_client_visits_id, revenue_client_visits.revenue_client_id AS revenue_client_visits_revenue_client_id, revenue_client_visits.altegio_record_id AS revenue_client_visits_altegio_record_id, revenue_client_visits.last_visit_date AS revenue_client_visits_last_visit_date, revenue_client_visits.previous_visit_date AS revenue_client_visits_previous_visit_date, revenue_client_visits.services AS revenue_client_visits_services, revenue_client_visits.master AS revenue_client_visits_master, revenue_client_visits.amount AS revenue_client_visits_amount, revenue_client_visits.visit_status AS revenue_client_visits_visit_status, revenue_client_visits.raw_data AS revenue_client_visits_raw_data, revenue_client_visits.created_at AS revenue_client_visits_created_at, revenue_client_visits.updated_at AS revenue_client_visits_updated_at 
FROM revenue_client_visits 
WHERE revenue_client_visits.revenue_client_id = %(revenue_client_id_1)s::INTEGER ORDER BY revenue_client_visits.last_visit_date ASC, revenue_client_visits.id ASC
2026-08-01 12:19:57,690 INFO sqlalchemy.engine.Engine [cached since 1.69s ago] {'revenue_client_id_1': 8}
2026-08-01 12:19:57,855 INFO sqlalchemy.engine.Engine SELECT revenue_client_visits.id AS revenue_client_visits_id, revenue_client_visits.revenue_client_id AS revenue_client_visits_revenue_client_id, revenue_client_visits.altegio_record_id AS revenue_client_visits_altegio_record_id, revenue_client_visits.last_visit_date AS revenue_client_visits_last_visit_date, revenue_client_visits.previous_visit_date AS revenue_client_visits_previous_visit_date, revenue_client_visits.services AS revenue_client_visits_services, revenue_client_visits.master AS revenue_client_visits_master, revenue_client_visits.amount AS revenue_client_visits_amount, revenue_client_visits.visit_status AS revenue_client_visits_visit_status, revenue_client_visits.raw_data AS revenue_client_visits_raw_data, revenue_client_visits.created_at AS revenue_client_visits_created_at, revenue_client_visits.updated_at AS revenue_client_visits_updated_at 
FROM revenue_client_visits 
WHERE revenue_client_visits.altegio_record_id = %(altegio_record_id_1)s::INTEGER 
 LIMIT %(param_1)s::INTEGER
2026-08-01 12:19:57,855 INFO sqlalchemy.engine.Engine [cached since 1.863s ago] {'altegio_record_id_1': 604582064, 'param_1': 1}
2026-08-01 12:19:57,856 INFO sqlalchemy.engine.Engine SELECT revenue_client_visits.id AS revenue_client_visits_id, revenue_client_visits.revenue_client_id AS revenue_client_visits_revenue_client_id, revenue_client_visits.altegio_record_id AS revenue_client_visits_altegio_record_id, revenue_client_visits.last_visit_date AS revenue_client_visits_last_visit_date, revenue_client_visits.previous_visit_date AS revenue_client_visits_previous_visit_date, revenue_client_visits.services AS revenue_client_visits_services, revenue_client_visits.master AS revenue_client_visits_master, revenue_client_visits.amount AS revenue_client_visits_amount, revenue_client_visits.visit_status AS revenue_client_visits_visit_status, revenue_client_visits.raw_data AS revenue_client_visits_raw_data, revenue_client_visits.created_at AS revenue_client_visits_created_at, revenue_client_visits.updated_at AS revenue_client_visits_updated_at 
FROM revenue_client_visits 
WHERE revenue_client_visits.revenue_client_id = %(revenue_client_id_1)s::INTEGER ORDER BY revenue_client_visits.last_visit_date ASC, revenue_client_visits.id ASC
2026-08-01 12:19:57,856 INFO sqlalchemy.engine.Engine [cached since 1.856s ago] {'revenue_client_id_1': 9}
2026-08-01 12:19:58,017 INFO sqlalchemy.engine.Engine SELECT revenue_client_visits.id AS revenue_client_visits_id, revenue_client_visits.revenue_client_id AS revenue_client_visits_revenue_client_id, revenue_client_visits.altegio_record_id AS revenue_client_visits_altegio_record_id, revenue_client_visits.last_visit_date AS revenue_client_visits_last_visit_date, revenue_client_visits.previous_visit_date AS revenue_client_visits_previous_visit_date, revenue_client_visits.services AS revenue_client_visits_services, revenue_client_visits.master AS revenue_client_visits_master, revenue_client_visits.amount AS revenue_client_visits_amount, revenue_client_visits.visit_status AS revenue_client_visits_visit_status, revenue_client_visits.raw_data AS revenue_client_visits_raw_data, revenue_client_visits.created_at AS revenue_client_visits_created_at, revenue_client_visits.updated_at AS revenue_client_visits_updated_at 
FROM revenue_client_visits 
WHERE revenue_client_visits.altegio_record_id = %(altegio_record_id_1)s::INTEGER 
 LIMIT %(param_1)s::INTEGER
2026-08-01 12:19:58,017 INFO sqlalchemy.engine.Engine [cached since 2.026s ago] {'altegio_record_id_1': 604690454, 'param_1': 1}
2026-08-01 12:19:58,018 INFO sqlalchemy.engine.Engine SELECT revenue_client_visits.id AS revenue_client_visits_id, revenue_client_visits.revenue_client_id AS revenue_client_visits_revenue_client_id, revenue_client_visits.altegio_record_id AS revenue_client_visits_altegio_record_id, revenue_client_visits.last_visit_date AS revenue_client_visits_last_visit_date, revenue_client_visits.previous_visit_date AS revenue_client_visits_previous_visit_date, revenue_client_visits.services AS revenue_client_visits_services, revenue_client_visits.master AS revenue_client_visits_master, revenue_client_visits.amount AS revenue_client_visits_amount, revenue_client_visits.visit_status AS revenue_client_visits_visit_status, revenue_client_visits.raw_data AS revenue_client_visits_raw_data, revenue_client_visits.created_at AS revenue_client_visits_created_at, revenue_client_visits.updated_at AS revenue_client_visits_updated_at 
FROM revenue_client_visits 
WHERE revenue_client_visits.altegio_record_id = %(altegio_record_id_1)s::INTEGER 
 LIMIT %(param_1)s::INTEGER
2026-08-01 12:19:58,018 INFO sqlalchemy.engine.Engine [cached since 2.027s ago] {'altegio_record_id_1': 604689835, 'param_1': 1}
2026-08-01 12:19:58,019 INFO sqlalchemy.engine.Engine SELECT revenue_client_visits.id AS revenue_client_visits_id, revenue_client_visits.revenue_client_id AS revenue_client_visits_revenue_client_id, revenue_client_visits.altegio_record_id AS revenue_client_visits_altegio_record_id, revenue_client_visits.last_visit_date AS revenue_client_visits_last_visit_date, revenue_client_visits.previous_visit_date AS revenue_client_visits_previous_visit_date, revenue_client_visits.services AS revenue_client_visits_services, revenue_client_visits.master AS revenue_client_visits_master, revenue_client_visits.amount AS revenue_client_visits_amount, revenue_client_visits.visit_status AS revenue_client_visits_visit_status, revenue_client_visits.raw_data AS revenue_client_visits_raw_data, revenue_client_visits.created_at AS revenue_client_visits_created_at, revenue_client_visits.updated_at AS revenue_client_visits_updated_at 
FROM revenue_client_visits 
WHERE revenue_client_visits.revenue_client_id = %(revenue_client_id_1)s::INTEGER ORDER BY revenue_client_visits.last_visit_date ASC, revenue_client_visits.id ASC
2026-08-01 12:19:58,019 INFO sqlalchemy.engine.Engine [cached since 2.019s ago] {'revenue_client_id_1': 10}
2026-08-01 12:19:58,493 INFO sqlalchemy.engine.Engine SELECT revenue_client_visits.id AS revenue_client_visits_id, revenue_client_visits.revenue_client_id AS revenue_client_visits_revenue_client_id, revenue_client_visits.altegio_record_id AS revenue_client_visits_altegio_record_id, revenue_client_visits.last_visit_date AS revenue_client_visits_last_visit_date, revenue_client_visits.previous_visit_date AS revenue_client_visits_previous_visit_date, revenue_client_visits.services AS revenue_client_visits_services, revenue_client_visits.master AS revenue_client_visits_master, revenue_client_visits.amount AS revenue_client_visits_amount, revenue_client_visits.visit_status AS revenue_client_visits_visit_status, revenue_client_visits.raw_data AS revenue_client_visits_raw_data, revenue_client_visits.created_at AS revenue_client_visits_created_at, revenue_client_visits.updated_at AS revenue_client_visits_updated_at 
FROM revenue_client_visits 
WHERE revenue_client_visits.altegio_record_id = %(altegio_record_id_1)s::INTEGER 
 LIMIT %(param_1)s::INTEGER
2026-08-01 12:19:58,493 INFO sqlalchemy.engine.Engine [cached since 2.501s ago] {'altegio_record_id_1': 663466693, 'param_1': 1}
2026-08-01 12:19:58,494 INFO sqlalchemy.engine.Engine SELECT revenue_client_visits.id AS revenue_client_visits_id, revenue_client_visits.revenue_client_id AS revenue_client_visits_revenue_client_id, revenue_client_visits.altegio_record_id AS revenue_client_visits_altegio_record_id, revenue_client_visits.last_visit_date AS revenue_client_visits_last_visit_date, revenue_client_visits.previous_visit_date AS revenue_client_visits_previous_visit_date, revenue_client_visits.services AS revenue_client_visits_services, revenue_client_visits.master AS revenue_client_visits_master, revenue_client_visits.amount AS revenue_client_visits_amount, revenue_client_visits.visit_status AS revenue_client_visits_visit_status, revenue_client_visits.raw_data AS revenue_client_visits_raw_data, revenue_client_visits.created_at AS revenue_client_visits_created_at, revenue_client_visits.updated_at AS revenue_client_visits_updated_at 
FROM revenue_client_visits 
WHERE revenue_client_visits.altegio_record_id = %(altegio_record_id_1)s::INTEGER 
 LIMIT %(param_1)s::INTEGER
2026-08-01 12:19:58,494 INFO sqlalchemy.engine.Engine [cached since 2.503s ago] {'altegio_record_id_1': 646823361, 'param_1': 1}
2026-08-01 12:19:58,496 INFO sqlalchemy.engine.Engine SELECT revenue_client_visits.id AS revenue_client_visits_id, revenue_client_visits.revenue_client_id AS revenue_client_visits_revenue_client_id, revenue_client_visits.altegio_record_id AS revenue_client_visits_altegio_record_id, revenue_client_visits.last_visit_date AS revenue_client_visits_last_visit_date, revenue_client_visits.previous_visit_date AS revenue_client_visits_previous_visit_date, revenue_client_visits.services AS revenue_client_visits_services, revenue_client_visits.master AS revenue_client_visits_master, revenue_client_visits.amount AS revenue_client_visits_amount, revenue_client_visits.visit_status AS revenue_client_visits_visit_status, revenue_client_visits.raw_data AS revenue_client_visits_raw_data, revenue_client_visits.created_at AS revenue_client_visits_created_at, revenue_client_visits.updated_at AS revenue_client_visits_updated_at 
FROM revenue_client_visits 
WHERE revenue_client_visits.altegio_record_id = %(altegio_record_id_1)s::INTEGER 
 LIMIT %(param_1)s::INTEGER
2026-08-01 12:19:58,496 INFO sqlalchemy.engine.Engine [cached since 2.504s ago] {'altegio_record_id_1': 628023943, 'param_1': 1}
2026-08-01 12:19:58,497 INFO sqlalchemy.engine.Engine SELECT revenue_client_visits.id AS revenue_client_visits_id, revenue_client_visits.revenue_client_id AS revenue_client_visits_revenue_client_id, revenue_client_visits.altegio_record_id AS revenue_client_visits_altegio_record_id, revenue_client_visits.last_visit_date AS revenue_client_visits_last_visit_date, revenue_client_visits.previous_visit_date AS revenue_client_visits_previous_visit_date, revenue_client_visits.services AS revenue_client_visits_services, revenue_client_visits.master AS revenue_client_visits_master, revenue_client_visits.amount AS revenue_client_visits_amount, revenue_client_visits.visit_status AS revenue_client_visits_visit_status, revenue_client_visits.raw_data AS revenue_client_visits_raw_data, revenue_client_visits.created_at AS revenue_client_visits_created_at, revenue_client_visits.updated_at AS revenue_client_visits_updated_at 
FROM revenue_client_visits 
WHERE revenue_client_visits.altegio_record_id = %(altegio_record_id_1)s::INTEGER 
 LIMIT %(param_1)s::INTEGER
2026-08-01 12:19:58,497 INFO sqlalchemy.engine.Engine [cached since 2.506s ago] {'altegio_record_id_1': 623503184, 'param_1': 1}
2026-08-01 12:19:58,498 INFO sqlalchemy.engine.Engine SELECT revenue_client_visits.id AS revenue_client_visits_id, revenue_client_visits.revenue_client_id AS revenue_client_visits_revenue_client_id, revenue_client_visits.altegio_record_id AS revenue_client_visits_altegio_record_id, revenue_client_visits.last_visit_date AS revenue_client_visits_last_visit_date, revenue_client_visits.previous_visit_date AS revenue_client_visits_previous_visit_date, revenue_client_visits.services AS revenue_client_visits_services, revenue_client_visits.master AS revenue_client_visits_master, revenue_client_visits.amount AS revenue_client_visits_amount, revenue_client_visits.visit_status AS revenue_client_visits_visit_status, revenue_client_visits.raw_data AS revenue_client_visits_raw_data, revenue_client_visits.created_at AS revenue_client_visits_created_at, revenue_client_visits.updated_at AS revenue_client_visits_updated_at 
FROM revenue_client_visits 
WHERE revenue_client_visits.altegio_record_id = %(altegio_record_id_1)s::INTEGER 
 LIMIT %(param_1)s::INTEGER
2026-08-01 12:19:58,498 INFO sqlalchemy.engine.Engine [cached since 2.507s ago] {'altegio_record_id_1': 616778356, 'param_1': 1}
2026-08-01 12:19:58,499 INFO sqlalchemy.engine.Engine SELECT revenue_client_visits.id AS revenue_client_visits_id, revenue_client_visits.revenue_client_id AS revenue_client_visits_revenue_client_id, revenue_client_visits.altegio_record_id AS revenue_client_visits_altegio_record_id, revenue_client_visits.last_visit_date AS revenue_client_visits_last_visit_date, revenue_client_visits.previous_visit_date AS revenue_client_visits_previous_visit_date, revenue_client_visits.services AS revenue_client_visits_services, revenue_client_visits.master AS revenue_client_visits_master, revenue_client_visits.amount AS revenue_client_visits_amount, revenue_client_visits.visit_status AS revenue_client_visits_visit_status, revenue_client_visits.raw_data AS revenue_client_visits_raw_data, revenue_client_visits.created_at AS revenue_client_visits_created_at, revenue_client_visits.updated_at AS revenue_client_visits_updated_at 
FROM revenue_client_visits 
WHERE revenue_client_visits.altegio_record_id = %(altegio_record_id_1)s::INTEGER 
 LIMIT %(param_1)s::INTEGER
2026-08-01 12:19:58,499 INFO sqlalchemy.engine.Engine [cached since 2.508s ago] {'altegio_record_id_1': 611770110, 'param_1': 1}
2026-08-01 12:19:58,500 INFO sqlalchemy.engine.Engine SELECT revenue_client_visits.id AS revenue_client_visits_id, revenue_client_visits.revenue_client_id AS revenue_client_visits_revenue_client_id, revenue_client_visits.altegio_record_id AS revenue_client_visits_altegio_record_id, revenue_client_visits.last_visit_date AS revenue_client_visits_last_visit_date, revenue_client_visits.previous_visit_date AS revenue_client_visits_previous_visit_date, revenue_client_visits.services AS revenue_client_visits_services, revenue_client_visits.master AS revenue_client_visits_master, revenue_client_visits.amount AS revenue_client_visits_amount, revenue_client_visits.visit_status AS revenue_client_visits_visit_status, revenue_client_visits.raw_data AS revenue_client_visits_raw_data, revenue_client_visits.created_at AS revenue_client_visits_created_at, revenue_client_visits.updated_at AS revenue_client_visits_updated_at 
FROM revenue_client_visits 
WHERE revenue_client_visits.altegio_record_id = %(altegio_record_id_1)s::INTEGER 
 LIMIT %(param_1)s::INTEGER
2026-08-01 12:19:58,501 INFO sqlalchemy.engine.Engine [cached since 2.509s ago] {'altegio_record_id_1': 605184343, 'param_1': 1}
2026-08-01 12:19:58,501 INFO sqlalchemy.engine.Engine SELECT revenue_client_visits.id AS revenue_client_visits_id, revenue_client_visits.revenue_client_id AS revenue_client_visits_revenue_client_id, revenue_client_visits.altegio_record_id AS revenue_client_visits_altegio_record_id, revenue_client_visits.last_visit_date AS revenue_client_visits_last_visit_date, revenue_client_visits.previous_visit_date AS revenue_client_visits_previous_visit_date, revenue_client_visits.services AS revenue_client_visits_services, revenue_client_visits.master AS revenue_client_visits_master, revenue_client_visits.amount AS revenue_client_visits_amount, revenue_client_visits.visit_status AS revenue_client_visits_visit_status, revenue_client_visits.raw_data AS revenue_client_visits_raw_data, revenue_client_visits.created_at AS revenue_client_visits_created_at, revenue_client_visits.updated_at AS revenue_client_visits_updated_at 
FROM revenue_client_visits 
WHERE revenue_client_visits.revenue_client_id = %(revenue_client_id_1)s::INTEGER ORDER BY revenue_client_visits.last_visit_date ASC, revenue_client_visits.id ASC
2026-08-01 12:19:58,502 INFO sqlalchemy.engine.Engine [cached since 2.501s ago] {'revenue_client_id_1': 13}
2026-08-01 12:19:58,685 INFO sqlalchemy.engine.Engine SELECT revenue_client_visits.id AS revenue_client_visits_id, revenue_client_visits.revenue_client_id AS revenue_client_visits_revenue_client_id, revenue_client_visits.altegio_record_id AS revenue_client_visits_altegio_record_id, revenue_client_visits.last_visit_date AS revenue_client_visits_last_visit_date, revenue_client_visits.previous_visit_date AS revenue_client_visits_previous_visit_date, revenue_client_visits.services AS revenue_client_visits_services, revenue_client_visits.master AS revenue_client_visits_master, revenue_client_visits.amount AS revenue_client_visits_amount, revenue_client_visits.visit_status AS revenue_client_visits_visit_status, revenue_client_visits.raw_data AS revenue_client_visits_raw_data, revenue_client_visits.created_at AS revenue_client_visits_created_at, revenue_client_visits.updated_at AS revenue_client_visits_updated_at 
FROM revenue_client_visits 
WHERE revenue_client_visits.altegio_record_id = %(altegio_record_id_1)s::INTEGER 
 LIMIT %(param_1)s::INTEGER
2026-08-01 12:19:58,685 INFO sqlalchemy.engine.Engine [cached since 2.694s ago] {'altegio_record_id_1': 628101289, 'param_1': 1}
2026-08-01 12:19:58,686 INFO sqlalchemy.engine.Engine SELECT revenue_client_visits.id AS revenue_client_visits_id, revenue_client_visits.revenue_client_id AS revenue_client_visits_revenue_client_id, revenue_client_visits.altegio_record_id AS revenue_client_visits_altegio_record_id, revenue_client_visits.last_visit_date AS revenue_client_visits_last_visit_date, revenue_client_visits.previous_visit_date AS revenue_client_visits_previous_visit_date, revenue_client_visits.services AS revenue_client_visits_services, revenue_client_visits.master AS revenue_client_visits_master, revenue_client_visits.amount AS revenue_client_visits_amount, revenue_client_visits.visit_status AS revenue_client_visits_visit_status, revenue_client_visits.raw_data AS revenue_client_visits_raw_data, revenue_client_visits.created_at AS revenue_client_visits_created_at, revenue_client_visits.updated_at AS revenue_client_visits_updated_at 
FROM revenue_client_visits 
WHERE revenue_client_visits.altegio_record_id = %(altegio_record_id_1)s::INTEGER 
 LIMIT %(param_1)s::INTEGER
2026-08-01 12:19:58,687 INFO sqlalchemy.engine.Engine [cached since 2.695s ago] {'altegio_record_id_1': 612460926, 'param_1': 1}
2026-08-01 12:19:58,687 INFO sqlalchemy.engine.Engine SELECT revenue_client_visits.id AS revenue_client_visits_id, revenue_client_visits.revenue_client_id AS revenue_client_visits_revenue_client_id, revenue_client_visits.altegio_record_id AS revenue_client_visits_altegio_record_id, revenue_client_visits.last_visit_date AS revenue_client_visits_last_visit_date, revenue_client_visits.previous_visit_date AS revenue_client_visits_previous_visit_date, revenue_client_visits.services AS revenue_client_visits_services, revenue_client_visits.master AS revenue_client_visits_master, revenue_client_visits.amount AS revenue_client_visits_amount, revenue_client_visits.visit_status AS revenue_client_visits_visit_status, revenue_client_visits.raw_data AS revenue_client_visits_raw_data, revenue_client_visits.created_at AS revenue_client_visits_created_at, revenue_client_visits.updated_at AS revenue_client_visits_updated_at 
FROM revenue_client_visits 
WHERE revenue_client_visits.altegio_record_id = %(altegio_record_id_1)s::INTEGER 
 LIMIT %(param_1)s::INTEGER
2026-08-01 12:19:58,687 INFO sqlalchemy.engine.Engine [cached since 2.696s ago] {'altegio_record_id_1': 609928649, 'param_1': 1}
2026-08-01 12:19:58,688 INFO sqlalchemy.engine.Engine SELECT revenue_client_visits.id AS revenue_client_visits_id, revenue_client_visits.revenue_client_id AS revenue_client_visits_revenue_client_id, revenue_client_visits.altegio_record_id AS revenue_client_visits_altegio_record_id, revenue_client_visits.last_visit_date AS revenue_client_visits_last_visit_date, revenue_client_visits.previous_visit_date AS revenue_client_visits_previous_visit_date, revenue_client_visits.services AS revenue_client_visits_services, revenue_client_visits.master AS revenue_client_visits_master, revenue_client_visits.amount AS revenue_client_visits_amount, revenue_client_visits.visit_status AS revenue_client_visits_visit_status, revenue_client_visits.raw_data AS revenue_client_visits_raw_data, revenue_client_visits.created_at AS revenue_client_visits_created_at, revenue_client_visits.updated_at AS revenue_client_visits_updated_at 
FROM revenue_client_visits 
WHERE revenue_client_visits.altegio_record_id = %(altegio_record_id_1)s::INTEGER 
 LIMIT %(param_1)s::INTEGER
2026-08-01 12:19:58,688 INFO sqlalchemy.engine.Engine [cached since 2.697s ago] {'altegio_record_id_1': 605184530, 'param_1': 1}
2026-08-01 12:19:58,689 INFO sqlalchemy.engine.Engine SELECT revenue_client_visits.id AS revenue_client_visits_id, revenue_client_visits.revenue_client_id AS revenue_client_visits_revenue_client_id, revenue_client_visits.altegio_record_id AS revenue_client_visits_altegio_record_id, revenue_client_visits.last_visit_date AS revenue_client_visits_last_visit_date, revenue_client_visits.previous_visit_date AS revenue_client_visits_previous_visit_date, revenue_client_visits.services AS revenue_client_visits_services, revenue_client_visits.master AS revenue_client_visits_master, revenue_client_visits.amount AS revenue_client_visits_amount, revenue_client_visits.visit_status AS revenue_client_visits_visit_status, revenue_client_visits.raw_data AS revenue_client_visits_raw_data, revenue_client_visits.created_at AS revenue_client_visits_created_at, revenue_client_visits.updated_at AS revenue_client_visits_updated_at 
FROM revenue_client_visits 
WHERE revenue_client_visits.revenue_client_id = %(revenue_client_id_1)s::INTEGER ORDER BY revenue_client_visits.last_visit_date ASC, revenue_client_visits.id ASC
2026-08-01 12:19:58,689 INFO sqlalchemy.engine.Engine [cached since 2.689s ago] {'revenue_client_id_1': 14}
2026-08-01 12:19:58,849 INFO sqlalchemy.engine.Engine SELECT revenue_client_visits.id AS revenue_client_visits_id, revenue_client_visits.revenue_client_id AS revenue_client_visits_revenue_client_id, revenue_client_visits.altegio_record_id AS revenue_client_visits_altegio_record_id, revenue_client_visits.last_visit_date AS revenue_client_visits_last_visit_date, revenue_client_visits.previous_visit_date AS revenue_client_visits_previous_visit_date, revenue_client_visits.services AS revenue_client_visits_services, revenue_client_visits.master AS revenue_client_visits_master, revenue_client_visits.amount AS revenue_client_visits_amount, revenue_client_visits.visit_status AS revenue_client_visits_visit_status, revenue_client_visits.raw_data AS revenue_client_visits_raw_data, revenue_client_visits.created_at AS revenue_client_visits_created_at, revenue_client_visits.updated_at AS revenue_client_visits_updated_at 
FROM revenue_client_visits 
WHERE revenue_client_visits.altegio_record_id = %(altegio_record_id_1)s::INTEGER 
 LIMIT %(param_1)s::INTEGER
2026-08-01 12:19:58,849 INFO sqlalchemy.engine.Engine [cached since 2.857s ago] {'altegio_record_id_1': 605309139, 'param_1': 1}
2026-08-01 12:19:58,850 INFO sqlalchemy.engine.Engine SELECT revenue_client_visits.id AS revenue_client_visits_id, revenue_client_visits.revenue_client_id AS revenue_client_visits_revenue_client_id, revenue_client_visits.altegio_record_id AS revenue_client_visits_altegio_record_id, revenue_client_visits.last_visit_date AS revenue_client_visits_last_visit_date, revenue_client_visits.previous_visit_date AS revenue_client_visits_previous_visit_date, revenue_client_visits.services AS revenue_client_visits_services, revenue_client_visits.master AS revenue_client_visits_master, revenue_client_visits.amount AS revenue_client_visits_amount, revenue_client_visits.visit_status AS revenue_client_visits_visit_status, revenue_client_visits.raw_data AS revenue_client_visits_raw_data, revenue_client_visits.created_at AS revenue_client_visits_created_at, revenue_client_visits.updated_at AS revenue_client_visits_updated_at 
FROM revenue_client_visits 
WHERE revenue_client_visits.revenue_client_id = %(revenue_client_id_1)s::INTEGER ORDER BY revenue_client_visits.last_visit_date ASC, revenue_client_visits.id ASC
2026-08-01 12:19:58,850 INFO sqlalchemy.engine.Engine [cached since 2.85s ago] {'revenue_client_id_1': 15}
2026-08-01 12:19:59,025 INFO sqlalchemy.engine.Engine SELECT revenue_client_visits.id AS revenue_client_visits_id, revenue_client_visits.revenue_client_id AS revenue_client_visits_revenue_client_id, revenue_client_visits.altegio_record_id AS revenue_client_visits_altegio_record_id, revenue_client_visits.last_visit_date AS revenue_client_visits_last_visit_date, revenue_client_visits.previous_visit_date AS revenue_client_visits_previous_visit_date, revenue_client_visits.services AS revenue_client_visits_services, revenue_client_visits.master AS revenue_client_visits_master, revenue_client_visits.amount AS revenue_client_visits_amount, revenue_client_visits.visit_status AS revenue_client_visits_visit_status, revenue_client_visits.raw_data AS revenue_client_visits_raw_data, revenue_client_visits.created_at AS revenue_client_visits_created_at, revenue_client_visits.updated_at AS revenue_client_visits_updated_at 
FROM revenue_client_visits 
WHERE revenue_client_visits.altegio_record_id = %(altegio_record_id_1)s::INTEGER 
 LIMIT %(param_1)s::INTEGER
2026-08-01 12:19:59,025 INFO sqlalchemy.engine.Engine [cached since 3.034s ago] {'altegio_record_id_1': 605679263, 'param_1': 1}
2026-08-01 12:19:59,027 INFO sqlalchemy.engine.Engine SELECT revenue_client_visits.id AS revenue_client_visits_id, revenue_client_visits.revenue_client_id AS revenue_client_visits_revenue_client_id, revenue_client_visits.altegio_record_id AS revenue_client_visits_altegio_record_id, revenue_client_visits.last_visit_date AS revenue_client_visits_last_visit_date, revenue_client_visits.previous_visit_date AS revenue_client_visits_previous_visit_date, revenue_client_visits.services AS revenue_client_visits_services, revenue_client_visits.master AS revenue_client_visits_master, revenue_client_visits.amount AS revenue_client_visits_amount, revenue_client_visits.visit_status AS revenue_client_visits_visit_status, revenue_client_visits.raw_data AS revenue_client_visits_raw_data, revenue_client_visits.created_at AS revenue_client_visits_created_at, revenue_client_visits.updated_at AS revenue_client_visits_updated_at 
FROM revenue_client_visits 
WHERE revenue_client_visits.altegio_record_id = %(altegio_record_id_1)s::INTEGER 
 LIMIT %(param_1)s::INTEGER
2026-08-01 12:19:59,027 INFO sqlalchemy.engine.Engine [cached since 3.036s ago] {'altegio_record_id_1': 605683229, 'param_1': 1}
2026-08-01 12:19:59,029 INFO sqlalchemy.engine.Engine SELECT revenue_client_visits.id AS revenue_client_visits_id, revenue_client_visits.revenue_client_id AS revenue_client_visits_revenue_client_id, revenue_client_visits.altegio_record_id AS revenue_client_visits_altegio_record_id, revenue_client_visits.last_visit_date AS revenue_client_visits_last_visit_date, revenue_client_visits.previous_visit_date AS revenue_client_visits_previous_visit_date, revenue_client_visits.services AS revenue_client_visits_services, revenue_client_visits.master AS revenue_client_visits_master, revenue_client_visits.amount AS revenue_client_visits_amount, revenue_client_visits.visit_status AS revenue_client_visits_visit_status, revenue_client_visits.raw_data AS revenue_client_visits_raw_data, revenue_client_visits.created_at AS revenue_client_visits_created_at, revenue_client_visits.updated_at AS revenue_client_visits_updated_at 
FROM revenue_client_visits 
WHERE revenue_client_visits.altegio_record_id = %(altegio_record_id_1)s::INTEGER 
 LIMIT %(param_1)s::INTEGER
2026-08-01 12:19:59,029 INFO sqlalchemy.engine.Engine [cached since 3.037s ago] {'altegio_record_id_1': 605641528, 'param_1': 1}
2026-08-01 12:19:59,030 INFO sqlalchemy.engine.Engine SELECT revenue_client_visits.id AS revenue_client_visits_id, revenue_client_visits.revenue_client_id AS revenue_client_visits_revenue_client_id, revenue_client_visits.altegio_record_id AS revenue_client_visits_altegio_record_id, revenue_client_visits.last_visit_date AS revenue_client_visits_last_visit_date, revenue_client_visits.previous_visit_date AS revenue_client_visits_previous_visit_date, revenue_client_visits.services AS revenue_client_visits_services, revenue_client_visits.master AS revenue_client_visits_master, revenue_client_visits.amount AS revenue_client_visits_amount, revenue_client_visits.visit_status AS revenue_client_visits_visit_status, revenue_client_visits.raw_data AS revenue_client_visits_raw_data, revenue_client_visits.created_at AS revenue_client_visits_created_at, revenue_client_visits.updated_at AS revenue_client_visits_updated_at 
FROM revenue_client_visits 
WHERE revenue_client_visits.altegio_record_id = %(altegio_record_id_1)s::INTEGER 
 LIMIT %(param_1)s::INTEGER
2026-08-01 12:19:59,030 INFO sqlalchemy.engine.Engine [cached since 3.038s ago] {'altegio_record_id_1': 605320984, 'param_1': 1}
2026-08-01 12:19:59,031 INFO sqlalchemy.engine.Engine SELECT revenue_client_visits.id AS revenue_client_visits_id, revenue_client_visits.revenue_client_id AS revenue_client_visits_revenue_client_id, revenue_client_visits.altegio_record_id AS revenue_client_visits_altegio_record_id, revenue_client_visits.last_visit_date AS revenue_client_visits_last_visit_date, revenue_client_visits.previous_visit_date AS revenue_client_visits_previous_visit_date, revenue_client_visits.services AS revenue_client_visits_services, revenue_client_visits.master AS revenue_client_visits_master, revenue_client_visits.amount AS revenue_client_visits_amount, revenue_client_visits.visit_status AS revenue_client_visits_visit_status, revenue_client_visits.raw_data AS revenue_client_visits_raw_data, revenue_client_visits.created_at AS revenue_client_visits_created_at, revenue_client_visits.updated_at AS revenue_client_visits_updated_at 
FROM revenue_client_visits 
WHERE revenue_client_visits.revenue_client_id = %(revenue_client_id_1)s::INTEGER ORDER BY revenue_client_visits.last_visit_date ASC, revenue_client_visits.id ASC
2026-08-01 12:19:59,031 INFO sqlalchemy.engine.Engine [cached since 3.031s ago] {'revenue_client_id_1': 16}
2026-08-01 12:19:59,196 INFO sqlalchemy.engine.Engine SELECT revenue_client_visits.id AS revenue_client_visits_id, revenue_client_visits.revenue_client_id AS revenue_client_visits_revenue_client_id, revenue_client_visits.altegio_record_id AS revenue_client_visits_altegio_record_id, revenue_client_visits.last_visit_date AS revenue_client_visits_last_visit_date, revenue_client_visits.previous_visit_date AS revenue_client_visits_previous_visit_date, revenue_client_visits.services AS revenue_client_visits_services, revenue_client_visits.master AS revenue_client_visits_master, revenue_client_visits.amount AS revenue_client_visits_amount, revenue_client_visits.visit_status AS revenue_client_visits_visit_status, revenue_client_visits.raw_data AS revenue_client_visits_raw_data, revenue_client_visits.created_at AS revenue_client_visits_created_at, revenue_client_visits.updated_at AS revenue_client_visits_updated_at 
FROM revenue_client_visits 
WHERE revenue_client_visits.altegio_record_id = %(altegio_record_id_1)s::INTEGER 
 LIMIT %(param_1)s::INTEGER
2026-08-01 12:19:59,196 INFO sqlalchemy.engine.Engine [cached since 3.204s ago] {'altegio_record_id_1': 605692151, 'param_1': 1}
2026-08-01 12:19:59,197 INFO sqlalchemy.engine.Engine SELECT revenue_client_visits.id AS revenue_client_visits_id, revenue_client_visits.revenue_client_id AS revenue_client_visits_revenue_client_id, revenue_client_visits.altegio_record_id AS revenue_client_visits_altegio_record_id, revenue_client_visits.last_visit_date AS revenue_client_visits_last_visit_date, revenue_client_visits.previous_visit_date AS revenue_client_visits_previous_visit_date, revenue_client_visits.services AS revenue_client_visits_services, revenue_client_visits.master AS revenue_client_visits_master, revenue_client_visits.amount AS revenue_client_visits_amount, revenue_client_visits.visit_status AS revenue_client_visits_visit_status, revenue_client_visits.raw_data AS revenue_client_visits_raw_data, revenue_client_visits.created_at AS revenue_client_visits_created_at, revenue_client_visits.updated_at AS revenue_client_visits_updated_at 
FROM revenue_client_visits 
WHERE revenue_client_visits.revenue_client_id = %(revenue_client_id_1)s::INTEGER ORDER BY revenue_client_visits.last_visit_date ASC, revenue_client_visits.id ASC
2026-08-01 12:19:59,197 INFO sqlalchemy.engine.Engine [cached since 3.197s ago] {'revenue_client_id_1': 17}
2026-08-01 12:19:59,375 INFO sqlalchemy.engine.Engine SELECT revenue_client_visits.id AS revenue_client_visits_id, revenue_client_visits.revenue_client_id AS revenue_client_visits_revenue_client_id, revenue_client_visits.altegio_record_id AS revenue_client_visits_altegio_record_id, revenue_client_visits.last_visit_date AS revenue_client_visits_last_visit_date, revenue_client_visits.previous_visit_date AS revenue_client_visits_previous_visit_date, revenue_client_visits.services AS revenue_client_visits_services, revenue_client_visits.master AS revenue_client_visits_master, revenue_client_visits.amount AS revenue_client_visits_amount, revenue_client_visits.visit_status AS revenue_client_visits_visit_status, revenue_client_visits.raw_data AS revenue_client_visits_raw_data, revenue_client_visits.created_at AS revenue_client_visits_created_at, revenue_client_visits.updated_at AS revenue_client_visits_updated_at 
FROM revenue_client_visits 
WHERE revenue_client_visits.altegio_record_id = %(altegio_record_id_1)s::INTEGER 
 LIMIT %(param_1)s::INTEGER
2026-08-01 12:19:59,375 INFO sqlalchemy.engine.Engine [cached since 3.383s ago] {'altegio_record_id_1': 605832528, 'param_1': 1}
2026-08-01 12:19:59,376 INFO sqlalchemy.engine.Engine SELECT revenue_client_visits.id AS revenue_client_visits_id, revenue_client_visits.revenue_client_id AS revenue_client_visits_revenue_client_id, revenue_client_visits.altegio_record_id AS revenue_client_visits_altegio_record_id, revenue_client_visits.last_visit_date AS revenue_client_visits_last_visit_date, revenue_client_visits.previous_visit_date AS revenue_client_visits_previous_visit_date, revenue_client_visits.services AS revenue_client_visits_services, revenue_client_visits.master AS revenue_client_visits_master, revenue_client_visits.amount AS revenue_client_visits_amount, revenue_client_visits.visit_status AS revenue_client_visits_visit_status, revenue_client_visits.raw_data AS revenue_client_visits_raw_data, revenue_client_visits.created_at AS revenue_client_visits_created_at, revenue_client_visits.updated_at AS revenue_client_visits_updated_at 
FROM revenue_client_visits 
WHERE revenue_client_visits.revenue_client_id = %(revenue_client_id_1)s::INTEGER ORDER BY revenue_client_visits.last_visit_date ASC, revenue_client_visits.id ASC
2026-08-01 12:19:59,376 INFO sqlalchemy.engine.Engine [cached since 3.376s ago] {'revenue_client_id_1': 18}
2026-08-01 12:19:59,568 INFO sqlalchemy.engine.Engine SELECT revenue_client_visits.id AS revenue_client_visits_id, revenue_client_visits.revenue_client_id AS revenue_client_visits_revenue_client_id, revenue_client_visits.altegio_record_id AS revenue_client_visits_altegio_record_id, revenue_client_visits.last_visit_date AS revenue_client_visits_last_visit_date, revenue_client_visits.previous_visit_date AS revenue_client_visits_previous_visit_date, revenue_client_visits.services AS revenue_client_visits_services, revenue_client_visits.master AS revenue_client_visits_master, revenue_client_visits.amount AS revenue_client_visits_amount, revenue_client_visits.visit_status AS revenue_client_visits_visit_status, revenue_client_visits.raw_data AS revenue_client_visits_raw_data, revenue_client_visits.created_at AS revenue_client_visits_created_at, revenue_client_visits.updated_at AS revenue_client_visits_updated_at 
FROM revenue_client_visits 
WHERE revenue_client_visits.altegio_record_id = %(altegio_record_id_1)s::INTEGER 
 LIMIT %(param_1)s::INTEGER
2026-08-01 12:19:59,568 INFO sqlalchemy.engine.Engine [cached since 3.577s ago] {'altegio_record_id_1': 610716595, 'param_1': 1}
2026-08-01 12:19:59,570 INFO sqlalchemy.engine.Engine SELECT revenue_client_visits.id AS revenue_client_visits_id, revenue_client_visits.revenue_client_id AS revenue_client_visits_revenue_client_id, revenue_client_visits.altegio_record_id AS revenue_client_visits_altegio_record_id, revenue_client_visits.last_visit_date AS revenue_client_visits_last_visit_date, revenue_client_visits.previous_visit_date AS revenue_client_visits_previous_visit_date, revenue_client_visits.services AS revenue_client_visits_services, revenue_client_visits.master AS revenue_client_visits_master, revenue_client_visits.amount AS revenue_client_visits_amount, revenue_client_visits.visit_status AS revenue_client_visits_visit_status, revenue_client_visits.raw_data AS revenue_client_visits_raw_data, revenue_client_visits.created_at AS revenue_client_visits_created_at, revenue_client_visits.updated_at AS revenue_client_visits_updated_at 
FROM revenue_client_visits 
WHERE revenue_client_visits.altegio_record_id = %(altegio_record_id_1)s::INTEGER 
 LIMIT %(param_1)s::INTEGER
2026-08-01 12:19:59,570 INFO sqlalchemy.engine.Engine [cached since 3.578s ago] {'altegio_record_id_1': 605895773, 'param_1': 1}
2026-08-01 12:19:59,571 INFO sqlalchemy.engine.Engine SELECT revenue_client_visits.id AS revenue_client_visits_id, revenue_client_visits.revenue_client_id AS revenue_client_visits_revenue_client_id, revenue_client_visits.altegio_record_id AS revenue_client_visits_altegio_record_id, revenue_client_visits.last_visit_date AS revenue_client_visits_last_visit_date, revenue_client_visits.previous_visit_date AS revenue_client_visits_previous_visit_date, revenue_client_visits.services AS revenue_client_visits_services, revenue_client_visits.master AS revenue_client_visits_master, revenue_client_visits.amount AS revenue_client_visits_amount, revenue_client_visits.visit_status AS revenue_client_visits_visit_status, revenue_client_visits.raw_data AS revenue_client_visits_raw_data, revenue_client_visits.created_at AS revenue_client_visits_created_at, revenue_client_visits.updated_at AS revenue_client_visits_updated_at 
FROM revenue_client_visits 
WHERE revenue_client_visits.revenue_client_id = %(revenue_client_id_1)s::INTEGER ORDER BY revenue_client_visits.last_visit_date ASC, revenue_client_visits.id ASC
2026-08-01 12:19:59,572 INFO sqlalchemy.engine.Engine [cached since 3.571s ago] {'revenue_client_id_1': 19}
2026-08-01 12:19:59,755 INFO sqlalchemy.engine.Engine SELECT revenue_client_visits.id AS revenue_client_visits_id, revenue_client_visits.revenue_client_id AS revenue_client_visits_revenue_client_id, revenue_client_visits.altegio_record_id AS revenue_client_visits_altegio_record_id, revenue_client_visits.last_visit_date AS revenue_client_visits_last_visit_date, revenue_client_visits.previous_visit_date AS revenue_client_visits_previous_visit_date, revenue_client_visits.services AS revenue_client_visits_services, revenue_client_visits.master AS revenue_client_visits_master, revenue_client_visits.amount AS revenue_client_visits_amount, revenue_client_visits.visit_status AS revenue_client_visits_visit_status, revenue_client_visits.raw_data AS revenue_client_visits_raw_data, revenue_client_visits.created_at AS revenue_client_visits_created_at, revenue_client_visits.updated_at AS revenue_client_visits_updated_at 
FROM revenue_client_visits 
WHERE revenue_client_visits.altegio_record_id = %(altegio_record_id_1)s::INTEGER 
 LIMIT %(param_1)s::INTEGER
2026-08-01 12:19:59,755 INFO sqlalchemy.engine.Engine [cached since 3.764s ago] {'altegio_record_id_1': 612291705, 'param_1': 1}
2026-08-01 12:19:59,757 INFO sqlalchemy.engine.Engine SELECT revenue_client_visits.id AS revenue_client_visits_id, revenue_client_visits.revenue_client_id AS revenue_client_visits_revenue_client_id, revenue_client_visits.altegio_record_id AS revenue_client_visits_altegio_record_id, revenue_client_visits.last_visit_date AS revenue_client_visits_last_visit_date, revenue_client_visits.previous_visit_date AS revenue_client_visits_previous_visit_date, revenue_client_visits.services AS revenue_client_visits_services, revenue_client_visits.master AS revenue_client_visits_master, revenue_client_visits.amount AS revenue_client_visits_amount, revenue_client_visits.visit_status AS revenue_client_visits_visit_status, revenue_client_visits.raw_data AS revenue_client_visits_raw_data, revenue_client_visits.created_at AS revenue_client_visits_created_at, revenue_client_visits.updated_at AS revenue_client_visits_updated_at 
FROM revenue_client_visits 
WHERE revenue_client_visits.altegio_record_id = %(altegio_record_id_1)s::INTEGER 
 LIMIT %(param_1)s::INTEGER
2026-08-01 12:19:59,757 INFO sqlalchemy.engine.Engine [cached since 3.766s ago] {'altegio_record_id_1': 605951179, 'param_1': 1}
2026-08-01 12:19:59,759 INFO sqlalchemy.engine.Engine SELECT revenue_client_visits.id AS revenue_client_visits_id, revenue_client_visits.revenue_client_id AS revenue_client_visits_revenue_client_id, revenue_client_visits.altegio_record_id AS revenue_client_visits_altegio_record_id, revenue_client_visits.last_visit_date AS revenue_client_visits_last_visit_date, revenue_client_visits.previous_visit_date AS revenue_client_visits_previous_visit_date, revenue_client_visits.services AS revenue_client_visits_services, revenue_client_visits.master AS revenue_client_visits_master, revenue_client_visits.amount AS revenue_client_visits_amount, revenue_client_visits.visit_status AS revenue_client_visits_visit_status, revenue_client_visits.raw_data AS revenue_client_visits_raw_data, revenue_client_visits.created_at AS revenue_client_visits_created_at, revenue_client_visits.updated_at AS revenue_client_visits_updated_at 
FROM revenue_client_visits 
WHERE revenue_client_visits.revenue_client_id = %(revenue_client_id_1)s::INTEGER ORDER BY revenue_client_visits.last_visit_date ASC, revenue_client_visits.id ASC
2026-08-01 12:19:59,759 INFO sqlalchemy.engine.Engine [cached since 3.759s ago] {'revenue_client_id_1': 20}
2026-08-01 12:19:59,947 INFO sqlalchemy.engine.Engine SELECT revenue_client_visits.id AS revenue_client_visits_id, revenue_client_visits.revenue_client_id AS revenue_client_visits_revenue_client_id, revenue_client_visits.altegio_record_id AS revenue_client_visits_altegio_record_id, revenue_client_visits.last_visit_date AS revenue_client_visits_last_visit_date, revenue_client_visits.previous_visit_date AS revenue_client_visits_previous_visit_date, revenue_client_visits.services AS revenue_client_visits_services, revenue_client_visits.master AS revenue_client_visits_master, revenue_client_visits.amount AS revenue_client_visits_amount, revenue_client_visits.visit_status AS revenue_client_visits_visit_status, revenue_client_visits.raw_data AS revenue_client_visits_raw_data, revenue_client_visits.created_at AS revenue_client_visits_created_at, revenue_client_visits.updated_at AS revenue_client_visits_updated_at 
FROM revenue_client_visits 
WHERE revenue_client_visits.altegio_record_id = %(altegio_record_id_1)s::INTEGER 
 LIMIT %(param_1)s::INTEGER
2026-08-01 12:19:59,948 INFO sqlalchemy.engine.Engine [cached since 3.956s ago] {'altegio_record_id_1': 611587647, 'param_1': 1}
2026-08-01 12:19:59,949 INFO sqlalchemy.engine.Engine SELECT revenue_client_visits.id AS revenue_client_visits_id, revenue_client_visits.revenue_client_id AS revenue_client_visits_revenue_client_id, revenue_client_visits.altegio_record_id AS revenue_client_visits_altegio_record_id, revenue_client_visits.last_visit_date AS revenue_client_visits_last_visit_date, revenue_client_visits.previous_visit_date AS revenue_client_visits_previous_visit_date, revenue_client_visits.services AS revenue_client_visits_services, revenue_client_visits.master AS revenue_client_visits_master, revenue_client_visits.amount AS revenue_client_visits_amount, revenue_client_visits.visit_status AS revenue_client_visits_visit_status, revenue_client_visits.raw_data AS revenue_client_visits_raw_data, revenue_client_visits.created_at AS revenue_client_visits_created_at, revenue_client_visits.updated_at AS revenue_client_visits_updated_at 
FROM revenue_client_visits 
WHERE revenue_client_visits.altegio_record_id = %(altegio_record_id_1)s::INTEGER 
 LIMIT %(param_1)s::INTEGER
2026-08-01 12:19:59,949 INFO sqlalchemy.engine.Engine [cached since 3.958s ago] {'altegio_record_id_1': 610896634, 'param_1': 1}
2026-08-01 12:19:59,950 INFO sqlalchemy.engine.Engine SELECT revenue_client_visits.id AS revenue_client_visits_id, revenue_client_visits.revenue_client_id AS revenue_client_visits_revenue_client_id, revenue_client_visits.altegio_record_id AS revenue_client_visits_altegio_record_id, revenue_client_visits.last_visit_date AS revenue_client_visits_last_visit_date, revenue_client_visits.previous_visit_date AS revenue_client_visits_previous_visit_date, revenue_client_visits.services AS revenue_client_visits_services, revenue_client_visits.master AS revenue_client_visits_master, revenue_client_visits.amount AS revenue_client_visits_amount, revenue_client_visits.visit_status AS revenue_client_visits_visit_status, revenue_client_visits.raw_data AS revenue_client_visits_raw_data, revenue_client_visits.created_at AS revenue_client_visits_created_at, revenue_client_visits.updated_at AS revenue_client_visits_updated_at 
FROM revenue_client_visits 
WHERE revenue_client_visits.altegio_record_id = %(altegio_record_id_1)s::INTEGER 
 LIMIT %(param_1)s::INTEGER
2026-08-01 12:19:59,950 INFO sqlalchemy.engine.Engine [cached since 3.959s ago] {'altegio_record_id_1': 610127026, 'param_1': 1}
2026-08-01 12:19:59,951 INFO sqlalchemy.engine.Engine SELECT revenue_client_visits.id AS revenue_client_visits_id, revenue_client_visits.revenue_client_id AS revenue_client_visits_revenue_client_id, revenue_client_visits.altegio_record_id AS revenue_client_visits_altegio_record_id, revenue_client_visits.last_visit_date AS revenue_client_visits_last_visit_date, revenue_client_visits.previous_visit_date AS revenue_client_visits_previous_visit_date, revenue_client_visits.services AS revenue_client_visits_services, revenue_client_visits.master AS revenue_client_visits_master, revenue_client_visits.amount AS revenue_client_visits_amount, revenue_client_visits.visit_status AS revenue_client_visits_visit_status, revenue_client_visits.raw_data AS revenue_client_visits_raw_data, revenue_client_visits.created_at AS revenue_client_visits_created_at, revenue_client_visits.updated_at AS revenue_client_visits_updated_at 
FROM revenue_client_visits 
WHERE revenue_client_visits.altegio_record_id = %(altegio_record_id_1)s::INTEGER 
 LIMIT %(param_1)s::INTEGER
2026-08-01 12:19:59,951 INFO sqlalchemy.engine.Engine [cached since 3.96s ago] {'altegio_record_id_1': 606123972, 'param_1': 1}
2026-08-01 12:19:59,952 INFO sqlalchemy.engine.Engine SELECT revenue_client_visits.id AS revenue_client_visits_id, revenue_client_visits.revenue_client_id AS revenue_client_visits_revenue_client_id, revenue_client_visits.altegio_record_id AS revenue_client_visits_altegio_record_id, revenue_client_visits.last_visit_date AS revenue_client_visits_last_visit_date, revenue_client_visits.previous_visit_date AS revenue_client_visits_previous_visit_date, revenue_client_visits.services AS revenue_client_visits_services, revenue_client_visits.master AS revenue_client_visits_master, revenue_client_visits.amount AS revenue_client_visits_amount, revenue_client_visits.visit_status AS revenue_client_visits_visit_status, revenue_client_visits.raw_data AS revenue_client_visits_raw_data, revenue_client_visits.created_at AS revenue_client_visits_created_at, revenue_client_visits.updated_at AS revenue_client_visits_updated_at 
FROM revenue_client_visits 
WHERE revenue_client_visits.revenue_client_id = %(revenue_client_id_1)s::INTEGER ORDER BY revenue_client_visits.last_visit_date ASC, revenue_client_visits.id ASC
2026-08-01 12:19:59,952 INFO sqlalchemy.engine.Engine [cached since 3.952s ago] {'revenue_client_id_1': 21}
2026-08-01 12:20:00,145 INFO sqlalchemy.engine.Engine SELECT revenue_client_visits.id AS revenue_client_visits_id, revenue_client_visits.revenue_client_id AS revenue_client_visits_revenue_client_id, revenue_client_visits.altegio_record_id AS revenue_client_visits_altegio_record_id, revenue_client_visits.last_visit_date AS revenue_client_visits_last_visit_date, revenue_client_visits.previous_visit_date AS revenue_client_visits_previous_visit_date, revenue_client_visits.services AS revenue_client_visits_services, revenue_client_visits.master AS revenue_client_visits_master, revenue_client_visits.amount AS revenue_client_visits_amount, revenue_client_visits.visit_status AS revenue_client_visits_visit_status, revenue_client_visits.raw_data AS revenue_client_visits_raw_data, revenue_client_visits.created_at AS revenue_client_visits_created_at, revenue_client_visits.updated_at AS revenue_client_visits_updated_at 
FROM revenue_client_visits 
WHERE revenue_client_visits.altegio_record_id = %(altegio_record_id_1)s::INTEGER 
 LIMIT %(param_1)s::INTEGER
2026-08-01 12:20:00,145 INFO sqlalchemy.engine.Engine [cached since 4.154s ago] {'altegio_record_id_1': 606382813, 'param_1': 1}
2026-08-01 12:20:00,146 INFO sqlalchemy.engine.Engine SELECT revenue_client_visits.id AS revenue_client_visits_id, revenue_client_visits.revenue_client_id AS revenue_client_visits_revenue_client_id, revenue_client_visits.altegio_record_id AS revenue_client_visits_altegio_record_id, revenue_client_visits.last_visit_date AS revenue_client_visits_last_visit_date, revenue_client_visits.previous_visit_date AS revenue_client_visits_previous_visit_date, revenue_client_visits.services AS revenue_client_visits_services, revenue_client_visits.master AS revenue_client_visits_master, revenue_client_visits.amount AS revenue_client_visits_amount, revenue_client_visits.visit_status AS revenue_client_visits_visit_status, revenue_client_visits.raw_data AS revenue_client_visits_raw_data, revenue_client_visits.created_at AS revenue_client_visits_created_at, revenue_client_visits.updated_at AS revenue_client_visits_updated_at 
FROM revenue_client_visits 
WHERE revenue_client_visits.altegio_record_id = %(altegio_record_id_1)s::INTEGER 
 LIMIT %(param_1)s::INTEGER
2026-08-01 12:20:00,146 INFO sqlalchemy.engine.Engine [cached since 4.155s ago] {'altegio_record_id_1': 606382557, 'param_1': 1}
2026-08-01 12:20:00,147 INFO sqlalchemy.engine.Engine SELECT revenue_client_visits.id AS revenue_client_visits_id, revenue_client_visits.revenue_client_id AS revenue_client_visits_revenue_client_id, revenue_client_visits.altegio_record_id AS revenue_client_visits_altegio_record_id, revenue_client_visits.last_visit_date AS revenue_client_visits_last_visit_date, revenue_client_visits.previous_visit_date AS revenue_client_visits_previous_visit_date, revenue_client_visits.services AS revenue_client_visits_services, revenue_client_visits.master AS revenue_client_visits_master, revenue_client_visits.amount AS revenue_client_visits_amount, revenue_client_visits.visit_status AS revenue_client_visits_visit_status, revenue_client_visits.raw_data AS revenue_client_visits_raw_data, revenue_client_visits.created_at AS revenue_client_visits_created_at, revenue_client_visits.updated_at AS revenue_client_visits_updated_at 
FROM revenue_client_visits 
WHERE revenue_client_visits.altegio_record_id = %(altegio_record_id_1)s::INTEGER 
 LIMIT %(param_1)s::INTEGER
2026-08-01 12:20:00,148 INFO sqlalchemy.engine.Engine [cached since 4.156s ago] {'altegio_record_id_1': 606382271, 'param_1': 1}
2026-08-01 12:20:00,148 INFO sqlalchemy.engine.Engine SELECT revenue_client_visits.id AS revenue_client_visits_id, revenue_client_visits.revenue_client_id AS revenue_client_visits_revenue_client_id, revenue_client_visits.altegio_record_id AS revenue_client_visits_altegio_record_id, revenue_client_visits.last_visit_date AS revenue_client_visits_last_visit_date, revenue_client_visits.previous_visit_date AS revenue_client_visits_previous_visit_date, revenue_client_visits.services AS revenue_client_visits_services, revenue_client_visits.master AS revenue_client_visits_master, revenue_client_visits.amount AS revenue_client_visits_amount, revenue_client_visits.visit_status AS revenue_client_visits_visit_status, revenue_client_visits.raw_data AS revenue_client_visits_raw_data, revenue_client_visits.created_at AS revenue_client_visits_created_at, revenue_client_visits.updated_at AS revenue_client_visits_updated_at 
FROM revenue_client_visits 
WHERE revenue_client_visits.revenue_client_id = %(revenue_client_id_1)s::INTEGER ORDER BY revenue_client_visits.last_visit_date ASC, revenue_client_visits.id ASC
2026-08-01 12:20:00,149 INFO sqlalchemy.engine.Engine [cached since 4.148s ago] {'revenue_client_id_1': 22}
2026-08-01 12:20:00,335 INFO sqlalchemy.engine.Engine SELECT revenue_client_visits.id AS revenue_client_visits_id, revenue_client_visits.revenue_client_id AS revenue_client_visits_revenue_client_id, revenue_client_visits.altegio_record_id AS revenue_client_visits_altegio_record_id, revenue_client_visits.last_visit_date AS revenue_client_visits_last_visit_date, revenue_client_visits.previous_visit_date AS revenue_client_visits_previous_visit_date, revenue_client_visits.services AS revenue_client_visits_services, revenue_client_visits.master AS revenue_client_visits_master, revenue_client_visits.amount AS revenue_client_visits_amount, revenue_client_visits.visit_status AS revenue_client_visits_visit_status, revenue_client_visits.raw_data AS revenue_client_visits_raw_data, revenue_client_visits.created_at AS revenue_client_visits_created_at, revenue_client_visits.updated_at AS revenue_client_visits_updated_at 
FROM revenue_client_visits 
WHERE revenue_client_visits.altegio_record_id = %(altegio_record_id_1)s::INTEGER 
 LIMIT %(param_1)s::INTEGER
2026-08-01 12:20:00,335 INFO sqlalchemy.engine.Engine [cached since 4.344s ago] {'altegio_record_id_1': 652800698, 'param_1': 1}
2026-08-01 12:20:00,337 INFO sqlalchemy.engine.Engine SELECT revenue_client_visits.id AS revenue_client_visits_id, revenue_client_visits.revenue_client_id AS revenue_client_visits_revenue_client_id, revenue_client_visits.altegio_record_id AS revenue_client_visits_altegio_record_id, revenue_client_visits.last_visit_date AS revenue_client_visits_last_visit_date, revenue_client_visits.previous_visit_date AS revenue_client_visits_previous_visit_date, revenue_client_visits.services AS revenue_client_visits_services, revenue_client_visits.master AS revenue_client_visits_master, revenue_client_visits.amount AS revenue_client_visits_amount, revenue_client_visits.visit_status AS revenue_client_visits_visit_status, revenue_client_visits.raw_data AS revenue_client_visits_raw_data, revenue_client_visits.created_at AS revenue_client_visits_created_at, revenue_client_visits.updated_at AS revenue_client_visits_updated_at 
FROM revenue_client_visits 
WHERE revenue_client_visits.altegio_record_id = %(altegio_record_id_1)s::INTEGER 
 LIMIT %(param_1)s::INTEGER
2026-08-01 12:20:00,337 INFO sqlalchemy.engine.Engine [cached since 4.346s ago] {'altegio_record_id_1': 643876016, 'param_1': 1}
2026-08-01 12:20:00,338 INFO sqlalchemy.engine.Engine SELECT revenue_client_visits.id AS revenue_client_visits_id, revenue_client_visits.revenue_client_id AS revenue_client_visits_revenue_client_id, revenue_client_visits.altegio_record_id AS revenue_client_visits_altegio_record_id, revenue_client_visits.last_visit_date AS revenue_client_visits_last_visit_date, revenue_client_visits.previous_visit_date AS revenue_client_visits_previous_visit_date, revenue_client_visits.services AS revenue_client_visits_services, revenue_client_visits.master AS revenue_client_visits_master, revenue_client_visits.amount AS revenue_client_visits_amount, revenue_client_visits.visit_status AS revenue_client_visits_visit_status, revenue_client_visits.raw_data AS revenue_client_visits_raw_data, revenue_client_visits.created_at AS revenue_client_visits_created_at, revenue_client_visits.updated_at AS revenue_client_visits_updated_at 
FROM revenue_client_visits 
WHERE revenue_client_visits.altegio_record_id = %(altegio_record_id_1)s::INTEGER 
 LIMIT %(param_1)s::INTEGER
2026-08-01 12:20:00,338 INFO sqlalchemy.engine.Engine [cached since 4.347s ago] {'altegio_record_id_1': 631129441, 'param_1': 1}
2026-08-01 12:20:00,339 INFO sqlalchemy.engine.Engine SELECT revenue_client_visits.id AS revenue_client_visits_id, revenue_client_visits.revenue_client_id AS revenue_client_visits_revenue_client_id, revenue_client_visits.altegio_record_id AS revenue_client_visits_altegio_record_id, revenue_client_visits.last_visit_date AS revenue_client_visits_last_visit_date, revenue_client_visits.previous_visit_date AS revenue_client_visits_previous_visit_date, revenue_client_visits.services AS revenue_client_visits_services, revenue_client_visits.master AS revenue_client_visits_master, revenue_client_visits.amount AS revenue_client_visits_amount, revenue_client_visits.visit_status AS revenue_client_visits_visit_status, revenue_client_visits.raw_data AS revenue_client_visits_raw_data, revenue_client_visits.created_at AS revenue_client_visits_created_at, revenue_client_visits.updated_at AS revenue_client_visits_updated_at 
FROM revenue_client_visits 
WHERE revenue_client_visits.altegio_record_id = %(altegio_record_id_1)s::INTEGER 
 LIMIT %(param_1)s::INTEGER
2026-08-01 12:20:00,339 INFO sqlalchemy.engine.Engine [cached since 4.348s ago] {'altegio_record_id_1': 622492012, 'param_1': 1}
2026-08-01 12:20:00,341 INFO sqlalchemy.engine.Engine SELECT revenue_client_visits.id AS revenue_client_visits_id, revenue_client_visits.revenue_client_id AS revenue_client_visits_revenue_client_id, revenue_client_visits.altegio_record_id AS revenue_client_visits_altegio_record_id, revenue_client_visits.last_visit_date AS revenue_client_visits_last_visit_date, revenue_client_visits.previous_visit_date AS revenue_client_visits_previous_visit_date, revenue_client_visits.services AS revenue_client_visits_services, revenue_client_visits.master AS revenue_client_visits_master, revenue_client_visits.amount AS revenue_client_visits_amount, revenue_client_visits.visit_status AS revenue_client_visits_visit_status, revenue_client_visits.raw_data AS revenue_client_visits_raw_data, revenue_client_visits.created_at AS revenue_client_visits_created_at, revenue_client_visits.updated_at AS revenue_client_visits_updated_at 
FROM revenue_client_visits 
WHERE revenue_client_visits.altegio_record_id = %(altegio_record_id_1)s::INTEGER 
 LIMIT %(param_1)s::INTEGER
2026-08-01 12:20:00,341 INFO sqlalchemy.engine.Engine [cached since 4.349s ago] {'altegio_record_id_1': 613220970, 'param_1': 1}
2026-08-01 12:20:00,342 INFO sqlalchemy.engine.Engine SELECT revenue_client_visits.id AS revenue_client_visits_id, revenue_client_visits.revenue_client_id AS revenue_client_visits_revenue_client_id, revenue_client_visits.altegio_record_id AS revenue_client_visits_altegio_record_id, revenue_client_visits.last_visit_date AS revenue_client_visits_last_visit_date, revenue_client_visits.previous_visit_date AS revenue_client_visits_previous_visit_date, revenue_client_visits.services AS revenue_client_visits_services, revenue_client_visits.master AS revenue_client_visits_master, revenue_client_visits.amount AS revenue_client_visits_amount, revenue_client_visits.visit_status AS revenue_client_visits_visit_status, revenue_client_visits.raw_data AS revenue_client_visits_raw_data, revenue_client_visits.created_at AS revenue_client_visits_created_at, revenue_client_visits.updated_at AS revenue_client_visits_updated_at 
FROM revenue_client_visits 
WHERE revenue_client_visits.altegio_record_id = %(altegio_record_id_1)s::INTEGER 
 LIMIT %(param_1)s::INTEGER
2026-08-01 12:20:00,342 INFO sqlalchemy.engine.Engine [cached since 4.35s ago] {'altegio_record_id_1': 606463682, 'param_1': 1}
2026-08-01 12:20:00,343 INFO sqlalchemy.engine.Engine SELECT revenue_client_visits.id AS revenue_client_visits_id, revenue_client_visits.revenue_client_id AS revenue_client_visits_revenue_client_id, revenue_client_visits.altegio_record_id AS revenue_client_visits_altegio_record_id, revenue_client_visits.last_visit_date AS revenue_client_visits_last_visit_date, revenue_client_visits.previous_visit_date AS revenue_client_visits_previous_visit_date, revenue_client_visits.services AS revenue_client_visits_services, revenue_client_visits.master AS revenue_client_visits_master, revenue_client_visits.amount AS revenue_client_visits_amount, revenue_client_visits.visit_status AS revenue_client_visits_visit_status, revenue_client_visits.raw_data AS revenue_client_visits_raw_data, revenue_client_visits.created_at AS revenue_client_visits_created_at, revenue_client_visits.updated_at AS revenue_client_visits_updated_at 
FROM revenue_client_visits 
WHERE revenue_client_visits.revenue_client_id = %(revenue_client_id_1)s::INTEGER ORDER BY revenue_client_visits.last_visit_date ASC, revenue_client_visits.id ASC
2026-08-01 12:20:00,343 INFO sqlalchemy.engine.Engine [cached since 4.343s ago] {'revenue_client_id_1': 23}
2026-08-01 12:20:00,522 INFO sqlalchemy.engine.Engine SELECT revenue_client_visits.id AS revenue_client_visits_id, revenue_client_visits.revenue_client_id AS revenue_client_visits_revenue_client_id, revenue_client_visits.altegio_record_id AS revenue_client_visits_altegio_record_id, revenue_client_visits.last_visit_date AS revenue_client_visits_last_visit_date, revenue_client_visits.previous_visit_date AS revenue_client_visits_previous_visit_date, revenue_client_visits.services AS revenue_client_visits_services, revenue_client_visits.master AS revenue_client_visits_master, revenue_client_visits.amount AS revenue_client_visits_amount, revenue_client_visits.visit_status AS revenue_client_visits_visit_status, revenue_client_visits.raw_data AS revenue_client_visits_raw_data, revenue_client_visits.created_at AS revenue_client_visits_created_at, revenue_client_visits.updated_at AS revenue_client_visits_updated_at 
FROM revenue_client_visits 
WHERE revenue_client_visits.altegio_record_id = %(altegio_record_id_1)s::INTEGER 
 LIMIT %(param_1)s::INTEGER
2026-08-01 12:20:00,522 INFO sqlalchemy.engine.Engine [cached since 4.53s ago] {'altegio_record_id_1': 606805352, 'param_1': 1}
2026-08-01 12:20:00,523 INFO sqlalchemy.engine.Engine SELECT revenue_client_visits.id AS revenue_client_visits_id, revenue_client_visits.revenue_client_id AS revenue_client_visits_revenue_client_id, revenue_client_visits.altegio_record_id AS revenue_client_visits_altegio_record_id, revenue_client_visits.last_visit_date AS revenue_client_visits_last_visit_date, revenue_client_visits.previous_visit_date AS revenue_client_visits_previous_visit_date, revenue_client_visits.services AS revenue_client_visits_services, revenue_client_visits.master AS revenue_client_visits_master, revenue_client_visits.amount AS revenue_client_visits_amount, revenue_client_visits.visit_status AS revenue_client_visits_visit_status, revenue_client_visits.raw_data AS revenue_client_visits_raw_data, revenue_client_visits.created_at AS revenue_client_visits_created_at, revenue_client_visits.updated_at AS revenue_client_visits_updated_at 
FROM revenue_client_visits 
WHERE revenue_client_visits.altegio_record_id = %(altegio_record_id_1)s::INTEGER 
 LIMIT %(param_1)s::INTEGER
2026-08-01 12:20:00,523 INFO sqlalchemy.engine.Engine [cached since 4.531s ago] {'altegio_record_id_1': 606805330, 'param_1': 1}
2026-08-01 12:20:00,524 INFO sqlalchemy.engine.Engine SELECT revenue_client_visits.id AS revenue_client_visits_id, revenue_client_visits.revenue_client_id AS revenue_client_visits_revenue_client_id, revenue_client_visits.altegio_record_id AS revenue_client_visits_altegio_record_id, revenue_client_visits.last_visit_date AS revenue_client_visits_last_visit_date, revenue_client_visits.previous_visit_date AS revenue_client_visits_previous_visit_date, revenue_client_visits.services AS revenue_client_visits_services, revenue_client_visits.master AS revenue_client_visits_master, revenue_client_visits.amount AS revenue_client_visits_amount, revenue_client_visits.visit_status AS revenue_client_visits_visit_status, revenue_client_visits.raw_data AS revenue_client_visits_raw_data, revenue_client_visits.created_at AS revenue_client_visits_created_at, revenue_client_visits.updated_at AS revenue_client_visits_updated_at 
FROM revenue_client_visits 
WHERE revenue_client_visits.revenue_client_id = %(revenue_client_id_1)s::INTEGER ORDER BY revenue_client_visits.last_visit_date ASC, revenue_client_visits.id ASC
2026-08-01 12:20:00,524 INFO sqlalchemy.engine.Engine [cached since 4.524s ago] {'revenue_client_id_1': 24}
2026-08-01 12:20:00,701 INFO sqlalchemy.engine.Engine SELECT revenue_client_visits.id AS revenue_client_visits_id, revenue_client_visits.revenue_client_id AS revenue_client_visits_revenue_client_id, revenue_client_visits.altegio_record_id AS revenue_client_visits_altegio_record_id, revenue_client_visits.last_visit_date AS revenue_client_visits_last_visit_date, revenue_client_visits.previous_visit_date AS revenue_client_visits_previous_visit_date, revenue_client_visits.services AS revenue_client_visits_services, revenue_client_visits.master AS revenue_client_visits_master, revenue_client_visits.amount AS revenue_client_visits_amount, revenue_client_visits.visit_status AS revenue_client_visits_visit_status, revenue_client_visits.raw_data AS revenue_client_visits_raw_data, revenue_client_visits.created_at AS revenue_client_visits_created_at, revenue_client_visits.updated_at AS revenue_client_visits_updated_at 
FROM revenue_client_visits 
WHERE revenue_client_visits.altegio_record_id = %(altegio_record_id_1)s::INTEGER 
 LIMIT %(param_1)s::INTEGER
2026-08-01 12:20:00,701 INFO sqlalchemy.engine.Engine [cached since 4.709s ago] {'altegio_record_id_1': 607052568, 'param_1': 1}
2026-08-01 12:20:00,702 INFO sqlalchemy.engine.Engine SELECT revenue_client_visits.id AS revenue_client_visits_id, revenue_client_visits.revenue_client_id AS revenue_client_visits_revenue_client_id, revenue_client_visits.altegio_record_id AS revenue_client_visits_altegio_record_id, revenue_client_visits.last_visit_date AS revenue_client_visits_last_visit_date, revenue_client_visits.previous_visit_date AS revenue_client_visits_previous_visit_date, revenue_client_visits.services AS revenue_client_visits_services, revenue_client_visits.master AS revenue_client_visits_master, revenue_client_visits.amount AS revenue_client_visits_amount, revenue_client_visits.visit_status AS revenue_client_visits_visit_status, revenue_client_visits.raw_data AS revenue_client_visits_raw_data, revenue_client_visits.created_at AS revenue_client_visits_created_at, revenue_client_visits.updated_at AS revenue_client_visits_updated_at 
FROM revenue_client_visits 
WHERE revenue_client_visits.revenue_client_id = %(revenue_client_id_1)s::INTEGER ORDER BY revenue_client_visits.last_visit_date ASC, revenue_client_visits.id ASC
2026-08-01 12:20:00,702 INFO sqlalchemy.engine.Engine [cached since 4.702s ago] {'revenue_client_id_1': 25}
2026-08-01 12:20:00,880 INFO sqlalchemy.engine.Engine SELECT revenue_client_visits.id AS revenue_client_visits_id, revenue_client_visits.revenue_client_id AS revenue_client_visits_revenue_client_id, revenue_client_visits.altegio_record_id AS revenue_client_visits_altegio_record_id, revenue_client_visits.last_visit_date AS revenue_client_visits_last_visit_date, revenue_client_visits.previous_visit_date AS revenue_client_visits_previous_visit_date, revenue_client_visits.services AS revenue_client_visits_services, revenue_client_visits.master AS revenue_client_visits_master, revenue_client_visits.amount AS revenue_client_visits_amount, revenue_client_visits.visit_status AS revenue_client_visits_visit_status, revenue_client_visits.raw_data AS revenue_client_visits_raw_data, revenue_client_visits.created_at AS revenue_client_visits_created_at, revenue_client_visits.updated_at AS revenue_client_visits_updated_at 
FROM revenue_client_visits 
WHERE revenue_client_visits.altegio_record_id = %(altegio_record_id_1)s::INTEGER 
 LIMIT %(param_1)s::INTEGER
2026-08-01 12:20:00,880 INFO sqlalchemy.engine.Engine [cached since 4.888s ago] {'altegio_record_id_1': 626046386, 'param_1': 1}
2026-08-01 12:20:00,881 INFO sqlalchemy.engine.Engine SELECT revenue_client_visits.id AS revenue_client_visits_id, revenue_client_visits.revenue_client_id AS revenue_client_visits_revenue_client_id, revenue_client_visits.altegio_record_id AS revenue_client_visits_altegio_record_id, revenue_client_visits.last_visit_date AS revenue_client_visits_last_visit_date, revenue_client_visits.previous_visit_date AS revenue_client_visits_previous_visit_date, revenue_client_visits.services AS revenue_client_visits_services, revenue_client_visits.master AS revenue_client_visits_master, revenue_client_visits.amount AS revenue_client_visits_amount, revenue_client_visits.visit_status AS revenue_client_visits_visit_status, revenue_client_visits.raw_data AS revenue_client_visits_raw_data, revenue_client_visits.created_at AS revenue_client_visits_created_at, revenue_client_visits.updated_at AS revenue_client_visits_updated_at 
FROM revenue_client_visits 
WHERE revenue_client_visits.altegio_record_id = %(altegio_record_id_1)s::INTEGER 
 LIMIT %(param_1)s::INTEGER
2026-08-01 12:20:00,882 INFO sqlalchemy.engine.Engine [cached since 4.89s ago] {'altegio_record_id_1': 607726885, 'param_1': 1}
2026-08-01 12:20:00,883 INFO sqlalchemy.engine.Engine SELECT revenue_client_visits.id AS revenue_client_visits_id, revenue_client_visits.revenue_client_id AS revenue_client_visits_revenue_client_id, revenue_client_visits.altegio_record_id AS revenue_client_visits_altegio_record_id, revenue_client_visits.last_visit_date AS revenue_client_visits_last_visit_date, revenue_client_visits.previous_visit_date AS revenue_client_visits_previous_visit_date, revenue_client_visits.services AS revenue_client_visits_services, revenue_client_visits.master AS revenue_client_visits_master, revenue_client_visits.amount AS revenue_client_visits_amount, revenue_client_visits.visit_status AS revenue_client_visits_visit_status, revenue_client_visits.raw_data AS revenue_client_visits_raw_data, revenue_client_visits.created_at AS revenue_client_visits_created_at, revenue_client_visits.updated_at AS revenue_client_visits_updated_at 
FROM revenue_client_visits 
WHERE revenue_client_visits.altegio_record_id = %(altegio_record_id_1)s::INTEGER 
 LIMIT %(param_1)s::INTEGER
2026-08-01 12:20:00,883 INFO sqlalchemy.engine.Engine [cached since 4.891s ago] {'altegio_record_id_1': 607392665, 'param_1': 1}
2026-08-01 12:20:00,884 INFO sqlalchemy.engine.Engine SELECT revenue_client_visits.id AS revenue_client_visits_id, revenue_client_visits.revenue_client_id AS revenue_client_visits_revenue_client_id, revenue_client_visits.altegio_record_id AS revenue_client_visits_altegio_record_id, revenue_client_visits.last_visit_date AS revenue_client_visits_last_visit_date, revenue_client_visits.previous_visit_date AS revenue_client_visits_previous_visit_date, revenue_client_visits.services AS revenue_client_visits_services, revenue_client_visits.master AS revenue_client_visits_master, revenue_client_visits.amount AS revenue_client_visits_amount, revenue_client_visits.visit_status AS revenue_client_visits_visit_status, revenue_client_visits.raw_data AS revenue_client_visits_raw_data, revenue_client_visits.created_at AS revenue_client_visits_created_at, revenue_client_visits.updated_at AS revenue_client_visits_updated_at 
FROM revenue_client_visits 
WHERE revenue_client_visits.revenue_client_id = %(revenue_client_id_1)s::INTEGER ORDER BY revenue_client_visits.last_visit_date ASC, revenue_client_visits.id ASC
2026-08-01 12:20:00,884 INFO sqlalchemy.engine.Engine [cached since 4.884s ago] {'revenue_client_id_1': 26}
2026-08-01 12:20:01,072 INFO sqlalchemy.engine.Engine SELECT revenue_client_visits.id AS revenue_client_visits_id, revenue_client_visits.revenue_client_id AS revenue_client_visits_revenue_client_id, revenue_client_visits.altegio_record_id AS revenue_client_visits_altegio_record_id, revenue_client_visits.last_visit_date AS revenue_client_visits_last_visit_date, revenue_client_visits.previous_visit_date AS revenue_client_visits_previous_visit_date, revenue_client_visits.services AS revenue_client_visits_services, revenue_client_visits.master AS revenue_client_visits_master, revenue_client_visits.amount AS revenue_client_visits_amount, revenue_client_visits.visit_status AS revenue_client_visits_visit_status, revenue_client_visits.raw_data AS revenue_client_visits_raw_data, revenue_client_visits.created_at AS revenue_client_visits_created_at, revenue_client_visits.updated_at AS revenue_client_visits_updated_at 
FROM revenue_client_visits 
WHERE revenue_client_visits.altegio_record_id = %(altegio_record_id_1)s::INTEGER 
 LIMIT %(param_1)s::INTEGER
2026-08-01 12:20:01,072 INFO sqlalchemy.engine.Engine [cached since 5.081s ago] {'altegio_record_id_1': 656376384, 'param_1': 1}
2026-08-01 12:20:01,074 INFO sqlalchemy.engine.Engine SELECT revenue_client_visits.id AS revenue_client_visits_id, revenue_client_visits.revenue_client_id AS revenue_client_visits_revenue_client_id, revenue_client_visits.altegio_record_id AS revenue_client_visits_altegio_record_id, revenue_client_visits.last_visit_date AS revenue_client_visits_last_visit_date, revenue_client_visits.previous_visit_date AS revenue_client_visits_previous_visit_date, revenue_client_visits.services AS revenue_client_visits_services, revenue_client_visits.master AS revenue_client_visits_master, revenue_client_visits.amount AS revenue_client_visits_amount, revenue_client_visits.visit_status AS revenue_client_visits_visit_status, revenue_client_visits.raw_data AS revenue_client_visits_raw_data, revenue_client_visits.created_at AS revenue_client_visits_created_at, revenue_client_visits.updated_at AS revenue_client_visits_updated_at 
FROM revenue_client_visits 
WHERE revenue_client_visits.altegio_record_id = %(altegio_record_id_1)s::INTEGER 
 LIMIT %(param_1)s::INTEGER
2026-08-01 12:20:01,074 INFO sqlalchemy.engine.Engine [cached since 5.082s ago] {'altegio_record_id_1': 634380876, 'param_1': 1}
2026-08-01 12:20:01,075 INFO sqlalchemy.engine.Engine SELECT revenue_client_visits.id AS revenue_client_visits_id, revenue_client_visits.revenue_client_id AS revenue_client_visits_revenue_client_id, revenue_client_visits.altegio_record_id AS revenue_client_visits_altegio_record_id, revenue_client_visits.last_visit_date AS revenue_client_visits_last_visit_date, revenue_client_visits.previous_visit_date AS revenue_client_visits_previous_visit_date, revenue_client_visits.services AS revenue_client_visits_services, revenue_client_visits.master AS revenue_client_visits_master, revenue_client_visits.amount AS revenue_client_visits_amount, revenue_client_visits.visit_status AS revenue_client_visits_visit_status, revenue_client_visits.raw_data AS revenue_client_visits_raw_data, revenue_client_visits.created_at AS revenue_client_visits_created_at, revenue_client_visits.updated_at AS revenue_client_visits_updated_at 
FROM revenue_client_visits 
WHERE revenue_client_visits.altegio_record_id = %(altegio_record_id_1)s::INTEGER 
 LIMIT %(param_1)s::INTEGER
2026-08-01 12:20:01,075 INFO sqlalchemy.engine.Engine [cached since 5.084s ago] {'altegio_record_id_1': 632449584, 'param_1': 1}
2026-08-01 12:20:01,076 INFO sqlalchemy.engine.Engine SELECT revenue_client_visits.id AS revenue_client_visits_id, revenue_client_visits.revenue_client_id AS revenue_client_visits_revenue_client_id, revenue_client_visits.altegio_record_id AS revenue_client_visits_altegio_record_id, revenue_client_visits.last_visit_date AS revenue_client_visits_last_visit_date, revenue_client_visits.previous_visit_date AS revenue_client_visits_previous_visit_date, revenue_client_visits.services AS revenue_client_visits_services, revenue_client_visits.master AS revenue_client_visits_master, revenue_client_visits.amount AS revenue_client_visits_amount, revenue_client_visits.visit_status AS revenue_client_visits_visit_status, revenue_client_visits.raw_data AS revenue_client_visits_raw_data, revenue_client_visits.created_at AS revenue_client_visits_created_at, revenue_client_visits.updated_at AS revenue_client_visits_updated_at 
FROM revenue_client_visits 
WHERE revenue_client_visits.altegio_record_id = %(altegio_record_id_1)s::INTEGER 
 LIMIT %(param_1)s::INTEGER
2026-08-01 12:20:01,076 INFO sqlalchemy.engine.Engine [cached since 5.085s ago] {'altegio_record_id_1': 621048661, 'param_1': 1}
2026-08-01 12:20:01,077 INFO sqlalchemy.engine.Engine SELECT revenue_client_visits.id AS revenue_client_visits_id, revenue_client_visits.revenue_client_id AS revenue_client_visits_revenue_client_id, revenue_client_visits.altegio_record_id AS revenue_client_visits_altegio_record_id, revenue_client_visits.last_visit_date AS revenue_client_visits_last_visit_date, revenue_client_visits.previous_visit_date AS revenue_client_visits_previous_visit_date, revenue_client_visits.services AS revenue_client_visits_services, revenue_client_visits.master AS revenue_client_visits_master, revenue_client_visits.amount AS revenue_client_visits_amount, revenue_client_visits.visit_status AS revenue_client_visits_visit_status, revenue_client_visits.raw_data AS revenue_client_visits_raw_data, revenue_client_visits.created_at AS revenue_client_visits_created_at, revenue_client_visits.updated_at AS revenue_client_visits_updated_at 
FROM revenue_client_visits 
WHERE revenue_client_visits.altegio_record_id = %(altegio_record_id_1)s::INTEGER 
 LIMIT %(param_1)s::INTEGER
2026-08-01 12:20:01,077 INFO sqlalchemy.engine.Engine [cached since 5.086s ago] {'altegio_record_id_1': 620889122, 'param_1': 1}
2026-08-01 12:20:01,078 INFO sqlalchemy.engine.Engine SELECT revenue_client_visits.id AS revenue_client_visits_id, revenue_client_visits.revenue_client_id AS revenue_client_visits_revenue_client_id, revenue_client_visits.altegio_record_id AS revenue_client_visits_altegio_record_id, revenue_client_visits.last_visit_date AS revenue_client_visits_last_visit_date, revenue_client_visits.previous_visit_date AS revenue_client_visits_previous_visit_date, revenue_client_visits.services AS revenue_client_visits_services, revenue_client_visits.master AS revenue_client_visits_master, revenue_client_visits.amount AS revenue_client_visits_amount, revenue_client_visits.visit_status AS revenue_client_visits_visit_status, revenue_client_visits.raw_data AS revenue_client_visits_raw_data, revenue_client_visits.created_at AS revenue_client_visits_created_at, revenue_client_visits.updated_at AS revenue_client_visits_updated_at 
FROM revenue_client_visits 
WHERE revenue_client_visits.altegio_record_id = %(altegio_record_id_1)s::INTEGER 
 LIMIT %(param_1)s::INTEGER
2026-08-01 12:20:01,078 INFO sqlalchemy.engine.Engine [cached since 5.087s ago] {'altegio_record_id_1': 607711145, 'param_1': 1}
2026-08-01 12:20:01,079 INFO sqlalchemy.engine.Engine SELECT revenue_client_visits.id AS revenue_client_visits_id, revenue_client_visits.revenue_client_id AS revenue_client_visits_revenue_client_id, revenue_client_visits.altegio_record_id AS revenue_client_visits_altegio_record_id, revenue_client_visits.last_visit_date AS revenue_client_visits_last_visit_date, revenue_client_visits.previous_visit_date AS revenue_client_visits_previous_visit_date, revenue_client_visits.services AS revenue_client_visits_services, revenue_client_visits.master AS revenue_client_visits_master, revenue_client_visits.amount AS revenue_client_visits_amount, revenue_client_visits.visit_status AS revenue_client_visits_visit_status, revenue_client_visits.raw_data AS revenue_client_visits_raw_data, revenue_client_visits.created_at AS revenue_client_visits_created_at, revenue_client_visits.updated_at AS revenue_client_visits_updated_at 
FROM revenue_client_visits 
WHERE revenue_client_visits.revenue_client_id = %(revenue_client_id_1)s::INTEGER ORDER BY revenue_client_visits.last_visit_date ASC, revenue_client_visits.id ASC
2026-08-01 12:20:01,079 INFO sqlalchemy.engine.Engine [cached since 5.079s ago] {'revenue_client_id_1': 27}
2026-08-01 12:20:01,250 INFO sqlalchemy.engine.Engine SELECT revenue_client_visits.id AS revenue_client_visits_id, revenue_client_visits.revenue_client_id AS revenue_client_visits_revenue_client_id, revenue_client_visits.altegio_record_id AS revenue_client_visits_altegio_record_id, revenue_client_visits.last_visit_date AS revenue_client_visits_last_visit_date, revenue_client_visits.previous_visit_date AS revenue_client_visits_previous_visit_date, revenue_client_visits.services AS revenue_client_visits_services, revenue_client_visits.master AS revenue_client_visits_master, revenue_client_visits.amount AS revenue_client_visits_amount, revenue_client_visits.visit_status AS revenue_client_visits_visit_status, revenue_client_visits.raw_data AS revenue_client_visits_raw_data, revenue_client_visits.created_at AS revenue_client_visits_created_at, revenue_client_visits.updated_at AS revenue_client_visits_updated_at 
FROM revenue_client_visits 
WHERE revenue_client_visits.altegio_record_id = %(altegio_record_id_1)s::INTEGER 
 LIMIT %(param_1)s::INTEGER
2026-08-01 12:20:01,251 INFO sqlalchemy.engine.Engine [cached since 5.259s ago] {'altegio_record_id_1': 608134294, 'param_1': 1}
2026-08-01 12:20:01,252 INFO sqlalchemy.engine.Engine SELECT revenue_client_visits.id AS revenue_client_visits_id, revenue_client_visits.revenue_client_id AS revenue_client_visits_revenue_client_id, revenue_client_visits.altegio_record_id AS revenue_client_visits_altegio_record_id, revenue_client_visits.last_visit_date AS revenue_client_visits_last_visit_date, revenue_client_visits.previous_visit_date AS revenue_client_visits_previous_visit_date, revenue_client_visits.services AS revenue_client_visits_services, revenue_client_visits.master AS revenue_client_visits_master, revenue_client_visits.amount AS revenue_client_visits_amount, revenue_client_visits.visit_status AS revenue_client_visits_visit_status, revenue_client_visits.raw_data AS revenue_client_visits_raw_data, revenue_client_visits.created_at AS revenue_client_visits_created_at, revenue_client_visits.updated_at AS revenue_client_visits_updated_at 
FROM revenue_client_visits 
WHERE revenue_client_visits.revenue_client_id = %(revenue_client_id_1)s::INTEGER ORDER BY revenue_client_visits.last_visit_date ASC, revenue_client_visits.id ASC
2026-08-01 12:20:01,252 INFO sqlalchemy.engine.Engine [cached since 5.252s ago] {'revenue_client_id_1': 28}
2026-08-01 12:20:01,437 INFO sqlalchemy.engine.Engine SELECT revenue_client_visits.id AS revenue_client_visits_id, revenue_client_visits.revenue_client_id AS revenue_client_visits_revenue_client_id, revenue_client_visits.altegio_record_id AS revenue_client_visits_altegio_record_id, revenue_client_visits.last_visit_date AS revenue_client_visits_last_visit_date, revenue_client_visits.previous_visit_date AS revenue_client_visits_previous_visit_date, revenue_client_visits.services AS revenue_client_visits_services, revenue_client_visits.master AS revenue_client_visits_master, revenue_client_visits.amount AS revenue_client_visits_amount, revenue_client_visits.visit_status AS revenue_client_visits_visit_status, revenue_client_visits.raw_data AS revenue_client_visits_raw_data, revenue_client_visits.created_at AS revenue_client_visits_created_at, revenue_client_visits.updated_at AS revenue_client_visits_updated_at 
FROM revenue_client_visits 
WHERE revenue_client_visits.altegio_record_id = %(altegio_record_id_1)s::INTEGER 
 LIMIT %(param_1)s::INTEGER
2026-08-01 12:20:01,437 INFO sqlalchemy.engine.Engine [cached since 5.446s ago] {'altegio_record_id_1': 632817920, 'param_1': 1}
2026-08-01 12:20:01,439 INFO sqlalchemy.engine.Engine SELECT revenue_client_visits.id AS revenue_client_visits_id, revenue_client_visits.revenue_client_id AS revenue_client_visits_revenue_client_id, revenue_client_visits.altegio_record_id AS revenue_client_visits_altegio_record_id, revenue_client_visits.last_visit_date AS revenue_client_visits_last_visit_date, revenue_client_visits.previous_visit_date AS revenue_client_visits_previous_visit_date, revenue_client_visits.services AS revenue_client_visits_services, revenue_client_visits.master AS revenue_client_visits_master, revenue_client_visits.amount AS revenue_client_visits_amount, revenue_client_visits.visit_status AS revenue_client_visits_visit_status, revenue_client_visits.raw_data AS revenue_client_visits_raw_data, revenue_client_visits.created_at AS revenue_client_visits_created_at, revenue_client_visits.updated_at AS revenue_client_visits_updated_at 
FROM revenue_client_visits 
WHERE revenue_client_visits.altegio_record_id = %(altegio_record_id_1)s::INTEGER 
 LIMIT %(param_1)s::INTEGER
2026-08-01 12:20:01,439 INFO sqlalchemy.engine.Engine [cached since 5.448s ago] {'altegio_record_id_1': 620757534, 'param_1': 1}
2026-08-01 12:20:01,440 INFO sqlalchemy.engine.Engine SELECT revenue_client_visits.id AS revenue_client_visits_id, revenue_client_visits.revenue_client_id AS revenue_client_visits_revenue_client_id, revenue_client_visits.altegio_record_id AS revenue_client_visits_altegio_record_id, revenue_client_visits.last_visit_date AS revenue_client_visits_last_visit_date, revenue_client_visits.previous_visit_date AS revenue_client_visits_previous_visit_date, revenue_client_visits.services AS revenue_client_visits_services, revenue_client_visits.master AS revenue_client_visits_master, revenue_client_visits.amount AS revenue_client_visits_amount, revenue_client_visits.visit_status AS revenue_client_visits_visit_status, revenue_client_visits.raw_data AS revenue_client_visits_raw_data, revenue_client_visits.created_at AS revenue_client_visits_created_at, revenue_client_visits.updated_at AS revenue_client_visits_updated_at 
FROM revenue_client_visits 
WHERE revenue_client_visits.altegio_record_id = %(altegio_record_id_1)s::INTEGER 
 LIMIT %(param_1)s::INTEGER
2026-08-01 12:20:01,440 INFO sqlalchemy.engine.Engine [cached since 5.449s ago] {'altegio_record_id_1': 619320486, 'param_1': 1}
2026-08-01 12:20:01,441 INFO sqlalchemy.engine.Engine SELECT revenue_client_visits.id AS revenue_client_visits_id, revenue_client_visits.revenue_client_id AS revenue_client_visits_revenue_client_id, revenue_client_visits.altegio_record_id AS revenue_client_visits_altegio_record_id, revenue_client_visits.last_visit_date AS revenue_client_visits_last_visit_date, revenue_client_visits.previous_visit_date AS revenue_client_visits_previous_visit_date, revenue_client_visits.services AS revenue_client_visits_services, revenue_client_visits.master AS revenue_client_visits_master, revenue_client_visits.amount AS revenue_client_visits_amount, revenue_client_visits.visit_status AS revenue_client_visits_visit_status, revenue_client_visits.raw_data AS revenue_client_visits_raw_data, revenue_client_visits.created_at AS revenue_client_visits_created_at, revenue_client_visits.updated_at AS revenue_client_visits_updated_at 
FROM revenue_client_visits 
WHERE revenue_client_visits.altegio_record_id = %(altegio_record_id_1)s::INTEGER 
 LIMIT %(param_1)s::INTEGER
2026-08-01 12:20:01,441 INFO sqlalchemy.engine.Engine [cached since 5.45s ago] {'altegio_record_id_1': 608185502, 'param_1': 1}
2026-08-01 12:20:01,442 INFO sqlalchemy.engine.Engine SELECT revenue_client_visits.id AS revenue_client_visits_id, revenue_client_visits.revenue_client_id AS revenue_client_visits_revenue_client_id, revenue_client_visits.altegio_record_id AS revenue_client_visits_altegio_record_id, revenue_client_visits.last_visit_date AS revenue_client_visits_last_visit_date, revenue_client_visits.previous_visit_date AS revenue_client_visits_previous_visit_date, revenue_client_visits.services AS revenue_client_visits_services, revenue_client_visits.master AS revenue_client_visits_master, revenue_client_visits.amount AS revenue_client_visits_amount, revenue_client_visits.visit_status AS revenue_client_visits_visit_status, revenue_client_visits.raw_data AS revenue_client_visits_raw_data, revenue_client_visits.created_at AS revenue_client_visits_created_at, revenue_client_visits.updated_at AS revenue_client_visits_updated_at 
FROM revenue_client_visits 
WHERE revenue_client_visits.altegio_record_id = %(altegio_record_id_1)s::INTEGER 
 LIMIT %(param_1)s::INTEGER
2026-08-01 12:20:01,442 INFO sqlalchemy.engine.Engine [cached since 5.451s ago] {'altegio_record_id_1': 608184700, 'param_1': 1}
2026-08-01 12:20:01,443 INFO sqlalchemy.engine.Engine SELECT revenue_client_visits.id AS revenue_client_visits_id, revenue_client_visits.revenue_client_id AS revenue_client_visits_revenue_client_id, revenue_client_visits.altegio_record_id AS revenue_client_visits_altegio_record_id, revenue_client_visits.last_visit_date AS revenue_client_visits_last_visit_date, revenue_client_visits.previous_visit_date AS revenue_client_visits_previous_visit_date, revenue_client_visits.services AS revenue_client_visits_services, revenue_client_visits.master AS revenue_client_visits_master, revenue_client_visits.amount AS revenue_client_visits_amount, revenue_client_visits.visit_status AS revenue_client_visits_visit_status, revenue_client_visits.raw_data AS revenue_client_visits_raw_data, revenue_client_visits.created_at AS revenue_client_visits_created_at, revenue_client_visits.updated_at AS revenue_client_visits_updated_at 
FROM revenue_client_visits 
WHERE revenue_client_visits.revenue_client_id = %(revenue_client_id_1)s::INTEGER ORDER BY revenue_client_visits.last_visit_date ASC, revenue_client_visits.id ASC
2026-08-01 12:20:01,443 INFO sqlalchemy.engine.Engine [cached since 5.443s ago] {'revenue_client_id_1': 29}
2026-08-01 12:20:01,624 INFO sqlalchemy.engine.Engine SELECT revenue_client_visits.id AS revenue_client_visits_id, revenue_client_visits.revenue_client_id AS revenue_client_visits_revenue_client_id, revenue_client_visits.altegio_record_id AS revenue_client_visits_altegio_record_id, revenue_client_visits.last_visit_date AS revenue_client_visits_last_visit_date, revenue_client_visits.previous_visit_date AS revenue_client_visits_previous_visit_date, revenue_client_visits.services AS revenue_client_visits_services, revenue_client_visits.master AS revenue_client_visits_master, revenue_client_visits.amount AS revenue_client_visits_amount, revenue_client_visits.visit_status AS revenue_client_visits_visit_status, revenue_client_visits.raw_data AS revenue_client_visits_raw_data, revenue_client_visits.created_at AS revenue_client_visits_created_at, revenue_client_visits.updated_at AS revenue_client_visits_updated_at 
FROM revenue_client_visits 
WHERE revenue_client_visits.altegio_record_id = %(altegio_record_id_1)s::INTEGER 
 LIMIT %(param_1)s::INTEGER
2026-08-01 12:20:01,624 INFO sqlalchemy.engine.Engine [cached since 5.633s ago] {'altegio_record_id_1': 608356771, 'param_1': 1}
2026-08-01 12:20:01,626 INFO sqlalchemy.engine.Engine SELECT revenue_client_visits.id AS revenue_client_visits_id, revenue_client_visits.revenue_client_id AS revenue_client_visits_revenue_client_id, revenue_client_visits.altegio_record_id AS revenue_client_visits_altegio_record_id, revenue_client_visits.last_visit_date AS revenue_client_visits_last_visit_date, revenue_client_visits.previous_visit_date AS revenue_client_visits_previous_visit_date, revenue_client_visits.services AS revenue_client_visits_services, revenue_client_visits.master AS revenue_client_visits_master, revenue_client_visits.amount AS revenue_client_visits_amount, revenue_client_visits.visit_status AS revenue_client_visits_visit_status, revenue_client_visits.raw_data AS revenue_client_visits_raw_data, revenue_client_visits.created_at AS revenue_client_visits_created_at, revenue_client_visits.updated_at AS revenue_client_visits_updated_at 
FROM revenue_client_visits 
WHERE revenue_client_visits.revenue_client_id = %(revenue_client_id_1)s::INTEGER ORDER BY revenue_client_visits.last_visit_date ASC, revenue_client_visits.id ASC
2026-08-01 12:20:01,626 INFO sqlalchemy.engine.Engine [cached since 5.626s ago] {'revenue_client_id_1': 30}
2026-08-01 12:20:01,798 INFO sqlalchemy.engine.Engine SELECT revenue_client_visits.id AS revenue_client_visits_id, revenue_client_visits.revenue_client_id AS revenue_client_visits_revenue_client_id, revenue_client_visits.altegio_record_id AS revenue_client_visits_altegio_record_id, revenue_client_visits.last_visit_date AS revenue_client_visits_last_visit_date, revenue_client_visits.previous_visit_date AS revenue_client_visits_previous_visit_date, revenue_client_visits.services AS revenue_client_visits_services, revenue_client_visits.master AS revenue_client_visits_master, revenue_client_visits.amount AS revenue_client_visits_amount, revenue_client_visits.visit_status AS revenue_client_visits_visit_status, revenue_client_visits.raw_data AS revenue_client_visits_raw_data, revenue_client_visits.created_at AS revenue_client_visits_created_at, revenue_client_visits.updated_at AS revenue_client_visits_updated_at 
FROM revenue_client_visits 
WHERE revenue_client_visits.altegio_record_id = %(altegio_record_id_1)s::INTEGER 
 LIMIT %(param_1)s::INTEGER
2026-08-01 12:20:01,798 INFO sqlalchemy.engine.Engine [cached since 5.807s ago] {'altegio_record_id_1': 608456702, 'param_1': 1}
2026-08-01 12:20:01,800 INFO sqlalchemy.engine.Engine SELECT revenue_client_visits.id AS revenue_client_visits_id, revenue_client_visits.revenue_client_id AS revenue_client_visits_revenue_client_id, revenue_client_visits.altegio_record_id AS revenue_client_visits_altegio_record_id, revenue_client_visits.last_visit_date AS revenue_client_visits_last_visit_date, revenue_client_visits.previous_visit_date AS revenue_client_visits_previous_visit_date, revenue_client_visits.services AS revenue_client_visits_services, revenue_client_visits.master AS revenue_client_visits_master, revenue_client_visits.amount AS revenue_client_visits_amount, revenue_client_visits.visit_status AS revenue_client_visits_visit_status, revenue_client_visits.raw_data AS revenue_client_visits_raw_data, revenue_client_visits.created_at AS revenue_client_visits_created_at, revenue_client_visits.updated_at AS revenue_client_visits_updated_at 
FROM revenue_client_visits 
WHERE revenue_client_visits.revenue_client_id = %(revenue_client_id_1)s::INTEGER ORDER BY revenue_client_visits.last_visit_date ASC, revenue_client_visits.id ASC
2026-08-01 12:20:01,800 INFO sqlalchemy.engine.Engine [cached since 5.8s ago] {'revenue_client_id_1': 31}
2026-08-01 12:20:01,999 INFO sqlalchemy.engine.Engine SELECT revenue_client_visits.id AS revenue_client_visits_id, revenue_client_visits.revenue_client_id AS revenue_client_visits_revenue_client_id, revenue_client_visits.altegio_record_id AS revenue_client_visits_altegio_record_id, revenue_client_visits.last_visit_date AS revenue_client_visits_last_visit_date, revenue_client_visits.previous_visit_date AS revenue_client_visits_previous_visit_date, revenue_client_visits.services AS revenue_client_visits_services, revenue_client_visits.master AS revenue_client_visits_master, revenue_client_visits.amount AS revenue_client_visits_amount, revenue_client_visits.visit_status AS revenue_client_visits_visit_status, revenue_client_visits.raw_data AS revenue_client_visits_raw_data, revenue_client_visits.created_at AS revenue_client_visits_created_at, revenue_client_visits.updated_at AS revenue_client_visits_updated_at 
FROM revenue_client_visits 
WHERE revenue_client_visits.altegio_record_id = %(altegio_record_id_1)s::INTEGER 
 LIMIT %(param_1)s::INTEGER
2026-08-01 12:20:01,999 INFO sqlalchemy.engine.Engine [cached since 6.007s ago] {'altegio_record_id_1': 609032317, 'param_1': 1}
2026-08-01 12:20:02,001 INFO sqlalchemy.engine.Engine SELECT revenue_client_visits.id AS revenue_client_visits_id, revenue_client_visits.revenue_client_id AS revenue_client_visits_revenue_client_id, revenue_client_visits.altegio_record_id AS revenue_client_visits_altegio_record_id, revenue_client_visits.last_visit_date AS revenue_client_visits_last_visit_date, revenue_client_visits.previous_visit_date AS revenue_client_visits_previous_visit_date, revenue_client_visits.services AS revenue_client_visits_services, revenue_client_visits.master AS revenue_client_visits_master, revenue_client_visits.amount AS revenue_client_visits_amount, revenue_client_visits.visit_status AS revenue_client_visits_visit_status, revenue_client_visits.raw_data AS revenue_client_visits_raw_data, revenue_client_visits.created_at AS revenue_client_visits_created_at, revenue_client_visits.updated_at AS revenue_client_visits_updated_at 
FROM revenue_client_visits 
WHERE revenue_client_visits.revenue_client_id = %(revenue_client_id_1)s::INTEGER ORDER BY revenue_client_visits.last_visit_date ASC, revenue_client_visits.id ASC
2026-08-01 12:20:02,001 INFO sqlalchemy.engine.Engine [cached since 6s ago] {'revenue_client_id_1': 33}
2026-08-01 12:20:02,177 INFO sqlalchemy.engine.Engine SELECT revenue_client_visits.id AS revenue_client_visits_id, revenue_client_visits.revenue_client_id AS revenue_client_visits_revenue_client_id, revenue_client_visits.altegio_record_id AS revenue_client_visits_altegio_record_id, revenue_client_visits.last_visit_date AS revenue_client_visits_last_visit_date, revenue_client_visits.previous_visit_date AS revenue_client_visits_previous_visit_date, revenue_client_visits.services AS revenue_client_visits_services, revenue_client_visits.master AS revenue_client_visits_master, revenue_client_visits.amount AS revenue_client_visits_amount, revenue_client_visits.visit_status AS revenue_client_visits_visit_status, revenue_client_visits.raw_data AS revenue_client_visits_raw_data, revenue_client_visits.created_at AS revenue_client_visits_created_at, revenue_client_visits.updated_at AS revenue_client_visits_updated_at 
FROM revenue_client_visits 
WHERE revenue_client_visits.altegio_record_id = %(altegio_record_id_1)s::INTEGER 
 LIMIT %(param_1)s::INTEGER
2026-08-01 12:20:02,177 INFO sqlalchemy.engine.Engine [cached since 6.186s ago] {'altegio_record_id_1': 611928995, 'param_1': 1}
2026-08-01 12:20:02,179 INFO sqlalchemy.engine.Engine SELECT revenue_client_visits.id AS revenue_client_visits_id, revenue_client_visits.revenue_client_id AS revenue_client_visits_revenue_client_id, revenue_client_visits.altegio_record_id AS revenue_client_visits_altegio_record_id, revenue_client_visits.last_visit_date AS revenue_client_visits_last_visit_date, revenue_client_visits.previous_visit_date AS revenue_client_visits_previous_visit_date, revenue_client_visits.services AS revenue_client_visits_services, revenue_client_visits.master AS revenue_client_visits_master, revenue_client_visits.amount AS revenue_client_visits_amount, revenue_client_visits.visit_status AS revenue_client_visits_visit_status, revenue_client_visits.raw_data AS revenue_client_visits_raw_data, revenue_client_visits.created_at AS revenue_client_visits_created_at, revenue_client_visits.updated_at AS revenue_client_visits_updated_at 
FROM revenue_client_visits 
WHERE revenue_client_visits.altegio_record_id = %(altegio_record_id_1)s::INTEGER 
 LIMIT %(param_1)s::INTEGER
2026-08-01 12:20:02,179 INFO sqlalchemy.engine.Engine [cached since 6.187s ago] {'altegio_record_id_1': 609465084, 'param_1': 1}
2026-08-01 12:20:02,180 INFO sqlalchemy.engine.Engine SELECT revenue_client_visits.id AS revenue_client_visits_id, revenue_client_visits.revenue_client_id AS revenue_client_visits_revenue_client_id, revenue_client_visits.altegio_record_id AS revenue_client_visits_altegio_record_id, revenue_client_visits.last_visit_date AS revenue_client_visits_last_visit_date, revenue_client_visits.previous_visit_date AS revenue_client_visits_previous_visit_date, revenue_client_visits.services AS revenue_client_visits_services, revenue_client_visits.master AS revenue_client_visits_master, revenue_client_visits.amount AS revenue_client_visits_amount, revenue_client_visits.visit_status AS revenue_client_visits_visit_status, revenue_client_visits.raw_data AS revenue_client_visits_raw_data, revenue_client_visits.created_at AS revenue_client_visits_created_at, revenue_client_visits.updated_at AS revenue_client_visits_updated_at 
FROM revenue_client_visits 
WHERE revenue_client_visits.revenue_client_id = %(revenue_client_id_1)s::INTEGER ORDER BY revenue_client_visits.last_visit_date ASC, revenue_client_visits.id ASC
2026-08-01 12:20:02,180 INFO sqlalchemy.engine.Engine [cached since 6.18s ago] {'revenue_client_id_1': 34}
2026-08-01 12:20:02,403 INFO sqlalchemy.engine.Engine SELECT revenue_client_visits.id AS revenue_client_visits_id, revenue_client_visits.revenue_client_id AS revenue_client_visits_revenue_client_id, revenue_client_visits.altegio_record_id AS revenue_client_visits_altegio_record_id, revenue_client_visits.last_visit_date AS revenue_client_visits_last_visit_date, revenue_client_visits.previous_visit_date AS revenue_client_visits_previous_visit_date, revenue_client_visits.services AS revenue_client_visits_services, revenue_client_visits.master AS revenue_client_visits_master, revenue_client_visits.amount AS revenue_client_visits_amount, revenue_client_visits.visit_status AS revenue_client_visits_visit_status, revenue_client_visits.raw_data AS revenue_client_visits_raw_data, revenue_client_visits.created_at AS revenue_client_visits_created_at, revenue_client_visits.updated_at AS revenue_client_visits_updated_at 
FROM revenue_client_visits 
WHERE revenue_client_visits.altegio_record_id = %(altegio_record_id_1)s::INTEGER 
 LIMIT %(param_1)s::INTEGER
2026-08-01 12:20:02,404 INFO sqlalchemy.engine.Engine [cached since 6.412s ago] {'altegio_record_id_1': 609581609, 'param_1': 1}
2026-08-01 12:20:02,405 INFO sqlalchemy.engine.Engine SELECT revenue_client_visits.id AS revenue_client_visits_id, revenue_client_visits.revenue_client_id AS revenue_client_visits_revenue_client_id, revenue_client_visits.altegio_record_id AS revenue_client_visits_altegio_record_id, revenue_client_visits.last_visit_date AS revenue_client_visits_last_visit_date, revenue_client_visits.previous_visit_date AS revenue_client_visits_previous_visit_date, revenue_client_visits.services AS revenue_client_visits_services, revenue_client_visits.master AS revenue_client_visits_master, revenue_client_visits.amount AS revenue_client_visits_amount, revenue_client_visits.visit_status AS revenue_client_visits_visit_status, revenue_client_visits.raw_data AS revenue_client_visits_raw_data, revenue_client_visits.created_at AS revenue_client_visits_created_at, revenue_client_visits.updated_at AS revenue_client_visits_updated_at 
FROM revenue_client_visits 
WHERE revenue_client_visits.revenue_client_id = %(revenue_client_id_1)s::INTEGER ORDER BY revenue_client_visits.last_visit_date ASC, revenue_client_visits.id ASC
2026-08-01 12:20:02,405 INFO sqlalchemy.engine.Engine [cached since 6.405s ago] {'revenue_client_id_1': 35}
2026-08-01 12:20:02,592 INFO sqlalchemy.engine.Engine SELECT revenue_client_visits.id AS revenue_client_visits_id, revenue_client_visits.revenue_client_id AS revenue_client_visits_revenue_client_id, revenue_client_visits.altegio_record_id AS revenue_client_visits_altegio_record_id, revenue_client_visits.last_visit_date AS revenue_client_visits_last_visit_date, revenue_client_visits.previous_visit_date AS revenue_client_visits_previous_visit_date, revenue_client_visits.services AS revenue_client_visits_services, revenue_client_visits.master AS revenue_client_visits_master, revenue_client_visits.amount AS revenue_client_visits_amount, revenue_client_visits.visit_status AS revenue_client_visits_visit_status, revenue_client_visits.raw_data AS revenue_client_visits_raw_data, revenue_client_visits.created_at AS revenue_client_visits_created_at, revenue_client_visits.updated_at AS revenue_client_visits_updated_at 
FROM revenue_client_visits 
WHERE revenue_client_visits.altegio_record_id = %(altegio_record_id_1)s::INTEGER 
 LIMIT %(param_1)s::INTEGER
2026-08-01 12:20:02,592 INFO sqlalchemy.engine.Engine [cached since 6.601s ago] {'altegio_record_id_1': 623394292, 'param_1': 1}
2026-08-01 12:20:02,594 INFO sqlalchemy.engine.Engine SELECT revenue_client_visits.id AS revenue_client_visits_id, revenue_client_visits.revenue_client_id AS revenue_client_visits_revenue_client_id, revenue_client_visits.altegio_record_id AS revenue_client_visits_altegio_record_id, revenue_client_visits.last_visit_date AS revenue_client_visits_last_visit_date, revenue_client_visits.previous_visit_date AS revenue_client_visits_previous_visit_date, revenue_client_visits.services AS revenue_client_visits_services, revenue_client_visits.master AS revenue_client_visits_master, revenue_client_visits.amount AS revenue_client_visits_amount, revenue_client_visits.visit_status AS revenue_client_visits_visit_status, revenue_client_visits.raw_data AS revenue_client_visits_raw_data, revenue_client_visits.created_at AS revenue_client_visits_created_at, revenue_client_visits.updated_at AS revenue_client_visits_updated_at 
FROM revenue_client_visits 
WHERE revenue_client_visits.altegio_record_id = %(altegio_record_id_1)s::INTEGER 
 LIMIT %(param_1)s::INTEGER
2026-08-01 12:20:02,594 INFO sqlalchemy.engine.Engine [cached since 6.602s ago] {'altegio_record_id_1': 615166121, 'param_1': 1}
2026-08-01 12:20:02,595 INFO sqlalchemy.engine.Engine SELECT revenue_client_visits.id AS revenue_client_visits_id, revenue_client_visits.revenue_client_id AS revenue_client_visits_revenue_client_id, revenue_client_visits.altegio_record_id AS revenue_client_visits_altegio_record_id, revenue_client_visits.last_visit_date AS revenue_client_visits_last_visit_date, revenue_client_visits.previous_visit_date AS revenue_client_visits_previous_visit_date, revenue_client_visits.services AS revenue_client_visits_services, revenue_client_visits.master AS revenue_client_visits_master, revenue_client_visits.amount AS revenue_client_visits_amount, revenue_client_visits.visit_status AS revenue_client_visits_visit_status, revenue_client_visits.raw_data AS revenue_client_visits_raw_data, revenue_client_visits.created_at AS revenue_client_visits_created_at, revenue_client_visits.updated_at AS revenue_client_visits_updated_at 
FROM revenue_client_visits 
WHERE revenue_client_visits.altegio_record_id = %(altegio_record_id_1)s::INTEGER 
 LIMIT %(param_1)s::INTEGER
2026-08-01 12:20:02,595 INFO sqlalchemy.engine.Engine [cached since 6.603s ago] {'altegio_record_id_1': 609698808, 'param_1': 1}
2026-08-01 12:20:02,596 INFO sqlalchemy.engine.Engine SELECT revenue_client_visits.id AS revenue_client_visits_id, revenue_client_visits.revenue_client_id AS revenue_client_visits_revenue_client_id, revenue_client_visits.altegio_record_id AS revenue_client_visits_altegio_record_id, revenue_client_visits.last_visit_date AS revenue_client_visits_last_visit_date, revenue_client_visits.previous_visit_date AS revenue_client_visits_previous_visit_date, revenue_client_visits.services AS revenue_client_visits_services, revenue_client_visits.master AS revenue_client_visits_master, revenue_client_visits.amount AS revenue_client_visits_amount, revenue_client_visits.visit_status AS revenue_client_visits_visit_status, revenue_client_visits.raw_data AS revenue_client_visits_raw_data, revenue_client_visits.created_at AS revenue_client_visits_created_at, revenue_client_visits.updated_at AS revenue_client_visits_updated_at 
FROM revenue_client_visits 
WHERE revenue_client_visits.revenue_client_id = %(revenue_client_id_1)s::INTEGER ORDER BY revenue_client_visits.last_visit_date ASC, revenue_client_visits.id ASC
2026-08-01 12:20:02,596 INFO sqlalchemy.engine.Engine [cached since 6.596s ago] {'revenue_client_id_1': 36}
2026-08-01 12:20:02,764 INFO sqlalchemy.engine.Engine SELECT revenue_client_visits.id AS revenue_client_visits_id, revenue_client_visits.revenue_client_id AS revenue_client_visits_revenue_client_id, revenue_client_visits.altegio_record_id AS revenue_client_visits_altegio_record_id, revenue_client_visits.last_visit_date AS revenue_client_visits_last_visit_date, revenue_client_visits.previous_visit_date AS revenue_client_visits_previous_visit_date, revenue_client_visits.services AS revenue_client_visits_services, revenue_client_visits.master AS revenue_client_visits_master, revenue_client_visits.amount AS revenue_client_visits_amount, revenue_client_visits.visit_status AS revenue_client_visits_visit_status, revenue_client_visits.raw_data AS revenue_client_visits_raw_data, revenue_client_visits.created_at AS revenue_client_visits_created_at, revenue_client_visits.updated_at AS revenue_client_visits_updated_at 
FROM revenue_client_visits 
WHERE revenue_client_visits.altegio_record_id = %(altegio_record_id_1)s::INTEGER 
 LIMIT %(param_1)s::INTEGER
2026-08-01 12:20:02,764 INFO sqlalchemy.engine.Engine [cached since 6.773s ago] {'altegio_record_id_1': 609771738, 'param_1': 1}
2026-08-01 12:20:02,766 INFO sqlalchemy.engine.Engine SELECT revenue_client_visits.id AS revenue_client_visits_id, revenue_client_visits.revenue_client_id AS revenue_client_visits_revenue_client_id, revenue_client_visits.altegio_record_id AS revenue_client_visits_altegio_record_id, revenue_client_visits.last_visit_date AS revenue_client_visits_last_visit_date, revenue_client_visits.previous_visit_date AS revenue_client_visits_previous_visit_date, revenue_client_visits.services AS revenue_client_visits_services, revenue_client_visits.master AS revenue_client_visits_master, revenue_client_visits.amount AS revenue_client_visits_amount, revenue_client_visits.visit_status AS revenue_client_visits_visit_status, revenue_client_visits.raw_data AS revenue_client_visits_raw_data, revenue_client_visits.created_at AS revenue_client_visits_created_at, revenue_client_visits.updated_at AS revenue_client_visits_updated_at 
FROM revenue_client_visits 
WHERE revenue_client_visits.revenue_client_id = %(revenue_client_id_1)s::INTEGER ORDER BY revenue_client_visits.last_visit_date ASC, revenue_client_visits.id ASC
2026-08-01 12:20:02,766 INFO sqlalchemy.engine.Engine [cached since 6.766s ago] {'revenue_client_id_1': 37}
2026-08-01 12:20:02,974 INFO sqlalchemy.engine.Engine SELECT revenue_client_visits.id AS revenue_client_visits_id, revenue_client_visits.revenue_client_id AS revenue_client_visits_revenue_client_id, revenue_client_visits.altegio_record_id AS revenue_client_visits_altegio_record_id, revenue_client_visits.last_visit_date AS revenue_client_visits_last_visit_date, revenue_client_visits.previous_visit_date AS revenue_client_visits_previous_visit_date, revenue_client_visits.services AS revenue_client_visits_services, revenue_client_visits.master AS revenue_client_visits_master, revenue_client_visits.amount AS revenue_client_visits_amount, revenue_client_visits.visit_status AS revenue_client_visits_visit_status, revenue_client_visits.raw_data AS revenue_client_visits_raw_data, revenue_client_visits.created_at AS revenue_client_visits_created_at, revenue_client_visits.updated_at AS revenue_client_visits_updated_at 
FROM revenue_client_visits 
WHERE revenue_client_visits.altegio_record_id = %(altegio_record_id_1)s::INTEGER 
 LIMIT %(param_1)s::INTEGER
2026-08-01 12:20:02,974 INFO sqlalchemy.engine.Engine [cached since 6.983s ago] {'altegio_record_id_1': 609947163, 'param_1': 1}
2026-08-01 12:20:02,975 INFO sqlalchemy.engine.Engine SELECT revenue_client_visits.id AS revenue_client_visits_id, revenue_client_visits.revenue_client_id AS revenue_client_visits_revenue_client_id, revenue_client_visits.altegio_record_id AS revenue_client_visits_altegio_record_id, revenue_client_visits.last_visit_date AS revenue_client_visits_last_visit_date, revenue_client_visits.previous_visit_date AS revenue_client_visits_previous_visit_date, revenue_client_visits.services AS revenue_client_visits_services, revenue_client_visits.master AS revenue_client_visits_master, revenue_client_visits.amount AS revenue_client_visits_amount, revenue_client_visits.visit_status AS revenue_client_visits_visit_status, revenue_client_visits.raw_data AS revenue_client_visits_raw_data, revenue_client_visits.created_at AS revenue_client_visits_created_at, revenue_client_visits.updated_at AS revenue_client_visits_updated_at 
FROM revenue_client_visits 
WHERE revenue_client_visits.revenue_client_id = %(revenue_client_id_1)s::INTEGER ORDER BY revenue_client_visits.last_visit_date ASC, revenue_client_visits.id ASC
2026-08-01 12:20:02,976 INFO sqlalchemy.engine.Engine [cached since 6.975s ago] {'revenue_client_id_1': 38}
2026-08-01 12:20:03,197 INFO sqlalchemy.engine.Engine SELECT revenue_client_visits.id AS revenue_client_visits_id, revenue_client_visits.revenue_client_id AS revenue_client_visits_revenue_client_id, revenue_client_visits.altegio_record_id AS revenue_client_visits_altegio_record_id, revenue_client_visits.last_visit_date AS revenue_client_visits_last_visit_date, revenue_client_visits.previous_visit_date AS revenue_client_visits_previous_visit_date, revenue_client_visits.services AS revenue_client_visits_services, revenue_client_visits.master AS revenue_client_visits_master, revenue_client_visits.amount AS revenue_client_visits_amount, revenue_client_visits.visit_status AS revenue_client_visits_visit_status, revenue_client_visits.raw_data AS revenue_client_visits_raw_data, revenue_client_visits.created_at AS revenue_client_visits_created_at, revenue_client_visits.updated_at AS revenue_client_visits_updated_at 
FROM revenue_client_visits 
WHERE revenue_client_visits.altegio_record_id = %(altegio_record_id_1)s::INTEGER 
 LIMIT %(param_1)s::INTEGER
2026-08-01 12:20:03,197 INFO sqlalchemy.engine.Engine [cached since 7.206s ago] {'altegio_record_id_1': 610752020, 'param_1': 1}
2026-08-01 12:20:03,198 INFO sqlalchemy.engine.Engine SELECT revenue_client_visits.id AS revenue_client_visits_id, revenue_client_visits.revenue_client_id AS revenue_client_visits_revenue_client_id, revenue_client_visits.altegio_record_id AS revenue_client_visits_altegio_record_id, revenue_client_visits.last_visit_date AS revenue_client_visits_last_visit_date, revenue_client_visits.previous_visit_date AS revenue_client_visits_previous_visit_date, revenue_client_visits.services AS revenue_client_visits_services, revenue_client_visits.master AS revenue_client_visits_master, revenue_client_visits.amount AS revenue_client_visits_amount, revenue_client_visits.visit_status AS revenue_client_visits_visit_status, revenue_client_visits.raw_data AS revenue_client_visits_raw_data, revenue_client_visits.created_at AS revenue_client_visits_created_at, revenue_client_visits.updated_at AS revenue_client_visits_updated_at 
FROM revenue_client_visits 
WHERE revenue_client_visits.altegio_record_id = %(altegio_record_id_1)s::INTEGER 
 LIMIT %(param_1)s::INTEGER
2026-08-01 12:20:03,199 INFO sqlalchemy.engine.Engine [cached since 7.207s ago] {'altegio_record_id_1': 609936554, 'param_1': 1}
2026-08-01 12:20:03,199 INFO sqlalchemy.engine.Engine SELECT revenue_client_visits.id AS revenue_client_visits_id, revenue_client_visits.revenue_client_id AS revenue_client_visits_revenue_client_id, revenue_client_visits.altegio_record_id AS revenue_client_visits_altegio_record_id, revenue_client_visits.last_visit_date AS revenue_client_visits_last_visit_date, revenue_client_visits.previous_visit_date AS revenue_client_visits_previous_visit_date, revenue_client_visits.services AS revenue_client_visits_services, revenue_client_visits.master AS revenue_client_visits_master, revenue_client_visits.amount AS revenue_client_visits_amount, revenue_client_visits.visit_status AS revenue_client_visits_visit_status, revenue_client_visits.raw_data AS revenue_client_visits_raw_data, revenue_client_visits.created_at AS revenue_client_visits_created_at, revenue_client_visits.updated_at AS revenue_client_visits_updated_at 
FROM revenue_client_visits 
WHERE revenue_client_visits.revenue_client_id = %(revenue_client_id_1)s::INTEGER ORDER BY revenue_client_visits.last_visit_date ASC, revenue_client_visits.id ASC
2026-08-01 12:20:03,200 INFO sqlalchemy.engine.Engine [cached since 7.199s ago] {'revenue_client_id_1': 39}
2026-08-01 12:20:03,444 INFO sqlalchemy.engine.Engine SELECT revenue_client_visits.id AS revenue_client_visits_id, revenue_client_visits.revenue_client_id AS revenue_client_visits_revenue_client_id, revenue_client_visits.altegio_record_id AS revenue_client_visits_altegio_record_id, revenue_client_visits.last_visit_date AS revenue_client_visits_last_visit_date, revenue_client_visits.previous_visit_date AS revenue_client_visits_previous_visit_date, revenue_client_visits.services AS revenue_client_visits_services, revenue_client_visits.master AS revenue_client_visits_master, revenue_client_visits.amount AS revenue_client_visits_amount, revenue_client_visits.visit_status AS revenue_client_visits_visit_status, revenue_client_visits.raw_data AS revenue_client_visits_raw_data, revenue_client_visits.created_at AS revenue_client_visits_created_at, revenue_client_visits.updated_at AS revenue_client_visits_updated_at 
FROM revenue_client_visits 
WHERE revenue_client_visits.altegio_record_id = %(altegio_record_id_1)s::INTEGER 
 LIMIT %(param_1)s::INTEGER
2026-08-01 12:20:03,444 INFO sqlalchemy.engine.Engine [cached since 7.453s ago] {'altegio_record_id_1': 652599123, 'param_1': 1}
2026-08-01 12:20:03,446 INFO sqlalchemy.engine.Engine SELECT revenue_client_visits.id AS revenue_client_visits_id, revenue_client_visits.revenue_client_id AS revenue_client_visits_revenue_client_id, revenue_client_visits.altegio_record_id AS revenue_client_visits_altegio_record_id, revenue_client_visits.last_visit_date AS revenue_client_visits_last_visit_date, revenue_client_visits.previous_visit_date AS revenue_client_visits_previous_visit_date, revenue_client_visits.services AS revenue_client_visits_services, revenue_client_visits.master AS revenue_client_visits_master, revenue_client_visits.amount AS revenue_client_visits_amount, revenue_client_visits.visit_status AS revenue_client_visits_visit_status, revenue_client_visits.raw_data AS revenue_client_visits_raw_data, revenue_client_visits.created_at AS revenue_client_visits_created_at, revenue_client_visits.updated_at AS revenue_client_visits_updated_at 
FROM revenue_client_visits 
WHERE revenue_client_visits.altegio_record_id = %(altegio_record_id_1)s::INTEGER 
 LIMIT %(param_1)s::INTEGER
2026-08-01 12:20:03,446 INFO sqlalchemy.engine.Engine [cached since 7.454s ago] {'altegio_record_id_1': 646254828, 'param_1': 1}
2026-08-01 12:20:03,447 INFO sqlalchemy.engine.Engine SELECT revenue_client_visits.id AS revenue_client_visits_id, revenue_client_visits.revenue_client_id AS revenue_client_visits_revenue_client_id, revenue_client_visits.altegio_record_id AS revenue_client_visits_altegio_record_id, revenue_client_visits.last_visit_date AS revenue_client_visits_last_visit_date, revenue_client_visits.previous_visit_date AS revenue_client_visits_previous_visit_date, revenue_client_visits.services AS revenue_client_visits_services, revenue_client_visits.master AS revenue_client_visits_master, revenue_client_visits.amount AS revenue_client_visits_amount, revenue_client_visits.visit_status AS revenue_client_visits_visit_status, revenue_client_visits.raw_data AS revenue_client_visits_raw_data, revenue_client_visits.created_at AS revenue_client_visits_created_at, revenue_client_visits.updated_at AS revenue_client_visits_updated_at 
FROM revenue_client_visits 
WHERE revenue_client_visits.altegio_record_id = %(altegio_record_id_1)s::INTEGER 
 LIMIT %(param_1)s::INTEGER
2026-08-01 12:20:03,447 INFO sqlalchemy.engine.Engine [cached since 7.455s ago] {'altegio_record_id_1': 610089321, 'param_1': 1}
2026-08-01 12:20:03,449 INFO sqlalchemy.engine.Engine SELECT revenue_client_visits.id AS revenue_client_visits_id, revenue_client_visits.revenue_client_id AS revenue_client_visits_revenue_client_id, revenue_client_visits.altegio_record_id AS revenue_client_visits_altegio_record_id, revenue_client_visits.last_visit_date AS revenue_client_visits_last_visit_date, revenue_client_visits.previous_visit_date AS revenue_client_visits_previous_visit_date, revenue_client_visits.services AS revenue_client_visits_services, revenue_client_visits.master AS revenue_client_visits_master, revenue_client_visits.amount AS revenue_client_visits_amount, revenue_client_visits.visit_status AS revenue_client_visits_visit_status, revenue_client_visits.raw_data AS revenue_client_visits_raw_data, revenue_client_visits.created_at AS revenue_client_visits_created_at, revenue_client_visits.updated_at AS revenue_client_visits_updated_at 
FROM revenue_client_visits 
WHERE revenue_client_visits.revenue_client_id = %(revenue_client_id_1)s::INTEGER ORDER BY revenue_client_visits.last_visit_date ASC, revenue_client_visits.id ASC
2026-08-01 12:20:03,449 INFO sqlalchemy.engine.Engine [cached since 7.449s ago] {'revenue_client_id_1': 40}
2026-08-01 12:20:03,626 INFO sqlalchemy.engine.Engine SELECT revenue_client_visits.id AS revenue_client_visits_id, revenue_client_visits.revenue_client_id AS revenue_client_visits_revenue_client_id, revenue_client_visits.altegio_record_id AS revenue_client_visits_altegio_record_id, revenue_client_visits.last_visit_date AS revenue_client_visits_last_visit_date, revenue_client_visits.previous_visit_date AS revenue_client_visits_previous_visit_date, revenue_client_visits.services AS revenue_client_visits_services, revenue_client_visits.master AS revenue_client_visits_master, revenue_client_visits.amount AS revenue_client_visits_amount, revenue_client_visits.visit_status AS revenue_client_visits_visit_status, revenue_client_visits.raw_data AS revenue_client_visits_raw_data, revenue_client_visits.created_at AS revenue_client_visits_created_at, revenue_client_visits.updated_at AS revenue_client_visits_updated_at 
FROM revenue_client_visits 
WHERE revenue_client_visits.altegio_record_id = %(altegio_record_id_1)s::INTEGER 
 LIMIT %(param_1)s::INTEGER
2026-08-01 12:20:03,626 INFO sqlalchemy.engine.Engine [cached since 7.635s ago] {'altegio_record_id_1': 610165986, 'param_1': 1}
2026-08-01 12:20:03,628 INFO sqlalchemy.engine.Engine SELECT revenue_client_visits.id AS revenue_client_visits_id, revenue_client_visits.revenue_client_id AS revenue_client_visits_revenue_client_id, revenue_client_visits.altegio_record_id AS revenue_client_visits_altegio_record_id, revenue_client_visits.last_visit_date AS revenue_client_visits_last_visit_date, revenue_client_visits.previous_visit_date AS revenue_client_visits_previous_visit_date, revenue_client_visits.services AS revenue_client_visits_services, revenue_client_visits.master AS revenue_client_visits_master, revenue_client_visits.amount AS revenue_client_visits_amount, revenue_client_visits.visit_status AS revenue_client_visits_visit_status, revenue_client_visits.raw_data AS revenue_client_visits_raw_data, revenue_client_visits.created_at AS revenue_client_visits_created_at, revenue_client_visits.updated_at AS revenue_client_visits_updated_at 
FROM revenue_client_visits 
WHERE revenue_client_visits.revenue_client_id = %(revenue_client_id_1)s::INTEGER ORDER BY revenue_client_visits.last_visit_date ASC, revenue_client_visits.id ASC
2026-08-01 12:20:03,628 INFO sqlalchemy.engine.Engine [cached since 7.627s ago] {'revenue_client_id_1': 41}
2026-08-01 12:20:03,976 INFO sqlalchemy.engine.Engine SELECT revenue_client_visits.id AS revenue_client_visits_id, revenue_client_visits.revenue_client_id AS revenue_client_visits_revenue_client_id, revenue_client_visits.altegio_record_id AS revenue_client_visits_altegio_record_id, revenue_client_visits.last_visit_date AS revenue_client_visits_last_visit_date, revenue_client_visits.previous_visit_date AS revenue_client_visits_previous_visit_date, revenue_client_visits.services AS revenue_client_visits_services, revenue_client_visits.master AS revenue_client_visits_master, revenue_client_visits.amount AS revenue_client_visits_amount, revenue_client_visits.visit_status AS revenue_client_visits_visit_status, revenue_client_visits.raw_data AS revenue_client_visits_raw_data, revenue_client_visits.created_at AS revenue_client_visits_created_at, revenue_client_visits.updated_at AS revenue_client_visits_updated_at 
FROM revenue_client_visits 
WHERE revenue_client_visits.altegio_record_id = %(altegio_record_id_1)s::INTEGER 
 LIMIT %(param_1)s::INTEGER
2026-08-01 12:20:03,976 INFO sqlalchemy.engine.Engine [cached since 7.985s ago] {'altegio_record_id_1': 610583665, 'param_1': 1}
2026-08-01 12:20:03,978 INFO sqlalchemy.engine.Engine SELECT revenue_client_visits.id AS revenue_client_visits_id, revenue_client_visits.revenue_client_id AS revenue_client_visits_revenue_client_id, revenue_client_visits.altegio_record_id AS revenue_client_visits_altegio_record_id, revenue_client_visits.last_visit_date AS revenue_client_visits_last_visit_date, revenue_client_visits.previous_visit_date AS revenue_client_visits_previous_visit_date, revenue_client_visits.services AS revenue_client_visits_services, revenue_client_visits.master AS revenue_client_visits_master, revenue_client_visits.amount AS revenue_client_visits_amount, revenue_client_visits.visit_status AS revenue_client_visits_visit_status, revenue_client_visits.raw_data AS revenue_client_visits_raw_data, revenue_client_visits.created_at AS revenue_client_visits_created_at, revenue_client_visits.updated_at AS revenue_client_visits_updated_at 
FROM revenue_client_visits 
WHERE revenue_client_visits.altegio_record_id = %(altegio_record_id_1)s::INTEGER 
 LIMIT %(param_1)s::INTEGER
2026-08-01 12:20:03,978 INFO sqlalchemy.engine.Engine [cached since 7.986s ago] {'altegio_record_id_1': 610583703, 'param_1': 1}
2026-08-01 12:20:03,980 INFO sqlalchemy.engine.Engine SELECT revenue_client_visits.id AS revenue_client_visits_id, revenue_client_visits.revenue_client_id AS revenue_client_visits_revenue_client_id, revenue_client_visits.altegio_record_id AS revenue_client_visits_altegio_record_id, revenue_client_visits.last_visit_date AS revenue_client_visits_last_visit_date, revenue_client_visits.previous_visit_date AS revenue_client_visits_previous_visit_date, revenue_client_visits.services AS revenue_client_visits_services, revenue_client_visits.master AS revenue_client_visits_master, revenue_client_visits.amount AS revenue_client_visits_amount, revenue_client_visits.visit_status AS revenue_client_visits_visit_status, revenue_client_visits.raw_data AS revenue_client_visits_raw_data, revenue_client_visits.created_at AS revenue_client_visits_created_at, revenue_client_visits.updated_at AS revenue_client_visits_updated_at 
FROM revenue_client_visits 
WHERE revenue_client_visits.altegio_record_id = %(altegio_record_id_1)s::INTEGER 
 LIMIT %(param_1)s::INTEGER
2026-08-01 12:20:03,980 INFO sqlalchemy.engine.Engine [cached since 7.989s ago] {'altegio_record_id_1': 610361932, 'param_1': 1}
2026-08-01 12:20:03,982 INFO sqlalchemy.engine.Engine SELECT revenue_client_visits.id AS revenue_client_visits_id, revenue_client_visits.revenue_client_id AS revenue_client_visits_revenue_client_id, revenue_client_visits.altegio_record_id AS revenue_client_visits_altegio_record_id, revenue_client_visits.last_visit_date AS revenue_client_visits_last_visit_date, revenue_client_visits.previous_visit_date AS revenue_client_visits_previous_visit_date, revenue_client_visits.services AS revenue_client_visits_services, revenue_client_visits.master AS revenue_client_visits_master, revenue_client_visits.amount AS revenue_client_visits_amount, revenue_client_visits.visit_status AS revenue_client_visits_visit_status, revenue_client_visits.raw_data AS revenue_client_visits_raw_data, revenue_client_visits.created_at AS revenue_client_visits_created_at, revenue_client_visits.updated_at AS revenue_client_visits_updated_at 
FROM revenue_client_visits 
WHERE revenue_client_visits.revenue_client_id = %(revenue_client_id_1)s::INTEGER ORDER BY revenue_client_visits.last_visit_date ASC, revenue_client_visits.id ASC
2026-08-01 12:20:03,982 INFO sqlalchemy.engine.Engine [cached since 7.982s ago] {'revenue_client_id_1': 42}
2026-08-01 12:20:04,188 INFO sqlalchemy.engine.Engine SELECT revenue_client_visits.id AS revenue_client_visits_id, revenue_client_visits.revenue_client_id AS revenue_client_visits_revenue_client_id, revenue_client_visits.altegio_record_id AS revenue_client_visits_altegio_record_id, revenue_client_visits.last_visit_date AS revenue_client_visits_last_visit_date, revenue_client_visits.previous_visit_date AS revenue_client_visits_previous_visit_date, revenue_client_visits.services AS revenue_client_visits_services, revenue_client_visits.master AS revenue_client_visits_master, revenue_client_visits.amount AS revenue_client_visits_amount, revenue_client_visits.visit_status AS revenue_client_visits_visit_status, revenue_client_visits.raw_data AS revenue_client_visits_raw_data, revenue_client_visits.created_at AS revenue_client_visits_created_at, revenue_client_visits.updated_at AS revenue_client_visits_updated_at 
FROM revenue_client_visits 
WHERE revenue_client_visits.altegio_record_id = %(altegio_record_id_1)s::INTEGER 
 LIMIT %(param_1)s::INTEGER
2026-08-01 12:20:04,189 INFO sqlalchemy.engine.Engine [cached since 8.197s ago] {'altegio_record_id_1': 610804969, 'param_1': 1}
2026-08-01 12:20:04,190 INFO sqlalchemy.engine.Engine SELECT revenue_client_visits.id AS revenue_client_visits_id, revenue_client_visits.revenue_client_id AS revenue_client_visits_revenue_client_id, revenue_client_visits.altegio_record_id AS revenue_client_visits_altegio_record_id, revenue_client_visits.last_visit_date AS revenue_client_visits_last_visit_date, revenue_client_visits.previous_visit_date AS revenue_client_visits_previous_visit_date, revenue_client_visits.services AS revenue_client_visits_services, revenue_client_visits.master AS revenue_client_visits_master, revenue_client_visits.amount AS revenue_client_visits_amount, revenue_client_visits.visit_status AS revenue_client_visits_visit_status, revenue_client_visits.raw_data AS revenue_client_visits_raw_data, revenue_client_visits.created_at AS revenue_client_visits_created_at, revenue_client_visits.updated_at AS revenue_client_visits_updated_at 
FROM revenue_client_visits 
WHERE revenue_client_visits.revenue_client_id = %(revenue_client_id_1)s::INTEGER ORDER BY revenue_client_visits.last_visit_date ASC, revenue_client_visits.id ASC
2026-08-01 12:20:04,190 INFO sqlalchemy.engine.Engine [cached since 8.19s ago] {'revenue_client_id_1': 43}
2026-08-01 12:20:04,372 INFO sqlalchemy.engine.Engine SELECT revenue_client_visits.id AS revenue_client_visits_id, revenue_client_visits.revenue_client_id AS revenue_client_visits_revenue_client_id, revenue_client_visits.altegio_record_id AS revenue_client_visits_altegio_record_id, revenue_client_visits.last_visit_date AS revenue_client_visits_last_visit_date, revenue_client_visits.previous_visit_date AS revenue_client_visits_previous_visit_date, revenue_client_visits.services AS revenue_client_visits_services, revenue_client_visits.master AS revenue_client_visits_master, revenue_client_visits.amount AS revenue_client_visits_amount, revenue_client_visits.visit_status AS revenue_client_visits_visit_status, revenue_client_visits.raw_data AS revenue_client_visits_raw_data, revenue_client_visits.created_at AS revenue_client_visits_created_at, revenue_client_visits.updated_at AS revenue_client_visits_updated_at 
FROM revenue_client_visits 
WHERE revenue_client_visits.altegio_record_id = %(altegio_record_id_1)s::INTEGER 
 LIMIT %(param_1)s::INTEGER
2026-08-01 12:20:04,372 INFO sqlalchemy.engine.Engine [cached since 8.381s ago] {'altegio_record_id_1': 610806509, 'param_1': 1}
2026-08-01 12:20:04,373 INFO sqlalchemy.engine.Engine SELECT revenue_client_visits.id AS revenue_client_visits_id, revenue_client_visits.revenue_client_id AS revenue_client_visits_revenue_client_id, revenue_client_visits.altegio_record_id AS revenue_client_visits_altegio_record_id, revenue_client_visits.last_visit_date AS revenue_client_visits_last_visit_date, revenue_client_visits.previous_visit_date AS revenue_client_visits_previous_visit_date, revenue_client_visits.services AS revenue_client_visits_services, revenue_client_visits.master AS revenue_client_visits_master, revenue_client_visits.amount AS revenue_client_visits_amount, revenue_client_visits.visit_status AS revenue_client_visits_visit_status, revenue_client_visits.raw_data AS revenue_client_visits_raw_data, revenue_client_visits.created_at AS revenue_client_visits_created_at, revenue_client_visits.updated_at AS revenue_client_visits_updated_at 
FROM revenue_client_visits 
WHERE revenue_client_visits.revenue_client_id = %(revenue_client_id_1)s::INTEGER ORDER BY revenue_client_visits.last_visit_date ASC, revenue_client_visits.id ASC
2026-08-01 12:20:04,373 INFO sqlalchemy.engine.Engine [cached since 8.373s ago] {'revenue_client_id_1': 44}
2026-08-01 12:20:04,555 INFO sqlalchemy.engine.Engine SELECT revenue_client_visits.id AS revenue_client_visits_id, revenue_client_visits.revenue_client_id AS revenue_client_visits_revenue_client_id, revenue_client_visits.altegio_record_id AS revenue_client_visits_altegio_record_id, revenue_client_visits.last_visit_date AS revenue_client_visits_last_visit_date, revenue_client_visits.previous_visit_date AS revenue_client_visits_previous_visit_date, revenue_client_visits.services AS revenue_client_visits_services, revenue_client_visits.master AS revenue_client_visits_master, revenue_client_visits.amount AS revenue_client_visits_amount, revenue_client_visits.visit_status AS revenue_client_visits_visit_status, revenue_client_visits.raw_data AS revenue_client_visits_raw_data, revenue_client_visits.created_at AS revenue_client_visits_created_at, revenue_client_visits.updated_at AS revenue_client_visits_updated_at 
FROM revenue_client_visits 
WHERE revenue_client_visits.altegio_record_id = %(altegio_record_id_1)s::INTEGER 
 LIMIT %(param_1)s::INTEGER
2026-08-01 12:20:04,555 INFO sqlalchemy.engine.Engine [cached since 8.564s ago] {'altegio_record_id_1': 636519900, 'param_1': 1}
2026-08-01 12:20:04,556 INFO sqlalchemy.engine.Engine SELECT revenue_client_visits.id AS revenue_client_visits_id, revenue_client_visits.revenue_client_id AS revenue_client_visits_revenue_client_id, revenue_client_visits.altegio_record_id AS revenue_client_visits_altegio_record_id, revenue_client_visits.last_visit_date AS revenue_client_visits_last_visit_date, revenue_client_visits.previous_visit_date AS revenue_client_visits_previous_visit_date, revenue_client_visits.services AS revenue_client_visits_services, revenue_client_visits.master AS revenue_client_visits_master, revenue_client_visits.amount AS revenue_client_visits_amount, revenue_client_visits.visit_status AS revenue_client_visits_visit_status, revenue_client_visits.raw_data AS revenue_client_visits_raw_data, revenue_client_visits.created_at AS revenue_client_visits_created_at, revenue_client_visits.updated_at AS revenue_client_visits_updated_at 
FROM revenue_client_visits 
WHERE revenue_client_visits.altegio_record_id = %(altegio_record_id_1)s::INTEGER 
 LIMIT %(param_1)s::INTEGER
2026-08-01 12:20:04,556 INFO sqlalchemy.engine.Engine [cached since 8.565s ago] {'altegio_record_id_1': 622517494, 'param_1': 1}
2026-08-01 12:20:04,558 INFO sqlalchemy.engine.Engine SELECT revenue_client_visits.id AS revenue_client_visits_id, revenue_client_visits.revenue_client_id AS revenue_client_visits_revenue_client_id, revenue_client_visits.altegio_record_id AS revenue_client_visits_altegio_record_id, revenue_client_visits.last_visit_date AS revenue_client_visits_last_visit_date, revenue_client_visits.previous_visit_date AS revenue_client_visits_previous_visit_date, revenue_client_visits.services AS revenue_client_visits_services, revenue_client_visits.master AS revenue_client_visits_master, revenue_client_visits.amount AS revenue_client_visits_amount, revenue_client_visits.visit_status AS revenue_client_visits_visit_status, revenue_client_visits.raw_data AS revenue_client_visits_raw_data, revenue_client_visits.created_at AS revenue_client_visits_created_at, revenue_client_visits.updated_at AS revenue_client_visits_updated_at 
FROM revenue_client_visits 
WHERE revenue_client_visits.altegio_record_id = %(altegio_record_id_1)s::INTEGER 
 LIMIT %(param_1)s::INTEGER
2026-08-01 12:20:04,558 INFO sqlalchemy.engine.Engine [cached since 8.566s ago] {'altegio_record_id_1': 611106000, 'param_1': 1}
2026-08-01 12:20:04,559 INFO sqlalchemy.engine.Engine SELECT revenue_client_visits.id AS revenue_client_visits_id, revenue_client_visits.revenue_client_id AS revenue_client_visits_revenue_client_id, revenue_client_visits.altegio_record_id AS revenue_client_visits_altegio_record_id, revenue_client_visits.last_visit_date AS revenue_client_visits_last_visit_date, revenue_client_visits.previous_visit_date AS revenue_client_visits_previous_visit_date, revenue_client_visits.services AS revenue_client_visits_services, revenue_client_visits.master AS revenue_client_visits_master, revenue_client_visits.amount AS revenue_client_visits_amount, revenue_client_visits.visit_status AS revenue_client_visits_visit_status, revenue_client_visits.raw_data AS revenue_client_visits_raw_data, revenue_client_visits.created_at AS revenue_client_visits_created_at, revenue_client_visits.updated_at AS revenue_client_visits_updated_at 
FROM revenue_client_visits 
WHERE revenue_client_visits.altegio_record_id = %(altegio_record_id_1)s::INTEGER 
 LIMIT %(param_1)s::INTEGER
2026-08-01 12:20:04,559 INFO sqlalchemy.engine.Engine [cached since 8.567s ago] {'altegio_record_id_1': 610918988, 'param_1': 1}
2026-08-01 12:20:04,560 INFO sqlalchemy.engine.Engine SELECT revenue_client_visits.id AS revenue_client_visits_id, revenue_client_visits.revenue_client_id AS revenue_client_visits_revenue_client_id, revenue_client_visits.altegio_record_id AS revenue_client_visits_altegio_record_id, revenue_client_visits.last_visit_date AS revenue_client_visits_last_visit_date, revenue_client_visits.previous_visit_date AS revenue_client_visits_previous_visit_date, revenue_client_visits.services AS revenue_client_visits_services, revenue_client_visits.master AS revenue_client_visits_master, revenue_client_visits.amount AS revenue_client_visits_amount, revenue_client_visits.visit_status AS revenue_client_visits_visit_status, revenue_client_visits.raw_data AS revenue_client_visits_raw_data, revenue_client_visits.created_at AS revenue_client_visits_created_at, revenue_client_visits.updated_at AS revenue_client_visits_updated_at 
FROM revenue_client_visits 
WHERE revenue_client_visits.revenue_client_id = %(revenue_client_id_1)s::INTEGER ORDER BY revenue_client_visits.last_visit_date ASC, revenue_client_visits.id ASC
2026-08-01 12:20:04,560 INFO sqlalchemy.engine.Engine [cached since 8.56s ago] {'revenue_client_id_1': 45}
2026-08-01 12:20:04,723 INFO sqlalchemy.engine.Engine SELECT revenue_client_visits.id AS revenue_client_visits_id, revenue_client_visits.revenue_client_id AS revenue_client_visits_revenue_client_id, revenue_client_visits.altegio_record_id AS revenue_client_visits_altegio_record_id, revenue_client_visits.last_visit_date AS revenue_client_visits_last_visit_date, revenue_client_visits.previous_visit_date AS revenue_client_visits_previous_visit_date, revenue_client_visits.services AS revenue_client_visits_services, revenue_client_visits.master AS revenue_client_visits_master, revenue_client_visits.amount AS revenue_client_visits_amount, revenue_client_visits.visit_status AS revenue_client_visits_visit_status, revenue_client_visits.raw_data AS revenue_client_visits_raw_data, revenue_client_visits.created_at AS revenue_client_visits_created_at, revenue_client_visits.updated_at AS revenue_client_visits_updated_at 
FROM revenue_client_visits 
WHERE revenue_client_visits.altegio_record_id = %(altegio_record_id_1)s::INTEGER 
 LIMIT %(param_1)s::INTEGER
2026-08-01 12:20:04,723 INFO sqlalchemy.engine.Engine [cached since 8.731s ago] {'altegio_record_id_1': 610966523, 'param_1': 1}
2026-08-01 12:20:04,724 INFO sqlalchemy.engine.Engine SELECT revenue_client_visits.id AS revenue_client_visits_id, revenue_client_visits.revenue_client_id AS revenue_client_visits_revenue_client_id, revenue_client_visits.altegio_record_id AS revenue_client_visits_altegio_record_id, revenue_client_visits.last_visit_date AS revenue_client_visits_last_visit_date, revenue_client_visits.previous_visit_date AS revenue_client_visits_previous_visit_date, revenue_client_visits.services AS revenue_client_visits_services, revenue_client_visits.master AS revenue_client_visits_master, revenue_client_visits.amount AS revenue_client_visits_amount, revenue_client_visits.visit_status AS revenue_client_visits_visit_status, revenue_client_visits.raw_data AS revenue_client_visits_raw_data, revenue_client_visits.created_at AS revenue_client_visits_created_at, revenue_client_visits.updated_at AS revenue_client_visits_updated_at 
FROM revenue_client_visits 
WHERE revenue_client_visits.revenue_client_id = %(revenue_client_id_1)s::INTEGER ORDER BY revenue_client_visits.last_visit_date ASC, revenue_client_visits.id ASC
2026-08-01 12:20:04,724 INFO sqlalchemy.engine.Engine [cached since 8.724s ago] {'revenue_client_id_1': 46}
2026-08-01 12:20:05,249 INFO sqlalchemy.engine.Engine SELECT revenue_client_visits.id AS revenue_client_visits_id, revenue_client_visits.revenue_client_id AS revenue_client_visits_revenue_client_id, revenue_client_visits.altegio_record_id AS revenue_client_visits_altegio_record_id, revenue_client_visits.last_visit_date AS revenue_client_visits_last_visit_date, revenue_client_visits.previous_visit_date AS revenue_client_visits_previous_visit_date, revenue_client_visits.services AS revenue_client_visits_services, revenue_client_visits.master AS revenue_client_visits_master, revenue_client_visits.amount AS revenue_client_visits_amount, revenue_client_visits.visit_status AS revenue_client_visits_visit_status, revenue_client_visits.raw_data AS revenue_client_visits_raw_data, revenue_client_visits.created_at AS revenue_client_visits_created_at, revenue_client_visits.updated_at AS revenue_client_visits_updated_at 
FROM revenue_client_visits 
WHERE revenue_client_visits.altegio_record_id = %(altegio_record_id_1)s::INTEGER 
 LIMIT %(param_1)s::INTEGER
2026-08-01 12:20:05,249 INFO sqlalchemy.engine.Engine [cached since 9.258s ago] {'altegio_record_id_1': 611144528, 'param_1': 1}
2026-08-01 12:20:05,251 INFO sqlalchemy.engine.Engine SELECT revenue_client_visits.id AS revenue_client_visits_id, revenue_client_visits.revenue_client_id AS revenue_client_visits_revenue_client_id, revenue_client_visits.altegio_record_id AS revenue_client_visits_altegio_record_id, revenue_client_visits.last_visit_date AS revenue_client_visits_last_visit_date, revenue_client_visits.previous_visit_date AS revenue_client_visits_previous_visit_date, revenue_client_visits.services AS revenue_client_visits_services, revenue_client_visits.master AS revenue_client_visits_master, revenue_client_visits.amount AS revenue_client_visits_amount, revenue_client_visits.visit_status AS revenue_client_visits_visit_status, revenue_client_visits.raw_data AS revenue_client_visits_raw_data, revenue_client_visits.created_at AS revenue_client_visits_created_at, revenue_client_visits.updated_at AS revenue_client_visits_updated_at 
FROM revenue_client_visits 
WHERE revenue_client_visits.revenue_client_id = %(revenue_client_id_1)s::INTEGER ORDER BY revenue_client_visits.last_visit_date ASC, revenue_client_visits.id ASC
2026-08-01 12:20:05,251 INFO sqlalchemy.engine.Engine [cached since 9.251s ago] {'revenue_client_id_1': 49}
2026-08-01 12:20:05,603 INFO sqlalchemy.engine.Engine SELECT revenue_client_visits.id AS revenue_client_visits_id, revenue_client_visits.revenue_client_id AS revenue_client_visits_revenue_client_id, revenue_client_visits.altegio_record_id AS revenue_client_visits_altegio_record_id, revenue_client_visits.last_visit_date AS revenue_client_visits_last_visit_date, revenue_client_visits.previous_visit_date AS revenue_client_visits_previous_visit_date, revenue_client_visits.services AS revenue_client_visits_services, revenue_client_visits.master AS revenue_client_visits_master, revenue_client_visits.amount AS revenue_client_visits_amount, revenue_client_visits.visit_status AS revenue_client_visits_visit_status, revenue_client_visits.raw_data AS revenue_client_visits_raw_data, revenue_client_visits.created_at AS revenue_client_visits_created_at, revenue_client_visits.updated_at AS revenue_client_visits_updated_at 
FROM revenue_client_visits 
WHERE revenue_client_visits.altegio_record_id = %(altegio_record_id_1)s::INTEGER 
 LIMIT %(param_1)s::INTEGER
2026-08-01 12:20:05,603 INFO sqlalchemy.engine.Engine [cached since 9.612s ago] {'altegio_record_id_1': 613802655, 'param_1': 1}
2026-08-01 12:20:05,604 INFO sqlalchemy.engine.Engine SELECT revenue_client_visits.id AS revenue_client_visits_id, revenue_client_visits.revenue_client_id AS revenue_client_visits_revenue_client_id, revenue_client_visits.altegio_record_id AS revenue_client_visits_altegio_record_id, revenue_client_visits.last_visit_date AS revenue_client_visits_last_visit_date, revenue_client_visits.previous_visit_date AS revenue_client_visits_previous_visit_date, revenue_client_visits.services AS revenue_client_visits_services, revenue_client_visits.master AS revenue_client_visits_master, revenue_client_visits.amount AS revenue_client_visits_amount, revenue_client_visits.visit_status AS revenue_client_visits_visit_status, revenue_client_visits.raw_data AS revenue_client_visits_raw_data, revenue_client_visits.created_at AS revenue_client_visits_created_at, revenue_client_visits.updated_at AS revenue_client_visits_updated_at 
FROM revenue_client_visits 
WHERE revenue_client_visits.altegio_record_id = %(altegio_record_id_1)s::INTEGER 
 LIMIT %(param_1)s::INTEGER
2026-08-01 12:20:05,604 INFO sqlalchemy.engine.Engine [cached since 9.613s ago] {'altegio_record_id_1': 611488804, 'param_1': 1}
2026-08-01 12:20:05,605 INFO sqlalchemy.engine.Engine SELECT revenue_client_visits.id AS revenue_client_visits_id, revenue_client_visits.revenue_client_id AS revenue_client_visits_revenue_client_id, revenue_client_visits.altegio_record_id AS revenue_client_visits_altegio_record_id, revenue_client_visits.last_visit_date AS revenue_client_visits_last_visit_date, revenue_client_visits.previous_visit_date AS revenue_client_visits_previous_visit_date, revenue_client_visits.services AS revenue_client_visits_services, revenue_client_visits.master AS revenue_client_visits_master, revenue_client_visits.amount AS revenue_client_visits_amount, revenue_client_visits.visit_status AS revenue_client_visits_visit_status, revenue_client_visits.raw_data AS revenue_client_visits_raw_data, revenue_client_visits.created_at AS revenue_client_visits_created_at, revenue_client_visits.updated_at AS revenue_client_visits_updated_at 
FROM revenue_client_visits 
WHERE revenue_client_visits.altegio_record_id = %(altegio_record_id_1)s::INTEGER 
 LIMIT %(param_1)s::INTEGER
2026-08-01 12:20:05,605 INFO sqlalchemy.engine.Engine [cached since 9.614s ago] {'altegio_record_id_1': 611488774, 'param_1': 1}
2026-08-01 12:20:05,606 INFO sqlalchemy.engine.Engine SELECT revenue_client_visits.id AS revenue_client_visits_id, revenue_client_visits.revenue_client_id AS revenue_client_visits_revenue_client_id, revenue_client_visits.altegio_record_id AS revenue_client_visits_altegio_record_id, revenue_client_visits.last_visit_date AS revenue_client_visits_last_visit_date, revenue_client_visits.previous_visit_date AS revenue_client_visits_previous_visit_date, revenue_client_visits.services AS revenue_client_visits_services, revenue_client_visits.master AS revenue_client_visits_master, revenue_client_visits.amount AS revenue_client_visits_amount, revenue_client_visits.visit_status AS revenue_client_visits_visit_status, revenue_client_visits.raw_data AS revenue_client_visits_raw_data, revenue_client_visits.created_at AS revenue_client_visits_created_at, revenue_client_visits.updated_at AS revenue_client_visits_updated_at 
FROM revenue_client_visits 
WHERE revenue_client_visits.revenue_client_id = %(revenue_client_id_1)s::INTEGER ORDER BY revenue_client_visits.last_visit_date ASC, revenue_client_visits.id ASC
2026-08-01 12:20:05,606 INFO sqlalchemy.engine.Engine [cached since 9.606s ago] {'revenue_client_id_1': 51}
2026-08-01 12:20:05,788 INFO sqlalchemy.engine.Engine SELECT revenue_client_visits.id AS revenue_client_visits_id, revenue_client_visits.revenue_client_id AS revenue_client_visits_revenue_client_id, revenue_client_visits.altegio_record_id AS revenue_client_visits_altegio_record_id, revenue_client_visits.last_visit_date AS revenue_client_visits_last_visit_date, revenue_client_visits.previous_visit_date AS revenue_client_visits_previous_visit_date, revenue_client_visits.services AS revenue_client_visits_services, revenue_client_visits.master AS revenue_client_visits_master, revenue_client_visits.amount AS revenue_client_visits_amount, revenue_client_visits.visit_status AS revenue_client_visits_visit_status, revenue_client_visits.raw_data AS revenue_client_visits_raw_data, revenue_client_visits.created_at AS revenue_client_visits_created_at, revenue_client_visits.updated_at AS revenue_client_visits_updated_at 
FROM revenue_client_visits 
WHERE revenue_client_visits.altegio_record_id = %(altegio_record_id_1)s::INTEGER 
 LIMIT %(param_1)s::INTEGER
2026-08-01 12:20:05,788 INFO sqlalchemy.engine.Engine [cached since 9.797s ago] {'altegio_record_id_1': 611570287, 'param_1': 1}
2026-08-01 12:20:05,790 INFO sqlalchemy.engine.Engine SELECT revenue_client_visits.id AS revenue_client_visits_id, revenue_client_visits.revenue_client_id AS revenue_client_visits_revenue_client_id, revenue_client_visits.altegio_record_id AS revenue_client_visits_altegio_record_id, revenue_client_visits.last_visit_date AS revenue_client_visits_last_visit_date, revenue_client_visits.previous_visit_date AS revenue_client_visits_previous_visit_date, revenue_client_visits.services AS revenue_client_visits_services, revenue_client_visits.master AS revenue_client_visits_master, revenue_client_visits.amount AS revenue_client_visits_amount, revenue_client_visits.visit_status AS revenue_client_visits_visit_status, revenue_client_visits.raw_data AS revenue_client_visits_raw_data, revenue_client_visits.created_at AS revenue_client_visits_created_at, revenue_client_visits.updated_at AS revenue_client_visits_updated_at 
FROM revenue_client_visits 
WHERE revenue_client_visits.revenue_client_id = %(revenue_client_id_1)s::INTEGER ORDER BY revenue_client_visits.last_visit_date ASC, revenue_client_visits.id ASC
2026-08-01 12:20:05,790 INFO sqlalchemy.engine.Engine [cached since 9.79s ago] {'revenue_client_id_1': 52}
2026-08-01 12:20:06,017 INFO sqlalchemy.engine.Engine SELECT revenue_client_visits.id AS revenue_client_visits_id, revenue_client_visits.revenue_client_id AS revenue_client_visits_revenue_client_id, revenue_client_visits.altegio_record_id AS revenue_client_visits_altegio_record_id, revenue_client_visits.last_visit_date AS revenue_client_visits_last_visit_date, revenue_client_visits.previous_visit_date AS revenue_client_visits_previous_visit_date, revenue_client_visits.services AS revenue_client_visits_services, revenue_client_visits.master AS revenue_client_visits_master, revenue_client_visits.amount AS revenue_client_visits_amount, revenue_client_visits.visit_status AS revenue_client_visits_visit_status, revenue_client_visits.raw_data AS revenue_client_visits_raw_data, revenue_client_visits.created_at AS revenue_client_visits_created_at, revenue_client_visits.updated_at AS revenue_client_visits_updated_at 
FROM revenue_client_visits 
WHERE revenue_client_visits.altegio_record_id = %(altegio_record_id_1)s::INTEGER 
 LIMIT %(param_1)s::INTEGER
2026-08-01 12:20:06,017 INFO sqlalchemy.engine.Engine [cached since 10.03s ago] {'altegio_record_id_1': 621901792, 'param_1': 1}
2026-08-01 12:20:06,018 INFO sqlalchemy.engine.Engine SELECT revenue_client_visits.id AS revenue_client_visits_id, revenue_client_visits.revenue_client_id AS revenue_client_visits_revenue_client_id, revenue_client_visits.altegio_record_id AS revenue_client_visits_altegio_record_id, revenue_client_visits.last_visit_date AS revenue_client_visits_last_visit_date, revenue_client_visits.previous_visit_date AS revenue_client_visits_previous_visit_date, revenue_client_visits.services AS revenue_client_visits_services, revenue_client_visits.master AS revenue_client_visits_master, revenue_client_visits.amount AS revenue_client_visits_amount, revenue_client_visits.visit_status AS revenue_client_visits_visit_status, revenue_client_visits.raw_data AS revenue_client_visits_raw_data, revenue_client_visits.created_at AS revenue_client_visits_created_at, revenue_client_visits.updated_at AS revenue_client_visits_updated_at 
FROM revenue_client_visits 
WHERE revenue_client_visits.altegio_record_id = %(altegio_record_id_1)s::INTEGER 
 LIMIT %(param_1)s::INTEGER
2026-08-01 12:20:06,019 INFO sqlalchemy.engine.Engine [cached since 10.03s ago] {'altegio_record_id_1': 613553546, 'param_1': 1}
2026-08-01 12:20:06,020 INFO sqlalchemy.engine.Engine SELECT revenue_client_visits.id AS revenue_client_visits_id, revenue_client_visits.revenue_client_id AS revenue_client_visits_revenue_client_id, revenue_client_visits.altegio_record_id AS revenue_client_visits_altegio_record_id, revenue_client_visits.last_visit_date AS revenue_client_visits_last_visit_date, revenue_client_visits.previous_visit_date AS revenue_client_visits_previous_visit_date, revenue_client_visits.services AS revenue_client_visits_services, revenue_client_visits.master AS revenue_client_visits_master, revenue_client_visits.amount AS revenue_client_visits_amount, revenue_client_visits.visit_status AS revenue_client_visits_visit_status, revenue_client_visits.raw_data AS revenue_client_visits_raw_data, revenue_client_visits.created_at AS revenue_client_visits_created_at, revenue_client_visits.updated_at AS revenue_client_visits_updated_at 
FROM revenue_client_visits 
WHERE revenue_client_visits.altegio_record_id = %(altegio_record_id_1)s::INTEGER 
 LIMIT %(param_1)s::INTEGER
2026-08-01 12:20:06,020 INFO sqlalchemy.engine.Engine [cached since 10.03s ago] {'altegio_record_id_1': 611722971, 'param_1': 1}
2026-08-01 12:20:06,021 INFO sqlalchemy.engine.Engine SELECT revenue_client_visits.id AS revenue_client_visits_id, revenue_client_visits.revenue_client_id AS revenue_client_visits_revenue_client_id, revenue_client_visits.altegio_record_id AS revenue_client_visits_altegio_record_id, revenue_client_visits.last_visit_date AS revenue_client_visits_last_visit_date, revenue_client_visits.previous_visit_date AS revenue_client_visits_previous_visit_date, revenue_client_visits.services AS revenue_client_visits_services, revenue_client_visits.master AS revenue_client_visits_master, revenue_client_visits.amount AS revenue_client_visits_amount, revenue_client_visits.visit_status AS revenue_client_visits_visit_status, revenue_client_visits.raw_data AS revenue_client_visits_raw_data, revenue_client_visits.created_at AS revenue_client_visits_created_at, revenue_client_visits.updated_at AS revenue_client_visits_updated_at 
FROM revenue_client_visits 
WHERE revenue_client_visits.revenue_client_id = %(revenue_client_id_1)s::INTEGER ORDER BY revenue_client_visits.last_visit_date ASC, revenue_client_visits.id ASC
2026-08-01 12:20:06,021 INFO sqlalchemy.engine.Engine [cached since 10.02s ago] {'revenue_client_id_1': 53}
2026-08-01 12:20:06,235 INFO sqlalchemy.engine.Engine SELECT revenue_client_visits.id AS revenue_client_visits_id, revenue_client_visits.revenue_client_id AS revenue_client_visits_revenue_client_id, revenue_client_visits.altegio_record_id AS revenue_client_visits_altegio_record_id, revenue_client_visits.last_visit_date AS revenue_client_visits_last_visit_date, revenue_client_visits.previous_visit_date AS revenue_client_visits_previous_visit_date, revenue_client_visits.services AS revenue_client_visits_services, revenue_client_visits.master AS revenue_client_visits_master, revenue_client_visits.amount AS revenue_client_visits_amount, revenue_client_visits.visit_status AS revenue_client_visits_visit_status, revenue_client_visits.raw_data AS revenue_client_visits_raw_data, revenue_client_visits.created_at AS revenue_client_visits_created_at, revenue_client_visits.updated_at AS revenue_client_visits_updated_at 
FROM revenue_client_visits 
WHERE revenue_client_visits.altegio_record_id = %(altegio_record_id_1)s::INTEGER 
 LIMIT %(param_1)s::INTEGER
2026-08-01 12:20:06,237 INFO sqlalchemy.engine.Engine [cached since 10.25s ago] {'altegio_record_id_1': 641733216, 'param_1': 1}
2026-08-01 12:20:06,240 INFO sqlalchemy.engine.Engine SELECT revenue_client_visits.id AS revenue_client_visits_id, revenue_client_visits.revenue_client_id AS revenue_client_visits_revenue_client_id, revenue_client_visits.altegio_record_id AS revenue_client_visits_altegio_record_id, revenue_client_visits.last_visit_date AS revenue_client_visits_last_visit_date, revenue_client_visits.previous_visit_date AS revenue_client_visits_previous_visit_date, revenue_client_visits.services AS revenue_client_visits_services, revenue_client_visits.master AS revenue_client_visits_master, revenue_client_visits.amount AS revenue_client_visits_amount, revenue_client_visits.visit_status AS revenue_client_visits_visit_status, revenue_client_visits.raw_data AS revenue_client_visits_raw_data, revenue_client_visits.created_at AS revenue_client_visits_created_at, revenue_client_visits.updated_at AS revenue_client_visits_updated_at 
FROM revenue_client_visits 
WHERE revenue_client_visits.altegio_record_id = %(altegio_record_id_1)s::INTEGER 
 LIMIT %(param_1)s::INTEGER
2026-08-01 12:20:06,242 INFO sqlalchemy.engine.Engine [cached since 10.25s ago] {'altegio_record_id_1': 631374837, 'param_1': 1}
2026-08-01 12:20:06,245 INFO sqlalchemy.engine.Engine SELECT revenue_client_visits.id AS revenue_client_visits_id, revenue_client_visits.revenue_client_id AS revenue_client_visits_revenue_client_id, revenue_client_visits.altegio_record_id AS revenue_client_visits_altegio_record_id, revenue_client_visits.last_visit_date AS revenue_client_visits_last_visit_date, revenue_client_visits.previous_visit_date AS revenue_client_visits_previous_visit_date, revenue_client_visits.services AS revenue_client_visits_services, revenue_client_visits.master AS revenue_client_visits_master, revenue_client_visits.amount AS revenue_client_visits_amount, revenue_client_visits.visit_status AS revenue_client_visits_visit_status, revenue_client_visits.raw_data AS revenue_client_visits_raw_data, revenue_client_visits.created_at AS revenue_client_visits_created_at, revenue_client_visits.updated_at AS revenue_client_visits_updated_at 
FROM revenue_client_visits 
WHERE revenue_client_visits.altegio_record_id = %(altegio_record_id_1)s::INTEGER 
 LIMIT %(param_1)s::INTEGER
2026-08-01 12:20:06,245 INFO sqlalchemy.engine.Engine [cached since 10.25s ago] {'altegio_record_id_1': 623209077, 'param_1': 1}
2026-08-01 12:20:06,246 INFO sqlalchemy.engine.Engine SELECT revenue_client_visits.id AS revenue_client_visits_id, revenue_client_visits.revenue_client_id AS revenue_client_visits_revenue_client_id, revenue_client_visits.altegio_record_id AS revenue_client_visits_altegio_record_id, revenue_client_visits.last_visit_date AS revenue_client_visits_last_visit_date, revenue_client_visits.previous_visit_date AS revenue_client_visits_previous_visit_date, revenue_client_visits.services AS revenue_client_visits_services, revenue_client_visits.master AS revenue_client_visits_master, revenue_client_visits.amount AS revenue_client_visits_amount, revenue_client_visits.visit_status AS revenue_client_visits_visit_status, revenue_client_visits.raw_data AS revenue_client_visits_raw_data, revenue_client_visits.created_at AS revenue_client_visits_created_at, revenue_client_visits.updated_at AS revenue_client_visits_updated_at 
FROM revenue_client_visits 
WHERE revenue_client_visits.altegio_record_id = %(altegio_record_id_1)s::INTEGER 
 LIMIT %(param_1)s::INTEGER
2026-08-01 12:20:06,248 INFO sqlalchemy.engine.Engine [cached since 10.26s ago] {'altegio_record_id_1': 617023893, 'param_1': 1}
2026-08-01 12:20:06,251 INFO sqlalchemy.engine.Engine SELECT revenue_client_visits.id AS revenue_client_visits_id, revenue_client_visits.revenue_client_id AS revenue_client_visits_revenue_client_id, revenue_client_visits.altegio_record_id AS revenue_client_visits_altegio_record_id, revenue_client_visits.last_visit_date AS revenue_client_visits_last_visit_date, revenue_client_visits.previous_visit_date AS revenue_client_visits_previous_visit_date, revenue_client_visits.services AS revenue_client_visits_services, revenue_client_visits.master AS revenue_client_visits_master, revenue_client_visits.amount AS revenue_client_visits_amount, revenue_client_visits.visit_status AS revenue_client_visits_visit_status, revenue_client_visits.raw_data AS revenue_client_visits_raw_data, revenue_client_visits.created_at AS revenue_client_visits_created_at, revenue_client_visits.updated_at AS revenue_client_visits_updated_at 
FROM revenue_client_visits 
WHERE revenue_client_visits.altegio_record_id = %(altegio_record_id_1)s::INTEGER 
 LIMIT %(param_1)s::INTEGER
2026-08-01 12:20:06,251 INFO sqlalchemy.engine.Engine [cached since 10.26s ago] {'altegio_record_id_1': 611829913, 'param_1': 1}
2026-08-01 12:20:06,252 INFO sqlalchemy.engine.Engine SELECT revenue_client_visits.id AS revenue_client_visits_id, revenue_client_visits.revenue_client_id AS revenue_client_visits_revenue_client_id, revenue_client_visits.altegio_record_id AS revenue_client_visits_altegio_record_id, revenue_client_visits.last_visit_date AS revenue_client_visits_last_visit_date, revenue_client_visits.previous_visit_date AS revenue_client_visits_previous_visit_date, revenue_client_visits.services AS revenue_client_visits_services, revenue_client_visits.master AS revenue_client_visits_master, revenue_client_visits.amount AS revenue_client_visits_amount, revenue_client_visits.visit_status AS revenue_client_visits_visit_status, revenue_client_visits.raw_data AS revenue_client_visits_raw_data, revenue_client_visits.created_at AS revenue_client_visits_created_at, revenue_client_visits.updated_at AS revenue_client_visits_updated_at 
FROM revenue_client_visits 
WHERE revenue_client_visits.revenue_client_id = %(revenue_client_id_1)s::INTEGER ORDER BY revenue_client_visits.last_visit_date ASC, revenue_client_visits.id ASC
2026-08-01 12:20:06,254 INFO sqlalchemy.engine.Engine [cached since 10.25s ago] {'revenue_client_id_1': 54}
2026-08-01 12:20:06,503 INFO sqlalchemy.engine.Engine SELECT revenue_client_visits.id AS revenue_client_visits_id, revenue_client_visits.revenue_client_id AS revenue_client_visits_revenue_client_id, revenue_client_visits.altegio_record_id AS revenue_client_visits_altegio_record_id, revenue_client_visits.last_visit_date AS revenue_client_visits_last_visit_date, revenue_client_visits.previous_visit_date AS revenue_client_visits_previous_visit_date, revenue_client_visits.services AS revenue_client_visits_services, revenue_client_visits.master AS revenue_client_visits_master, revenue_client_visits.amount AS revenue_client_visits_amount, revenue_client_visits.visit_status AS revenue_client_visits_visit_status, revenue_client_visits.raw_data AS revenue_client_visits_raw_data, revenue_client_visits.created_at AS revenue_client_visits_created_at, revenue_client_visits.updated_at AS revenue_client_visits_updated_at 
FROM revenue_client_visits 
WHERE revenue_client_visits.altegio_record_id = %(altegio_record_id_1)s::INTEGER 
 LIMIT %(param_1)s::INTEGER
2026-08-01 12:20:06,506 INFO sqlalchemy.engine.Engine [cached since 10.51s ago] {'altegio_record_id_1': 659426447, 'param_1': 1}
2026-08-01 12:20:06,508 INFO sqlalchemy.engine.Engine SELECT revenue_client_visits.id AS revenue_client_visits_id, revenue_client_visits.revenue_client_id AS revenue_client_visits_revenue_client_id, revenue_client_visits.altegio_record_id AS revenue_client_visits_altegio_record_id, revenue_client_visits.last_visit_date AS revenue_client_visits_last_visit_date, revenue_client_visits.previous_visit_date AS revenue_client_visits_previous_visit_date, revenue_client_visits.services AS revenue_client_visits_services, revenue_client_visits.master AS revenue_client_visits_master, revenue_client_visits.amount AS revenue_client_visits_amount, revenue_client_visits.visit_status AS revenue_client_visits_visit_status, revenue_client_visits.raw_data AS revenue_client_visits_raw_data, revenue_client_visits.created_at AS revenue_client_visits_created_at, revenue_client_visits.updated_at AS revenue_client_visits_updated_at 
FROM revenue_client_visits 
WHERE revenue_client_visits.altegio_record_id = %(altegio_record_id_1)s::INTEGER 
 LIMIT %(param_1)s::INTEGER
2026-08-01 12:20:06,509 INFO sqlalchemy.engine.Engine [cached since 10.52s ago] {'altegio_record_id_1': 636339350, 'param_1': 1}
2026-08-01 12:20:06,512 INFO sqlalchemy.engine.Engine SELECT revenue_client_visits.id AS revenue_client_visits_id, revenue_client_visits.revenue_client_id AS revenue_client_visits_revenue_client_id, revenue_client_visits.altegio_record_id AS revenue_client_visits_altegio_record_id, revenue_client_visits.last_visit_date AS revenue_client_visits_last_visit_date, revenue_client_visits.previous_visit_date AS revenue_client_visits_previous_visit_date, revenue_client_visits.services AS revenue_client_visits_services, revenue_client_visits.master AS revenue_client_visits_master, revenue_client_visits.amount AS revenue_client_visits_amount, revenue_client_visits.visit_status AS revenue_client_visits_visit_status, revenue_client_visits.raw_data AS revenue_client_visits_raw_data, revenue_client_visits.created_at AS revenue_client_visits_created_at, revenue_client_visits.updated_at AS revenue_client_visits_updated_at 
FROM revenue_client_visits 
WHERE revenue_client_visits.altegio_record_id = %(altegio_record_id_1)s::INTEGER 
 LIMIT %(param_1)s::INTEGER
2026-08-01 12:20:06,514 INFO sqlalchemy.engine.Engine [cached since 10.52s ago] {'altegio_record_id_1': 611919362, 'param_1': 1}
2026-08-01 12:20:06,515 INFO sqlalchemy.engine.Engine SELECT revenue_client_visits.id AS revenue_client_visits_id, revenue_client_visits.revenue_client_id AS revenue_client_visits_revenue_client_id, revenue_client_visits.altegio_record_id AS revenue_client_visits_altegio_record_id, revenue_client_visits.last_visit_date AS revenue_client_visits_last_visit_date, revenue_client_visits.previous_visit_date AS revenue_client_visits_previous_visit_date, revenue_client_visits.services AS revenue_client_visits_services, revenue_client_visits.master AS revenue_client_visits_master, revenue_client_visits.amount AS revenue_client_visits_amount, revenue_client_visits.visit_status AS revenue_client_visits_visit_status, revenue_client_visits.raw_data AS revenue_client_visits_raw_data, revenue_client_visits.created_at AS revenue_client_visits_created_at, revenue_client_visits.updated_at AS revenue_client_visits_updated_at 
FROM revenue_client_visits 
WHERE revenue_client_visits.revenue_client_id = %(revenue_client_id_1)s::INTEGER ORDER BY revenue_client_visits.last_visit_date ASC, revenue_client_visits.id ASC
2026-08-01 12:20:06,517 INFO sqlalchemy.engine.Engine [cached since 10.52s ago] {'revenue_client_id_1': 55}
2026-08-01 12:20:06,693 INFO sqlalchemy.engine.Engine SELECT revenue_client_visits.id AS revenue_client_visits_id, revenue_client_visits.revenue_client_id AS revenue_client_visits_revenue_client_id, revenue_client_visits.altegio_record_id AS revenue_client_visits_altegio_record_id, revenue_client_visits.last_visit_date AS revenue_client_visits_last_visit_date, revenue_client_visits.previous_visit_date AS revenue_client_visits_previous_visit_date, revenue_client_visits.services AS revenue_client_visits_services, revenue_client_visits.master AS revenue_client_visits_master, revenue_client_visits.amount AS revenue_client_visits_amount, revenue_client_visits.visit_status AS revenue_client_visits_visit_status, revenue_client_visits.raw_data AS revenue_client_visits_raw_data, revenue_client_visits.created_at AS revenue_client_visits_created_at, revenue_client_visits.updated_at AS revenue_client_visits_updated_at 
FROM revenue_client_visits 
WHERE revenue_client_visits.altegio_record_id = %(altegio_record_id_1)s::INTEGER 
 LIMIT %(param_1)s::INTEGER
2026-08-01 12:20:06,693 INFO sqlalchemy.engine.Engine [cached since 10.7s ago] {'altegio_record_id_1': 611944340, 'param_1': 1}
2026-08-01 12:20:06,694 INFO sqlalchemy.engine.Engine SELECT revenue_client_visits.id AS revenue_client_visits_id, revenue_client_visits.revenue_client_id AS revenue_client_visits_revenue_client_id, revenue_client_visits.altegio_record_id AS revenue_client_visits_altegio_record_id, revenue_client_visits.last_visit_date AS revenue_client_visits_last_visit_date, revenue_client_visits.previous_visit_date AS revenue_client_visits_previous_visit_date, revenue_client_visits.services AS revenue_client_visits_services, revenue_client_visits.master AS revenue_client_visits_master, revenue_client_visits.amount AS revenue_client_visits_amount, revenue_client_visits.visit_status AS revenue_client_visits_visit_status, revenue_client_visits.raw_data AS revenue_client_visits_raw_data, revenue_client_visits.created_at AS revenue_client_visits_created_at, revenue_client_visits.updated_at AS revenue_client_visits_updated_at 
FROM revenue_client_visits 
WHERE revenue_client_visits.revenue_client_id = %(revenue_client_id_1)s::INTEGER ORDER BY revenue_client_visits.last_visit_date ASC, revenue_client_visits.id ASC
2026-08-01 12:20:06,694 INFO sqlalchemy.engine.Engine [cached since 10.69s ago] {'revenue_client_id_1': 56}
2026-08-01 12:20:06,890 INFO sqlalchemy.engine.Engine SELECT revenue_client_visits.id AS revenue_client_visits_id, revenue_client_visits.revenue_client_id AS revenue_client_visits_revenue_client_id, revenue_client_visits.altegio_record_id AS revenue_client_visits_altegio_record_id, revenue_client_visits.last_visit_date AS revenue_client_visits_last_visit_date, revenue_client_visits.previous_visit_date AS revenue_client_visits_previous_visit_date, revenue_client_visits.services AS revenue_client_visits_services, revenue_client_visits.master AS revenue_client_visits_master, revenue_client_visits.amount AS revenue_client_visits_amount, revenue_client_visits.visit_status AS revenue_client_visits_visit_status, revenue_client_visits.raw_data AS revenue_client_visits_raw_data, revenue_client_visits.created_at AS revenue_client_visits_created_at, revenue_client_visits.updated_at AS revenue_client_visits_updated_at 
FROM revenue_client_visits 
WHERE revenue_client_visits.altegio_record_id = %(altegio_record_id_1)s::INTEGER 
 LIMIT %(param_1)s::INTEGER
2026-08-01 12:20:06,890 INFO sqlalchemy.engine.Engine [cached since 10.9s ago] {'altegio_record_id_1': 612359808, 'param_1': 1}
2026-08-01 12:20:06,892 INFO sqlalchemy.engine.Engine SELECT revenue_client_visits.id AS revenue_client_visits_id, revenue_client_visits.revenue_client_id AS revenue_client_visits_revenue_client_id, revenue_client_visits.altegio_record_id AS revenue_client_visits_altegio_record_id, revenue_client_visits.last_visit_date AS revenue_client_visits_last_visit_date, revenue_client_visits.previous_visit_date AS revenue_client_visits_previous_visit_date, revenue_client_visits.services AS revenue_client_visits_services, revenue_client_visits.master AS revenue_client_visits_master, revenue_client_visits.amount AS revenue_client_visits_amount, revenue_client_visits.visit_status AS revenue_client_visits_visit_status, revenue_client_visits.raw_data AS revenue_client_visits_raw_data, revenue_client_visits.created_at AS revenue_client_visits_created_at, revenue_client_visits.updated_at AS revenue_client_visits_updated_at 
FROM revenue_client_visits 
WHERE revenue_client_visits.revenue_client_id = %(revenue_client_id_1)s::INTEGER ORDER BY revenue_client_visits.last_visit_date ASC, revenue_client_visits.id ASC
2026-08-01 12:20:06,892 INFO sqlalchemy.engine.Engine [cached since 10.89s ago] {'revenue_client_id_1': 57}
2026-08-01 12:20:07,070 INFO sqlalchemy.engine.Engine SELECT revenue_client_visits.id AS revenue_client_visits_id, revenue_client_visits.revenue_client_id AS revenue_client_visits_revenue_client_id, revenue_client_visits.altegio_record_id AS revenue_client_visits_altegio_record_id, revenue_client_visits.last_visit_date AS revenue_client_visits_last_visit_date, revenue_client_visits.previous_visit_date AS revenue_client_visits_previous_visit_date, revenue_client_visits.services AS revenue_client_visits_services, revenue_client_visits.master AS revenue_client_visits_master, revenue_client_visits.amount AS revenue_client_visits_amount, revenue_client_visits.visit_status AS revenue_client_visits_visit_status, revenue_client_visits.raw_data AS revenue_client_visits_raw_data, revenue_client_visits.created_at AS revenue_client_visits_created_at, revenue_client_visits.updated_at AS revenue_client_visits_updated_at 
FROM revenue_client_visits 
WHERE revenue_client_visits.altegio_record_id = %(altegio_record_id_1)s::INTEGER 
 LIMIT %(param_1)s::INTEGER
2026-08-01 12:20:07,071 INFO sqlalchemy.engine.Engine [cached since 11.08s ago] {'altegio_record_id_1': 661839772, 'param_1': 1}
2026-08-01 12:20:07,072 INFO sqlalchemy.engine.Engine SELECT revenue_client_visits.id AS revenue_client_visits_id, revenue_client_visits.revenue_client_id AS revenue_client_visits_revenue_client_id, revenue_client_visits.altegio_record_id AS revenue_client_visits_altegio_record_id, revenue_client_visits.last_visit_date AS revenue_client_visits_last_visit_date, revenue_client_visits.previous_visit_date AS revenue_client_visits_previous_visit_date, revenue_client_visits.services AS revenue_client_visits_services, revenue_client_visits.master AS revenue_client_visits_master, revenue_client_visits.amount AS revenue_client_visits_amount, revenue_client_visits.visit_status AS revenue_client_visits_visit_status, revenue_client_visits.raw_data AS revenue_client_visits_raw_data, revenue_client_visits.created_at AS revenue_client_visits_created_at, revenue_client_visits.updated_at AS revenue_client_visits_updated_at 
FROM revenue_client_visits 
WHERE revenue_client_visits.altegio_record_id = %(altegio_record_id_1)s::INTEGER 
 LIMIT %(param_1)s::INTEGER
2026-08-01 12:20:07,072 INFO sqlalchemy.engine.Engine [cached since 11.08s ago] {'altegio_record_id_1': 651205378, 'param_1': 1}
2026-08-01 12:20:07,073 INFO sqlalchemy.engine.Engine SELECT revenue_client_visits.id AS revenue_client_visits_id, revenue_client_visits.revenue_client_id AS revenue_client_visits_revenue_client_id, revenue_client_visits.altegio_record_id AS revenue_client_visits_altegio_record_id, revenue_client_visits.last_visit_date AS revenue_client_visits_last_visit_date, revenue_client_visits.previous_visit_date AS revenue_client_visits_previous_visit_date, revenue_client_visits.services AS revenue_client_visits_services, revenue_client_visits.master AS revenue_client_visits_master, revenue_client_visits.amount AS revenue_client_visits_amount, revenue_client_visits.visit_status AS revenue_client_visits_visit_status, revenue_client_visits.raw_data AS revenue_client_visits_raw_data, revenue_client_visits.created_at AS revenue_client_visits_created_at, revenue_client_visits.updated_at AS revenue_client_visits_updated_at 
FROM revenue_client_visits 
WHERE revenue_client_visits.altegio_record_id = %(altegio_record_id_1)s::INTEGER 
 LIMIT %(param_1)s::INTEGER
2026-08-01 12:20:07,073 INFO sqlalchemy.engine.Engine [cached since 11.08s ago] {'altegio_record_id_1': 639188473, 'param_1': 1}
2026-08-01 12:20:07,074 INFO sqlalchemy.engine.Engine SELECT revenue_client_visits.id AS revenue_client_visits_id, revenue_client_visits.revenue_client_id AS revenue_client_visits_revenue_client_id, revenue_client_visits.altegio_record_id AS revenue_client_visits_altegio_record_id, revenue_client_visits.last_visit_date AS revenue_client_visits_last_visit_date, revenue_client_visits.previous_visit_date AS revenue_client_visits_previous_visit_date, revenue_client_visits.services AS revenue_client_visits_services, revenue_client_visits.master AS revenue_client_visits_master, revenue_client_visits.amount AS revenue_client_visits_amount, revenue_client_visits.visit_status AS revenue_client_visits_visit_status, revenue_client_visits.raw_data AS revenue_client_visits_raw_data, revenue_client_visits.created_at AS revenue_client_visits_created_at, revenue_client_visits.updated_at AS revenue_client_visits_updated_at 
FROM revenue_client_visits 
WHERE revenue_client_visits.altegio_record_id = %(altegio_record_id_1)s::INTEGER 
 LIMIT %(param_1)s::INTEGER
2026-08-01 12:20:07,074 INFO sqlalchemy.engine.Engine [cached since 11.08s ago] {'altegio_record_id_1': 632813240, 'param_1': 1}
2026-08-01 12:20:07,075 INFO sqlalchemy.engine.Engine SELECT revenue_client_visits.id AS revenue_client_visits_id, revenue_client_visits.revenue_client_id AS revenue_client_visits_revenue_client_id, revenue_client_visits.altegio_record_id AS revenue_client_visits_altegio_record_id, revenue_client_visits.last_visit_date AS revenue_client_visits_last_visit_date, revenue_client_visits.previous_visit_date AS revenue_client_visits_previous_visit_date, revenue_client_visits.services AS revenue_client_visits_services, revenue_client_visits.master AS revenue_client_visits_master, revenue_client_visits.amount AS revenue_client_visits_amount, revenue_client_visits.visit_status AS revenue_client_visits_visit_status, revenue_client_visits.raw_data AS revenue_client_visits_raw_data, revenue_client_visits.created_at AS revenue_client_visits_created_at, revenue_client_visits.updated_at AS revenue_client_visits_updated_at 
FROM revenue_client_visits 
WHERE revenue_client_visits.altegio_record_id = %(altegio_record_id_1)s::INTEGER 
 LIMIT %(param_1)s::INTEGER
2026-08-01 12:20:07,075 INFO sqlalchemy.engine.Engine [cached since 11.08s ago] {'altegio_record_id_1': 629190380, 'param_1': 1}
2026-08-01 12:20:07,076 INFO sqlalchemy.engine.Engine SELECT revenue_client_visits.id AS revenue_client_visits_id, revenue_client_visits.revenue_client_id AS revenue_client_visits_revenue_client_id, revenue_client_visits.altegio_record_id AS revenue_client_visits_altegio_record_id, revenue_client_visits.last_visit_date AS revenue_client_visits_last_visit_date, revenue_client_visits.previous_visit_date AS revenue_client_visits_previous_visit_date, revenue_client_visits.services AS revenue_client_visits_services, revenue_client_visits.master AS revenue_client_visits_master, revenue_client_visits.amount AS revenue_client_visits_amount, revenue_client_visits.visit_status AS revenue_client_visits_visit_status, revenue_client_visits.raw_data AS revenue_client_visits_raw_data, revenue_client_visits.created_at AS revenue_client_visits_created_at, revenue_client_visits.updated_at AS revenue_client_visits_updated_at 
FROM revenue_client_visits 
WHERE revenue_client_visits.altegio_record_id = %(altegio_record_id_1)s::INTEGER 
 LIMIT %(param_1)s::INTEGER
2026-08-01 12:20:07,076 INFO sqlalchemy.engine.Engine [cached since 11.08s ago] {'altegio_record_id_1': 612368078, 'param_1': 1}
2026-08-01 12:20:07,077 INFO sqlalchemy.engine.Engine SELECT revenue_client_visits.id AS revenue_client_visits_id, revenue_client_visits.revenue_client_id AS revenue_client_visits_revenue_client_id, revenue_client_visits.altegio_record_id AS revenue_client_visits_altegio_record_id, revenue_client_visits.last_visit_date AS revenue_client_visits_last_visit_date, revenue_client_visits.previous_visit_date AS revenue_client_visits_previous_visit_date, revenue_client_visits.services AS revenue_client_visits_services, revenue_client_visits.master AS revenue_client_visits_master, revenue_client_visits.amount AS revenue_client_visits_amount, revenue_client_visits.visit_status AS revenue_client_visits_visit_status, revenue_client_visits.raw_data AS revenue_client_visits_raw_data, revenue_client_visits.created_at AS revenue_client_visits_created_at, revenue_client_visits.updated_at AS revenue_client_visits_updated_at 
FROM revenue_client_visits 
WHERE revenue_client_visits.revenue_client_id = %(revenue_client_id_1)s::INTEGER ORDER BY revenue_client_visits.last_visit_date ASC, revenue_client_visits.id ASC
2026-08-01 12:20:07,077 INFO sqlalchemy.engine.Engine [cached since 11.08s ago] {'revenue_client_id_1': 58}
2026-08-01 12:20:07,278 INFO sqlalchemy.engine.Engine SELECT revenue_client_visits.id AS revenue_client_visits_id, revenue_client_visits.revenue_client_id AS revenue_client_visits_revenue_client_id, revenue_client_visits.altegio_record_id AS revenue_client_visits_altegio_record_id, revenue_client_visits.last_visit_date AS revenue_client_visits_last_visit_date, revenue_client_visits.previous_visit_date AS revenue_client_visits_previous_visit_date, revenue_client_visits.services AS revenue_client_visits_services, revenue_client_visits.master AS revenue_client_visits_master, revenue_client_visits.amount AS revenue_client_visits_amount, revenue_client_visits.visit_status AS revenue_client_visits_visit_status, revenue_client_visits.raw_data AS revenue_client_visits_raw_data, revenue_client_visits.created_at AS revenue_client_visits_created_at, revenue_client_visits.updated_at AS revenue_client_visits_updated_at 
FROM revenue_client_visits 
WHERE revenue_client_visits.altegio_record_id = %(altegio_record_id_1)s::INTEGER 
 LIMIT %(param_1)s::INTEGER
2026-08-01 12:20:07,279 INFO sqlalchemy.engine.Engine [cached since 11.29s ago] {'altegio_record_id_1': 612409895, 'param_1': 1}
2026-08-01 12:20:07,280 INFO sqlalchemy.engine.Engine SELECT revenue_client_visits.id AS revenue_client_visits_id, revenue_client_visits.revenue_client_id AS revenue_client_visits_revenue_client_id, revenue_client_visits.altegio_record_id AS revenue_client_visits_altegio_record_id, revenue_client_visits.last_visit_date AS revenue_client_visits_last_visit_date, revenue_client_visits.previous_visit_date AS revenue_client_visits_previous_visit_date, revenue_client_visits.services AS revenue_client_visits_services, revenue_client_visits.master AS revenue_client_visits_master, revenue_client_visits.amount AS revenue_client_visits_amount, revenue_client_visits.visit_status AS revenue_client_visits_visit_status, revenue_client_visits.raw_data AS revenue_client_visits_raw_data, revenue_client_visits.created_at AS revenue_client_visits_created_at, revenue_client_visits.updated_at AS revenue_client_visits_updated_at 
FROM revenue_client_visits 
WHERE revenue_client_visits.revenue_client_id = %(revenue_client_id_1)s::INTEGER ORDER BY revenue_client_visits.last_visit_date ASC, revenue_client_visits.id ASC
2026-08-01 12:20:07,280 INFO sqlalchemy.engine.Engine [cached since 11.28s ago] {'revenue_client_id_1': 59}
2026-08-01 12:20:07,739 INFO sqlalchemy.engine.Engine SELECT revenue_client_visits.id AS revenue_client_visits_id, revenue_client_visits.revenue_client_id AS revenue_client_visits_revenue_client_id, revenue_client_visits.altegio_record_id AS revenue_client_visits_altegio_record_id, revenue_client_visits.last_visit_date AS revenue_client_visits_last_visit_date, revenue_client_visits.previous_visit_date AS revenue_client_visits_previous_visit_date, revenue_client_visits.services AS revenue_client_visits_services, revenue_client_visits.master AS revenue_client_visits_master, revenue_client_visits.amount AS revenue_client_visits_amount, revenue_client_visits.visit_status AS revenue_client_visits_visit_status, revenue_client_visits.raw_data AS revenue_client_visits_raw_data, revenue_client_visits.created_at AS revenue_client_visits_created_at, revenue_client_visits.updated_at AS revenue_client_visits_updated_at 
FROM revenue_client_visits 
WHERE revenue_client_visits.altegio_record_id = %(altegio_record_id_1)s::INTEGER 
 LIMIT %(param_1)s::INTEGER
2026-08-01 12:20:07,740 INFO sqlalchemy.engine.Engine [cached since 11.75s ago] {'altegio_record_id_1': 612607582, 'param_1': 1}
2026-08-01 12:20:07,741 INFO sqlalchemy.engine.Engine SELECT revenue_client_visits.id AS revenue_client_visits_id, revenue_client_visits.revenue_client_id AS revenue_client_visits_revenue_client_id, revenue_client_visits.altegio_record_id AS revenue_client_visits_altegio_record_id, revenue_client_visits.last_visit_date AS revenue_client_visits_last_visit_date, revenue_client_visits.previous_visit_date AS revenue_client_visits_previous_visit_date, revenue_client_visits.services AS revenue_client_visits_services, revenue_client_visits.master AS revenue_client_visits_master, revenue_client_visits.amount AS revenue_client_visits_amount, revenue_client_visits.visit_status AS revenue_client_visits_visit_status, revenue_client_visits.raw_data AS revenue_client_visits_raw_data, revenue_client_visits.created_at AS revenue_client_visits_created_at, revenue_client_visits.updated_at AS revenue_client_visits_updated_at 
FROM revenue_client_visits 
WHERE revenue_client_visits.revenue_client_id = %(revenue_client_id_1)s::INTEGER ORDER BY revenue_client_visits.last_visit_date ASC, revenue_client_visits.id ASC
2026-08-01 12:20:07,741 INFO sqlalchemy.engine.Engine [cached since 11.74s ago] {'revenue_client_id_1': 61}
2026-08-01 12:20:07,910 INFO sqlalchemy.engine.Engine SELECT revenue_client_visits.id AS revenue_client_visits_id, revenue_client_visits.revenue_client_id AS revenue_client_visits_revenue_client_id, revenue_client_visits.altegio_record_id AS revenue_client_visits_altegio_record_id, revenue_client_visits.last_visit_date AS revenue_client_visits_last_visit_date, revenue_client_visits.previous_visit_date AS revenue_client_visits_previous_visit_date, revenue_client_visits.services AS revenue_client_visits_services, revenue_client_visits.master AS revenue_client_visits_master, revenue_client_visits.amount AS revenue_client_visits_amount, revenue_client_visits.visit_status AS revenue_client_visits_visit_status, revenue_client_visits.raw_data AS revenue_client_visits_raw_data, revenue_client_visits.created_at AS revenue_client_visits_created_at, revenue_client_visits.updated_at AS revenue_client_visits_updated_at 
FROM revenue_client_visits 
WHERE revenue_client_visits.altegio_record_id = %(altegio_record_id_1)s::INTEGER 
 LIMIT %(param_1)s::INTEGER
2026-08-01 12:20:07,910 INFO sqlalchemy.engine.Engine [cached since 11.92s ago] {'altegio_record_id_1': 613066288, 'param_1': 1}
2026-08-01 12:20:07,911 INFO sqlalchemy.engine.Engine SELECT revenue_client_visits.id AS revenue_client_visits_id, revenue_client_visits.revenue_client_id AS revenue_client_visits_revenue_client_id, revenue_client_visits.altegio_record_id AS revenue_client_visits_altegio_record_id, revenue_client_visits.last_visit_date AS revenue_client_visits_last_visit_date, revenue_client_visits.previous_visit_date AS revenue_client_visits_previous_visit_date, revenue_client_visits.services AS revenue_client_visits_services, revenue_client_visits.master AS revenue_client_visits_master, revenue_client_visits.amount AS revenue_client_visits_amount, revenue_client_visits.visit_status AS revenue_client_visits_visit_status, revenue_client_visits.raw_data AS revenue_client_visits_raw_data, revenue_client_visits.created_at AS revenue_client_visits_created_at, revenue_client_visits.updated_at AS revenue_client_visits_updated_at 
FROM revenue_client_visits 
WHERE revenue_client_visits.revenue_client_id = %(revenue_client_id_1)s::INTEGER ORDER BY revenue_client_visits.last_visit_date ASC, revenue_client_visits.id ASC
2026-08-01 12:20:07,911 INFO sqlalchemy.engine.Engine [cached since 11.91s ago] {'revenue_client_id_1': 62}
2026-08-01 12:20:08,436 INFO sqlalchemy.engine.Engine SELECT revenue_client_visits.id AS revenue_client_visits_id, revenue_client_visits.revenue_client_id AS revenue_client_visits_revenue_client_id, revenue_client_visits.altegio_record_id AS revenue_client_visits_altegio_record_id, revenue_client_visits.last_visit_date AS revenue_client_visits_last_visit_date, revenue_client_visits.previous_visit_date AS revenue_client_visits_previous_visit_date, revenue_client_visits.services AS revenue_client_visits_services, revenue_client_visits.master AS revenue_client_visits_master, revenue_client_visits.amount AS revenue_client_visits_amount, revenue_client_visits.visit_status AS revenue_client_visits_visit_status, revenue_client_visits.raw_data AS revenue_client_visits_raw_data, revenue_client_visits.created_at AS revenue_client_visits_created_at, revenue_client_visits.updated_at AS revenue_client_visits_updated_at 
FROM revenue_client_visits 
WHERE revenue_client_visits.altegio_record_id = %(altegio_record_id_1)s::INTEGER 
 LIMIT %(param_1)s::INTEGER
2026-08-01 12:20:08,437 INFO sqlalchemy.engine.Engine [cached since 12.45s ago] {'altegio_record_id_1': 613676074, 'param_1': 1}
2026-08-01 12:20:08,439 INFO sqlalchemy.engine.Engine SELECT revenue_client_visits.id AS revenue_client_visits_id, revenue_client_visits.revenue_client_id AS revenue_client_visits_revenue_client_id, revenue_client_visits.altegio_record_id AS revenue_client_visits_altegio_record_id, revenue_client_visits.last_visit_date AS revenue_client_visits_last_visit_date, revenue_client_visits.previous_visit_date AS revenue_client_visits_previous_visit_date, revenue_client_visits.services AS revenue_client_visits_services, revenue_client_visits.master AS revenue_client_visits_master, revenue_client_visits.amount AS revenue_client_visits_amount, revenue_client_visits.visit_status AS revenue_client_visits_visit_status, revenue_client_visits.raw_data AS revenue_client_visits_raw_data, revenue_client_visits.created_at AS revenue_client_visits_created_at, revenue_client_visits.updated_at AS revenue_client_visits_updated_at 
FROM revenue_client_visits 
WHERE revenue_client_visits.altegio_record_id = %(altegio_record_id_1)s::INTEGER 
 LIMIT %(param_1)s::INTEGER
2026-08-01 12:20:08,439 INFO sqlalchemy.engine.Engine [cached since 12.45s ago] {'altegio_record_id_1': 613410507, 'param_1': 1}
2026-08-01 12:20:08,440 INFO sqlalchemy.engine.Engine SELECT revenue_client_visits.id AS revenue_client_visits_id, revenue_client_visits.revenue_client_id AS revenue_client_visits_revenue_client_id, revenue_client_visits.altegio_record_id AS revenue_client_visits_altegio_record_id, revenue_client_visits.last_visit_date AS revenue_client_visits_last_visit_date, revenue_client_visits.previous_visit_date AS revenue_client_visits_previous_visit_date, revenue_client_visits.services AS revenue_client_visits_services, revenue_client_visits.master AS revenue_client_visits_master, revenue_client_visits.amount AS revenue_client_visits_amount, revenue_client_visits.visit_status AS revenue_client_visits_visit_status, revenue_client_visits.raw_data AS revenue_client_visits_raw_data, revenue_client_visits.created_at AS revenue_client_visits_created_at, revenue_client_visits.updated_at AS revenue_client_visits_updated_at 
FROM revenue_client_visits 
WHERE revenue_client_visits.revenue_client_id = %(revenue_client_id_1)s::INTEGER ORDER BY revenue_client_visits.last_visit_date ASC, revenue_client_visits.id ASC
2026-08-01 12:20:08,440 INFO sqlalchemy.engine.Engine [cached since 12.44s ago] {'revenue_client_id_1': 65}
2026-08-01 12:20:08,656 INFO sqlalchemy.engine.Engine SELECT revenue_client_visits.id AS revenue_client_visits_id, revenue_client_visits.revenue_client_id AS revenue_client_visits_revenue_client_id, revenue_client_visits.altegio_record_id AS revenue_client_visits_altegio_record_id, revenue_client_visits.last_visit_date AS revenue_client_visits_last_visit_date, revenue_client_visits.previous_visit_date AS revenue_client_visits_previous_visit_date, revenue_client_visits.services AS revenue_client_visits_services, revenue_client_visits.master AS revenue_client_visits_master, revenue_client_visits.amount AS revenue_client_visits_amount, revenue_client_visits.visit_status AS revenue_client_visits_visit_status, revenue_client_visits.raw_data AS revenue_client_visits_raw_data, revenue_client_visits.created_at AS revenue_client_visits_created_at, revenue_client_visits.updated_at AS revenue_client_visits_updated_at 
FROM revenue_client_visits 
WHERE revenue_client_visits.altegio_record_id = %(altegio_record_id_1)s::INTEGER 
 LIMIT %(param_1)s::INTEGER
2026-08-01 12:20:08,656 INFO sqlalchemy.engine.Engine [cached since 12.66s ago] {'altegio_record_id_1': 613533014, 'param_1': 1}
2026-08-01 12:20:08,657 INFO sqlalchemy.engine.Engine SELECT revenue_client_visits.id AS revenue_client_visits_id, revenue_client_visits.revenue_client_id AS revenue_client_visits_revenue_client_id, revenue_client_visits.altegio_record_id AS revenue_client_visits_altegio_record_id, revenue_client_visits.last_visit_date AS revenue_client_visits_last_visit_date, revenue_client_visits.previous_visit_date AS revenue_client_visits_previous_visit_date, revenue_client_visits.services AS revenue_client_visits_services, revenue_client_visits.master AS revenue_client_visits_master, revenue_client_visits.amount AS revenue_client_visits_amount, revenue_client_visits.visit_status AS revenue_client_visits_visit_status, revenue_client_visits.raw_data AS revenue_client_visits_raw_data, revenue_client_visits.created_at AS revenue_client_visits_created_at, revenue_client_visits.updated_at AS revenue_client_visits_updated_at 
FROM revenue_client_visits 
WHERE revenue_client_visits.revenue_client_id = %(revenue_client_id_1)s::INTEGER ORDER BY revenue_client_visits.last_visit_date ASC, revenue_client_visits.id ASC
2026-08-01 12:20:08,657 INFO sqlalchemy.engine.Engine [cached since 12.66s ago] {'revenue_client_id_1': 66}
2026-08-01 12:20:08,834 INFO sqlalchemy.engine.Engine SELECT revenue_client_visits.id AS revenue_client_visits_id, revenue_client_visits.revenue_client_id AS revenue_client_visits_revenue_client_id, revenue_client_visits.altegio_record_id AS revenue_client_visits_altegio_record_id, revenue_client_visits.last_visit_date AS revenue_client_visits_last_visit_date, revenue_client_visits.previous_visit_date AS revenue_client_visits_previous_visit_date, revenue_client_visits.services AS revenue_client_visits_services, revenue_client_visits.master AS revenue_client_visits_master, revenue_client_visits.amount AS revenue_client_visits_amount, revenue_client_visits.visit_status AS revenue_client_visits_visit_status, revenue_client_visits.raw_data AS revenue_client_visits_raw_data, revenue_client_visits.created_at AS revenue_client_visits_created_at, revenue_client_visits.updated_at AS revenue_client_visits_updated_at 
FROM revenue_client_visits 
WHERE revenue_client_visits.altegio_record_id = %(altegio_record_id_1)s::INTEGER 
 LIMIT %(param_1)s::INTEGER
2026-08-01 12:20:08,835 INFO sqlalchemy.engine.Engine [cached since 12.84s ago] {'altegio_record_id_1': 613689403, 'param_1': 1}
2026-08-01 12:20:08,836 INFO sqlalchemy.engine.Engine SELECT revenue_client_visits.id AS revenue_client_visits_id, revenue_client_visits.revenue_client_id AS revenue_client_visits_revenue_client_id, revenue_client_visits.altegio_record_id AS revenue_client_visits_altegio_record_id, revenue_client_visits.last_visit_date AS revenue_client_visits_last_visit_date, revenue_client_visits.previous_visit_date AS revenue_client_visits_previous_visit_date, revenue_client_visits.services AS revenue_client_visits_services, revenue_client_visits.master AS revenue_client_visits_master, revenue_client_visits.amount AS revenue_client_visits_amount, revenue_client_visits.visit_status AS revenue_client_visits_visit_status, revenue_client_visits.raw_data AS revenue_client_visits_raw_data, revenue_client_visits.created_at AS revenue_client_visits_created_at, revenue_client_visits.updated_at AS revenue_client_visits_updated_at 
FROM revenue_client_visits 
WHERE revenue_client_visits.revenue_client_id = %(revenue_client_id_1)s::INTEGER ORDER BY revenue_client_visits.last_visit_date ASC, revenue_client_visits.id ASC
2026-08-01 12:20:08,836 INFO sqlalchemy.engine.Engine [cached since 12.84s ago] {'revenue_client_id_1': 67}
2026-08-01 12:20:09,001 INFO sqlalchemy.engine.Engine SELECT revenue_client_visits.id AS revenue_client_visits_id, revenue_client_visits.revenue_client_id AS revenue_client_visits_revenue_client_id, revenue_client_visits.altegio_record_id AS revenue_client_visits_altegio_record_id, revenue_client_visits.last_visit_date AS revenue_client_visits_last_visit_date, revenue_client_visits.previous_visit_date AS revenue_client_visits_previous_visit_date, revenue_client_visits.services AS revenue_client_visits_services, revenue_client_visits.master AS revenue_client_visits_master, revenue_client_visits.amount AS revenue_client_visits_amount, revenue_client_visits.visit_status AS revenue_client_visits_visit_status, revenue_client_visits.raw_data AS revenue_client_visits_raw_data, revenue_client_visits.created_at AS revenue_client_visits_created_at, revenue_client_visits.updated_at AS revenue_client_visits_updated_at 
FROM revenue_client_visits 
WHERE revenue_client_visits.altegio_record_id = %(altegio_record_id_1)s::INTEGER 
 LIMIT %(param_1)s::INTEGER
2026-08-01 12:20:09,001 INFO sqlalchemy.engine.Engine [cached since 13.01s ago] {'altegio_record_id_1': 613741605, 'param_1': 1}
2026-08-01 12:20:09,003 INFO sqlalchemy.engine.Engine SELECT revenue_client_visits.id AS revenue_client_visits_id, revenue_client_visits.revenue_client_id AS revenue_client_visits_revenue_client_id, revenue_client_visits.altegio_record_id AS revenue_client_visits_altegio_record_id, revenue_client_visits.last_visit_date AS revenue_client_visits_last_visit_date, revenue_client_visits.previous_visit_date AS revenue_client_visits_previous_visit_date, revenue_client_visits.services AS revenue_client_visits_services, revenue_client_visits.master AS revenue_client_visits_master, revenue_client_visits.amount AS revenue_client_visits_amount, revenue_client_visits.visit_status AS revenue_client_visits_visit_status, revenue_client_visits.raw_data AS revenue_client_visits_raw_data, revenue_client_visits.created_at AS revenue_client_visits_created_at, revenue_client_visits.updated_at AS revenue_client_visits_updated_at 
FROM revenue_client_visits 
WHERE revenue_client_visits.revenue_client_id = %(revenue_client_id_1)s::INTEGER ORDER BY revenue_client_visits.last_visit_date ASC, revenue_client_visits.id ASC
2026-08-01 12:20:09,003 INFO sqlalchemy.engine.Engine [cached since 13s ago] {'revenue_client_id_1': 68}
2026-08-01 12:20:09,180 INFO sqlalchemy.engine.Engine SELECT revenue_client_visits.id AS revenue_client_visits_id, revenue_client_visits.revenue_client_id AS revenue_client_visits_revenue_client_id, revenue_client_visits.altegio_record_id AS revenue_client_visits_altegio_record_id, revenue_client_visits.last_visit_date AS revenue_client_visits_last_visit_date, revenue_client_visits.previous_visit_date AS revenue_client_visits_previous_visit_date, revenue_client_visits.services AS revenue_client_visits_services, revenue_client_visits.master AS revenue_client_visits_master, revenue_client_visits.amount AS revenue_client_visits_amount, revenue_client_visits.visit_status AS revenue_client_visits_visit_status, revenue_client_visits.raw_data AS revenue_client_visits_raw_data, revenue_client_visits.created_at AS revenue_client_visits_created_at, revenue_client_visits.updated_at AS revenue_client_visits_updated_at 
FROM revenue_client_visits 
WHERE revenue_client_visits.altegio_record_id = %(altegio_record_id_1)s::INTEGER 
 LIMIT %(param_1)s::INTEGER
2026-08-01 12:20:09,180 INFO sqlalchemy.engine.Engine [cached since 13.19s ago] {'altegio_record_id_1': 613766256, 'param_1': 1}
2026-08-01 12:20:09,181 INFO sqlalchemy.engine.Engine SELECT revenue_client_visits.id AS revenue_client_visits_id, revenue_client_visits.revenue_client_id AS revenue_client_visits_revenue_client_id, revenue_client_visits.altegio_record_id AS revenue_client_visits_altegio_record_id, revenue_client_visits.last_visit_date AS revenue_client_visits_last_visit_date, revenue_client_visits.previous_visit_date AS revenue_client_visits_previous_visit_date, revenue_client_visits.services AS revenue_client_visits_services, revenue_client_visits.master AS revenue_client_visits_master, revenue_client_visits.amount AS revenue_client_visits_amount, revenue_client_visits.visit_status AS revenue_client_visits_visit_status, revenue_client_visits.raw_data AS revenue_client_visits_raw_data, revenue_client_visits.created_at AS revenue_client_visits_created_at, revenue_client_visits.updated_at AS revenue_client_visits_updated_at 
FROM revenue_client_visits 
WHERE revenue_client_visits.revenue_client_id = %(revenue_client_id_1)s::INTEGER ORDER BY revenue_client_visits.last_visit_date ASC, revenue_client_visits.id ASC
2026-08-01 12:20:09,181 INFO sqlalchemy.engine.Engine [cached since 13.18s ago] {'revenue_client_id_1': 69}
2026-08-01 12:20:09,355 INFO sqlalchemy.engine.Engine SELECT revenue_client_visits.id AS revenue_client_visits_id, revenue_client_visits.revenue_client_id AS revenue_client_visits_revenue_client_id, revenue_client_visits.altegio_record_id AS revenue_client_visits_altegio_record_id, revenue_client_visits.last_visit_date AS revenue_client_visits_last_visit_date, revenue_client_visits.previous_visit_date AS revenue_client_visits_previous_visit_date, revenue_client_visits.services AS revenue_client_visits_services, revenue_client_visits.master AS revenue_client_visits_master, revenue_client_visits.amount AS revenue_client_visits_amount, revenue_client_visits.visit_status AS revenue_client_visits_visit_status, revenue_client_visits.raw_data AS revenue_client_visits_raw_data, revenue_client_visits.created_at AS revenue_client_visits_created_at, revenue_client_visits.updated_at AS revenue_client_visits_updated_at 
FROM revenue_client_visits 
WHERE revenue_client_visits.altegio_record_id = %(altegio_record_id_1)s::INTEGER 
 LIMIT %(param_1)s::INTEGER
2026-08-01 12:20:09,355 INFO sqlalchemy.engine.Engine [cached since 13.36s ago] {'altegio_record_id_1': 614384751, 'param_1': 1}
2026-08-01 12:20:09,357 INFO sqlalchemy.engine.Engine SELECT revenue_client_visits.id AS revenue_client_visits_id, revenue_client_visits.revenue_client_id AS revenue_client_visits_revenue_client_id, revenue_client_visits.altegio_record_id AS revenue_client_visits_altegio_record_id, revenue_client_visits.last_visit_date AS revenue_client_visits_last_visit_date, revenue_client_visits.previous_visit_date AS revenue_client_visits_previous_visit_date, revenue_client_visits.services AS revenue_client_visits_services, revenue_client_visits.master AS revenue_client_visits_master, revenue_client_visits.amount AS revenue_client_visits_amount, revenue_client_visits.visit_status AS revenue_client_visits_visit_status, revenue_client_visits.raw_data AS revenue_client_visits_raw_data, revenue_client_visits.created_at AS revenue_client_visits_created_at, revenue_client_visits.updated_at AS revenue_client_visits_updated_at 
FROM revenue_client_visits 
WHERE revenue_client_visits.revenue_client_id = %(revenue_client_id_1)s::INTEGER ORDER BY revenue_client_visits.last_visit_date ASC, revenue_client_visits.id ASC
2026-08-01 12:20:09,357 INFO sqlalchemy.engine.Engine [cached since 13.36s ago] {'revenue_client_id_1': 70}
2026-08-01 12:20:09,528 INFO sqlalchemy.engine.Engine SELECT revenue_client_visits.id AS revenue_client_visits_id, revenue_client_visits.revenue_client_id AS revenue_client_visits_revenue_client_id, revenue_client_visits.altegio_record_id AS revenue_client_visits_altegio_record_id, revenue_client_visits.last_visit_date AS revenue_client_visits_last_visit_date, revenue_client_visits.previous_visit_date AS revenue_client_visits_previous_visit_date, revenue_client_visits.services AS revenue_client_visits_services, revenue_client_visits.master AS revenue_client_visits_master, revenue_client_visits.amount AS revenue_client_visits_amount, revenue_client_visits.visit_status AS revenue_client_visits_visit_status, revenue_client_visits.raw_data AS revenue_client_visits_raw_data, revenue_client_visits.created_at AS revenue_client_visits_created_at, revenue_client_visits.updated_at AS revenue_client_visits_updated_at 
FROM revenue_client_visits 
WHERE revenue_client_visits.altegio_record_id = %(altegio_record_id_1)s::INTEGER 
 LIMIT %(param_1)s::INTEGER
2026-08-01 12:20:09,529 INFO sqlalchemy.engine.Engine [cached since 13.54s ago] {'altegio_record_id_1': 620792730, 'param_1': 1}
2026-08-01 12:20:09,530 INFO sqlalchemy.engine.Engine SELECT revenue_client_visits.id AS revenue_client_visits_id, revenue_client_visits.revenue_client_id AS revenue_client_visits_revenue_client_id, revenue_client_visits.altegio_record_id AS revenue_client_visits_altegio_record_id, revenue_client_visits.last_visit_date AS revenue_client_visits_last_visit_date, revenue_client_visits.previous_visit_date AS revenue_client_visits_previous_visit_date, revenue_client_visits.services AS revenue_client_visits_services, revenue_client_visits.master AS revenue_client_visits_master, revenue_client_visits.amount AS revenue_client_visits_amount, revenue_client_visits.visit_status AS revenue_client_visits_visit_status, revenue_client_visits.raw_data AS revenue_client_visits_raw_data, revenue_client_visits.created_at AS revenue_client_visits_created_at, revenue_client_visits.updated_at AS revenue_client_visits_updated_at 
FROM revenue_client_visits 
WHERE revenue_client_visits.revenue_client_id = %(revenue_client_id_1)s::INTEGER ORDER BY revenue_client_visits.last_visit_date ASC, revenue_client_visits.id ASC
2026-08-01 12:20:09,530 INFO sqlalchemy.engine.Engine [cached since 13.53s ago] {'revenue_client_id_1': 109}
2026-08-01 12:20:09,703 INFO sqlalchemy.engine.Engine SELECT revenue_client_visits.id AS revenue_client_visits_id, revenue_client_visits.revenue_client_id AS revenue_client_visits_revenue_client_id, revenue_client_visits.altegio_record_id AS revenue_client_visits_altegio_record_id, revenue_client_visits.last_visit_date AS revenue_client_visits_last_visit_date, revenue_client_visits.previous_visit_date AS revenue_client_visits_previous_visit_date, revenue_client_visits.services AS revenue_client_visits_services, revenue_client_visits.master AS revenue_client_visits_master, revenue_client_visits.amount AS revenue_client_visits_amount, revenue_client_visits.visit_status AS revenue_client_visits_visit_status, revenue_client_visits.raw_data AS revenue_client_visits_raw_data, revenue_client_visits.created_at AS revenue_client_visits_created_at, revenue_client_visits.updated_at AS revenue_client_visits_updated_at 
FROM revenue_client_visits 
WHERE revenue_client_visits.altegio_record_id = %(altegio_record_id_1)s::INTEGER 
 LIMIT %(param_1)s::INTEGER
2026-08-01 12:20:09,703 INFO sqlalchemy.engine.Engine [cached since 13.71s ago] {'altegio_record_id_1': 614554188, 'param_1': 1}
2026-08-01 12:20:09,704 INFO sqlalchemy.engine.Engine SELECT revenue_client_visits.id AS revenue_client_visits_id, revenue_client_visits.revenue_client_id AS revenue_client_visits_revenue_client_id, revenue_client_visits.altegio_record_id AS revenue_client_visits_altegio_record_id, revenue_client_visits.last_visit_date AS revenue_client_visits_last_visit_date, revenue_client_visits.previous_visit_date AS revenue_client_visits_previous_visit_date, revenue_client_visits.services AS revenue_client_visits_services, revenue_client_visits.master AS revenue_client_visits_master, revenue_client_visits.amount AS revenue_client_visits_amount, revenue_client_visits.visit_status AS revenue_client_visits_visit_status, revenue_client_visits.raw_data AS revenue_client_visits_raw_data, revenue_client_visits.created_at AS revenue_client_visits_created_at, revenue_client_visits.updated_at AS revenue_client_visits_updated_at 
FROM revenue_client_visits 
WHERE revenue_client_visits.revenue_client_id = %(revenue_client_id_1)s::INTEGER ORDER BY revenue_client_visits.last_visit_date ASC, revenue_client_visits.id ASC
2026-08-01 12:20:09,704 INFO sqlalchemy.engine.Engine [cached since 13.7s ago] {'revenue_client_id_1': 71}
2026-08-01 12:20:09,901 INFO sqlalchemy.engine.Engine SELECT revenue_client_visits.id AS revenue_client_visits_id, revenue_client_visits.revenue_client_id AS revenue_client_visits_revenue_client_id, revenue_client_visits.altegio_record_id AS revenue_client_visits_altegio_record_id, revenue_client_visits.last_visit_date AS revenue_client_visits_last_visit_date, revenue_client_visits.previous_visit_date AS revenue_client_visits_previous_visit_date, revenue_client_visits.services AS revenue_client_visits_services, revenue_client_visits.master AS revenue_client_visits_master, revenue_client_visits.amount AS revenue_client_visits_amount, revenue_client_visits.visit_status AS revenue_client_visits_visit_status, revenue_client_visits.raw_data AS revenue_client_visits_raw_data, revenue_client_visits.created_at AS revenue_client_visits_created_at, revenue_client_visits.updated_at AS revenue_client_visits_updated_at 
FROM revenue_client_visits 
WHERE revenue_client_visits.altegio_record_id = %(altegio_record_id_1)s::INTEGER 
 LIMIT %(param_1)s::INTEGER
2026-08-01 12:20:09,901 INFO sqlalchemy.engine.Engine [cached since 13.91s ago] {'altegio_record_id_1': 620701212, 'param_1': 1}
2026-08-01 12:20:09,903 INFO sqlalchemy.engine.Engine SELECT revenue_client_visits.id AS revenue_client_visits_id, revenue_client_visits.revenue_client_id AS revenue_client_visits_revenue_client_id, revenue_client_visits.altegio_record_id AS revenue_client_visits_altegio_record_id, revenue_client_visits.last_visit_date AS revenue_client_visits_last_visit_date, revenue_client_visits.previous_visit_date AS revenue_client_visits_previous_visit_date, revenue_client_visits.services AS revenue_client_visits_services, revenue_client_visits.master AS revenue_client_visits_master, revenue_client_visits.amount AS revenue_client_visits_amount, revenue_client_visits.visit_status AS revenue_client_visits_visit_status, revenue_client_visits.raw_data AS revenue_client_visits_raw_data, revenue_client_visits.created_at AS revenue_client_visits_created_at, revenue_client_visits.updated_at AS revenue_client_visits_updated_at 
FROM revenue_client_visits 
WHERE revenue_client_visits.revenue_client_id = %(revenue_client_id_1)s::INTEGER ORDER BY revenue_client_visits.last_visit_date ASC, revenue_client_visits.id ASC
2026-08-01 12:20:09,903 INFO sqlalchemy.engine.Engine [cached since 13.9s ago] {'revenue_client_id_1': 72}
2026-08-01 12:20:10,100 INFO sqlalchemy.engine.Engine SELECT revenue_client_visits.id AS revenue_client_visits_id, revenue_client_visits.revenue_client_id AS revenue_client_visits_revenue_client_id, revenue_client_visits.altegio_record_id AS revenue_client_visits_altegio_record_id, revenue_client_visits.last_visit_date AS revenue_client_visits_last_visit_date, revenue_client_visits.previous_visit_date AS revenue_client_visits_previous_visit_date, revenue_client_visits.services AS revenue_client_visits_services, revenue_client_visits.master AS revenue_client_visits_master, revenue_client_visits.amount AS revenue_client_visits_amount, revenue_client_visits.visit_status AS revenue_client_visits_visit_status, revenue_client_visits.raw_data AS revenue_client_visits_raw_data, revenue_client_visits.created_at AS revenue_client_visits_created_at, revenue_client_visits.updated_at AS revenue_client_visits_updated_at 
FROM revenue_client_visits 
WHERE revenue_client_visits.altegio_record_id = %(altegio_record_id_1)s::INTEGER 
 LIMIT %(param_1)s::INTEGER
2026-08-01 12:20:10,100 INFO sqlalchemy.engine.Engine [cached since 14.11s ago] {'altegio_record_id_1': 614816189, 'param_1': 1}
2026-08-01 12:20:10,101 INFO sqlalchemy.engine.Engine SELECT revenue_client_visits.id AS revenue_client_visits_id, revenue_client_visits.revenue_client_id AS revenue_client_visits_revenue_client_id, revenue_client_visits.altegio_record_id AS revenue_client_visits_altegio_record_id, revenue_client_visits.last_visit_date AS revenue_client_visits_last_visit_date, revenue_client_visits.previous_visit_date AS revenue_client_visits_previous_visit_date, revenue_client_visits.services AS revenue_client_visits_services, revenue_client_visits.master AS revenue_client_visits_master, revenue_client_visits.amount AS revenue_client_visits_amount, revenue_client_visits.visit_status AS revenue_client_visits_visit_status, revenue_client_visits.raw_data AS revenue_client_visits_raw_data, revenue_client_visits.created_at AS revenue_client_visits_created_at, revenue_client_visits.updated_at AS revenue_client_visits_updated_at 
FROM revenue_client_visits 
WHERE revenue_client_visits.revenue_client_id = %(revenue_client_id_1)s::INTEGER ORDER BY revenue_client_visits.last_visit_date ASC, revenue_client_visits.id ASC
2026-08-01 12:20:10,101 INFO sqlalchemy.engine.Engine [cached since 14.1s ago] {'revenue_client_id_1': 73}
2026-08-01 12:20:10,284 INFO sqlalchemy.engine.Engine SELECT revenue_client_visits.id AS revenue_client_visits_id, revenue_client_visits.revenue_client_id AS revenue_client_visits_revenue_client_id, revenue_client_visits.altegio_record_id AS revenue_client_visits_altegio_record_id, revenue_client_visits.last_visit_date AS revenue_client_visits_last_visit_date, revenue_client_visits.previous_visit_date AS revenue_client_visits_previous_visit_date, revenue_client_visits.services AS revenue_client_visits_services, revenue_client_visits.master AS revenue_client_visits_master, revenue_client_visits.amount AS revenue_client_visits_amount, revenue_client_visits.visit_status AS revenue_client_visits_visit_status, revenue_client_visits.raw_data AS revenue_client_visits_raw_data, revenue_client_visits.created_at AS revenue_client_visits_created_at, revenue_client_visits.updated_at AS revenue_client_visits_updated_at 
FROM revenue_client_visits 
WHERE revenue_client_visits.altegio_record_id = %(altegio_record_id_1)s::INTEGER 
 LIMIT %(param_1)s::INTEGER
2026-08-01 12:20:10,284 INFO sqlalchemy.engine.Engine [cached since 14.29s ago] {'altegio_record_id_1': 614910533, 'param_1': 1}
2026-08-01 12:20:10,285 INFO sqlalchemy.engine.Engine SELECT revenue_client_visits.id AS revenue_client_visits_id, revenue_client_visits.revenue_client_id AS revenue_client_visits_revenue_client_id, revenue_client_visits.altegio_record_id AS revenue_client_visits_altegio_record_id, revenue_client_visits.last_visit_date AS revenue_client_visits_last_visit_date, revenue_client_visits.previous_visit_date AS revenue_client_visits_previous_visit_date, revenue_client_visits.services AS revenue_client_visits_services, revenue_client_visits.master AS revenue_client_visits_master, revenue_client_visits.amount AS revenue_client_visits_amount, revenue_client_visits.visit_status AS revenue_client_visits_visit_status, revenue_client_visits.raw_data AS revenue_client_visits_raw_data, revenue_client_visits.created_at AS revenue_client_visits_created_at, revenue_client_visits.updated_at AS revenue_client_visits_updated_at 
FROM revenue_client_visits 
WHERE revenue_client_visits.revenue_client_id = %(revenue_client_id_1)s::INTEGER ORDER BY revenue_client_visits.last_visit_date ASC, revenue_client_visits.id ASC
2026-08-01 12:20:10,285 INFO sqlalchemy.engine.Engine [cached since 14.28s ago] {'revenue_client_id_1': 74}
2026-08-01 12:20:10,609 INFO sqlalchemy.engine.Engine SELECT revenue_client_visits.id AS revenue_client_visits_id, revenue_client_visits.revenue_client_id AS revenue_client_visits_revenue_client_id, revenue_client_visits.altegio_record_id AS revenue_client_visits_altegio_record_id, revenue_client_visits.last_visit_date AS revenue_client_visits_last_visit_date, revenue_client_visits.previous_visit_date AS revenue_client_visits_previous_visit_date, revenue_client_visits.services AS revenue_client_visits_services, revenue_client_visits.master AS revenue_client_visits_master, revenue_client_visits.amount AS revenue_client_visits_amount, revenue_client_visits.visit_status AS revenue_client_visits_visit_status, revenue_client_visits.raw_data AS revenue_client_visits_raw_data, revenue_client_visits.created_at AS revenue_client_visits_created_at, revenue_client_visits.updated_at AS revenue_client_visits_updated_at 
FROM revenue_client_visits 
WHERE revenue_client_visits.altegio_record_id = %(altegio_record_id_1)s::INTEGER 
 LIMIT %(param_1)s::INTEGER
2026-08-01 12:20:10,610 INFO sqlalchemy.engine.Engine [cached since 14.62s ago] {'altegio_record_id_1': 650774605, 'param_1': 1}
2026-08-01 12:20:10,611 INFO sqlalchemy.engine.Engine SELECT revenue_client_visits.id AS revenue_client_visits_id, revenue_client_visits.revenue_client_id AS revenue_client_visits_revenue_client_id, revenue_client_visits.altegio_record_id AS revenue_client_visits_altegio_record_id, revenue_client_visits.last_visit_date AS revenue_client_visits_last_visit_date, revenue_client_visits.previous_visit_date AS revenue_client_visits_previous_visit_date, revenue_client_visits.services AS revenue_client_visits_services, revenue_client_visits.master AS revenue_client_visits_master, revenue_client_visits.amount AS revenue_client_visits_amount, revenue_client_visits.visit_status AS revenue_client_visits_visit_status, revenue_client_visits.raw_data AS revenue_client_visits_raw_data, revenue_client_visits.created_at AS revenue_client_visits_created_at, revenue_client_visits.updated_at AS revenue_client_visits_updated_at 
FROM revenue_client_visits 
WHERE revenue_client_visits.altegio_record_id = %(altegio_record_id_1)s::INTEGER 
 LIMIT %(param_1)s::INTEGER
2026-08-01 12:20:10,611 INFO sqlalchemy.engine.Engine [cached since 14.62s ago] {'altegio_record_id_1': 615454032, 'param_1': 1}
2026-08-01 12:20:10,611 INFO sqlalchemy.engine.Engine SELECT revenue_client_visits.id AS revenue_client_visits_id, revenue_client_visits.revenue_client_id AS revenue_client_visits_revenue_client_id, revenue_client_visits.altegio_record_id AS revenue_client_visits_altegio_record_id, revenue_client_visits.last_visit_date AS revenue_client_visits_last_visit_date, revenue_client_visits.previous_visit_date AS revenue_client_visits_previous_visit_date, revenue_client_visits.services AS revenue_client_visits_services, revenue_client_visits.master AS revenue_client_visits_master, revenue_client_visits.amount AS revenue_client_visits_amount, revenue_client_visits.visit_status AS revenue_client_visits_visit_status, revenue_client_visits.raw_data AS revenue_client_visits_raw_data, revenue_client_visits.created_at AS revenue_client_visits_created_at, revenue_client_visits.updated_at AS revenue_client_visits_updated_at 
FROM revenue_client_visits 
WHERE revenue_client_visits.revenue_client_id = %(revenue_client_id_1)s::INTEGER ORDER BY revenue_client_visits.last_visit_date ASC, revenue_client_visits.id ASC
2026-08-01 12:20:10,611 INFO sqlalchemy.engine.Engine [cached since 14.61s ago] {'revenue_client_id_1': 76}
2026-08-01 12:20:10,805 INFO sqlalchemy.engine.Engine SELECT revenue_client_visits.id AS revenue_client_visits_id, revenue_client_visits.revenue_client_id AS revenue_client_visits_revenue_client_id, revenue_client_visits.altegio_record_id AS revenue_client_visits_altegio_record_id, revenue_client_visits.last_visit_date AS revenue_client_visits_last_visit_date, revenue_client_visits.previous_visit_date AS revenue_client_visits_previous_visit_date, revenue_client_visits.services AS revenue_client_visits_services, revenue_client_visits.master AS revenue_client_visits_master, revenue_client_visits.amount AS revenue_client_visits_amount, revenue_client_visits.visit_status AS revenue_client_visits_visit_status, revenue_client_visits.raw_data AS revenue_client_visits_raw_data, revenue_client_visits.created_at AS revenue_client_visits_created_at, revenue_client_visits.updated_at AS revenue_client_visits_updated_at 
FROM revenue_client_visits 
WHERE revenue_client_visits.altegio_record_id = %(altegio_record_id_1)s::INTEGER 
 LIMIT %(param_1)s::INTEGER
2026-08-01 12:20:10,805 INFO sqlalchemy.engine.Engine [cached since 14.81s ago] {'altegio_record_id_1': 615774509, 'param_1': 1}
2026-08-01 12:20:10,806 INFO sqlalchemy.engine.Engine SELECT revenue_client_visits.id AS revenue_client_visits_id, revenue_client_visits.revenue_client_id AS revenue_client_visits_revenue_client_id, revenue_client_visits.altegio_record_id AS revenue_client_visits_altegio_record_id, revenue_client_visits.last_visit_date AS revenue_client_visits_last_visit_date, revenue_client_visits.previous_visit_date AS revenue_client_visits_previous_visit_date, revenue_client_visits.services AS revenue_client_visits_services, revenue_client_visits.master AS revenue_client_visits_master, revenue_client_visits.amount AS revenue_client_visits_amount, revenue_client_visits.visit_status AS revenue_client_visits_visit_status, revenue_client_visits.raw_data AS revenue_client_visits_raw_data, revenue_client_visits.created_at AS revenue_client_visits_created_at, revenue_client_visits.updated_at AS revenue_client_visits_updated_at 
FROM revenue_client_visits 
WHERE revenue_client_visits.revenue_client_id = %(revenue_client_id_1)s::INTEGER ORDER BY revenue_client_visits.last_visit_date ASC, revenue_client_visits.id ASC
2026-08-01 12:20:10,806 INFO sqlalchemy.engine.Engine [cached since 14.81s ago] {'revenue_client_id_1': 77}
2026-08-01 12:20:11,000 INFO sqlalchemy.engine.Engine SELECT revenue_client_visits.id AS revenue_client_visits_id, revenue_client_visits.revenue_client_id AS revenue_client_visits_revenue_client_id, revenue_client_visits.altegio_record_id AS revenue_client_visits_altegio_record_id, revenue_client_visits.last_visit_date AS revenue_client_visits_last_visit_date, revenue_client_visits.previous_visit_date AS revenue_client_visits_previous_visit_date, revenue_client_visits.services AS revenue_client_visits_services, revenue_client_visits.master AS revenue_client_visits_master, revenue_client_visits.amount AS revenue_client_visits_amount, revenue_client_visits.visit_status AS revenue_client_visits_visit_status, revenue_client_visits.raw_data AS revenue_client_visits_raw_data, revenue_client_visits.created_at AS revenue_client_visits_created_at, revenue_client_visits.updated_at AS revenue_client_visits_updated_at 
FROM revenue_client_visits 
WHERE revenue_client_visits.altegio_record_id = %(altegio_record_id_1)s::INTEGER 
 LIMIT %(param_1)s::INTEGER
2026-08-01 12:20:11,000 INFO sqlalchemy.engine.Engine [cached since 15.01s ago] {'altegio_record_id_1': 615848620, 'param_1': 1}
2026-08-01 12:20:11,002 INFO sqlalchemy.engine.Engine SELECT revenue_client_visits.id AS revenue_client_visits_id, revenue_client_visits.revenue_client_id AS revenue_client_visits_revenue_client_id, revenue_client_visits.altegio_record_id AS revenue_client_visits_altegio_record_id, revenue_client_visits.last_visit_date AS revenue_client_visits_last_visit_date, revenue_client_visits.previous_visit_date AS revenue_client_visits_previous_visit_date, revenue_client_visits.services AS revenue_client_visits_services, revenue_client_visits.master AS revenue_client_visits_master, revenue_client_visits.amount AS revenue_client_visits_amount, revenue_client_visits.visit_status AS revenue_client_visits_visit_status, revenue_client_visits.raw_data AS revenue_client_visits_raw_data, revenue_client_visits.created_at AS revenue_client_visits_created_at, revenue_client_visits.updated_at AS revenue_client_visits_updated_at 
FROM revenue_client_visits 
WHERE revenue_client_visits.revenue_client_id = %(revenue_client_id_1)s::INTEGER ORDER BY revenue_client_visits.last_visit_date ASC, revenue_client_visits.id ASC
2026-08-01 12:20:11,002 INFO sqlalchemy.engine.Engine [cached since 15s ago] {'revenue_client_id_1': 78}
2026-08-01 12:20:11,179 INFO sqlalchemy.engine.Engine SELECT revenue_client_visits.id AS revenue_client_visits_id, revenue_client_visits.revenue_client_id AS revenue_client_visits_revenue_client_id, revenue_client_visits.altegio_record_id AS revenue_client_visits_altegio_record_id, revenue_client_visits.last_visit_date AS revenue_client_visits_last_visit_date, revenue_client_visits.previous_visit_date AS revenue_client_visits_previous_visit_date, revenue_client_visits.services AS revenue_client_visits_services, revenue_client_visits.master AS revenue_client_visits_master, revenue_client_visits.amount AS revenue_client_visits_amount, revenue_client_visits.visit_status AS revenue_client_visits_visit_status, revenue_client_visits.raw_data AS revenue_client_visits_raw_data, revenue_client_visits.created_at AS revenue_client_visits_created_at, revenue_client_visits.updated_at AS revenue_client_visits_updated_at 
FROM revenue_client_visits 
WHERE revenue_client_visits.altegio_record_id = %(altegio_record_id_1)s::INTEGER 
 LIMIT %(param_1)s::INTEGER
2026-08-01 12:20:11,179 INFO sqlalchemy.engine.Engine [cached since 15.19s ago] {'altegio_record_id_1': 616071085, 'param_1': 1}
2026-08-01 12:20:11,181 INFO sqlalchemy.engine.Engine SELECT revenue_client_visits.id AS revenue_client_visits_id, revenue_client_visits.revenue_client_id AS revenue_client_visits_revenue_client_id, revenue_client_visits.altegio_record_id AS revenue_client_visits_altegio_record_id, revenue_client_visits.last_visit_date AS revenue_client_visits_last_visit_date, revenue_client_visits.previous_visit_date AS revenue_client_visits_previous_visit_date, revenue_client_visits.services AS revenue_client_visits_services, revenue_client_visits.master AS revenue_client_visits_master, revenue_client_visits.amount AS revenue_client_visits_amount, revenue_client_visits.visit_status AS revenue_client_visits_visit_status, revenue_client_visits.raw_data AS revenue_client_visits_raw_data, revenue_client_visits.created_at AS revenue_client_visits_created_at, revenue_client_visits.updated_at AS revenue_client_visits_updated_at 
FROM revenue_client_visits 
WHERE revenue_client_visits.revenue_client_id = %(revenue_client_id_1)s::INTEGER ORDER BY revenue_client_visits.last_visit_date ASC, revenue_client_visits.id ASC
2026-08-01 12:20:11,181 INFO sqlalchemy.engine.Engine [cached since 15.18s ago] {'revenue_client_id_1': 79}
2026-08-01 12:20:11,362 INFO sqlalchemy.engine.Engine SELECT revenue_client_visits.id AS revenue_client_visits_id, revenue_client_visits.revenue_client_id AS revenue_client_visits_revenue_client_id, revenue_client_visits.altegio_record_id AS revenue_client_visits_altegio_record_id, revenue_client_visits.last_visit_date AS revenue_client_visits_last_visit_date, revenue_client_visits.previous_visit_date AS revenue_client_visits_previous_visit_date, revenue_client_visits.services AS revenue_client_visits_services, revenue_client_visits.master AS revenue_client_visits_master, revenue_client_visits.amount AS revenue_client_visits_amount, revenue_client_visits.visit_status AS revenue_client_visits_visit_status, revenue_client_visits.raw_data AS revenue_client_visits_raw_data, revenue_client_visits.created_at AS revenue_client_visits_created_at, revenue_client_visits.updated_at AS revenue_client_visits_updated_at 
FROM revenue_client_visits 
WHERE revenue_client_visits.altegio_record_id = %(altegio_record_id_1)s::INTEGER 
 LIMIT %(param_1)s::INTEGER
2026-08-01 12:20:11,362 INFO sqlalchemy.engine.Engine [cached since 15.37s ago] {'altegio_record_id_1': 655525997, 'param_1': 1}
2026-08-01 12:20:11,363 INFO sqlalchemy.engine.Engine SELECT revenue_client_visits.id AS revenue_client_visits_id, revenue_client_visits.revenue_client_id AS revenue_client_visits_revenue_client_id, revenue_client_visits.altegio_record_id AS revenue_client_visits_altegio_record_id, revenue_client_visits.last_visit_date AS revenue_client_visits_last_visit_date, revenue_client_visits.previous_visit_date AS revenue_client_visits_previous_visit_date, revenue_client_visits.services AS revenue_client_visits_services, revenue_client_visits.master AS revenue_client_visits_master, revenue_client_visits.amount AS revenue_client_visits_amount, revenue_client_visits.visit_status AS revenue_client_visits_visit_status, revenue_client_visits.raw_data AS revenue_client_visits_raw_data, revenue_client_visits.created_at AS revenue_client_visits_created_at, revenue_client_visits.updated_at AS revenue_client_visits_updated_at 
FROM revenue_client_visits 
WHERE revenue_client_visits.altegio_record_id = %(altegio_record_id_1)s::INTEGER 
 LIMIT %(param_1)s::INTEGER
2026-08-01 12:20:11,363 INFO sqlalchemy.engine.Engine [cached since 15.37s ago] {'altegio_record_id_1': 623945210, 'param_1': 1}
2026-08-01 12:20:11,364 INFO sqlalchemy.engine.Engine SELECT revenue_client_visits.id AS revenue_client_visits_id, revenue_client_visits.revenue_client_id AS revenue_client_visits_revenue_client_id, revenue_client_visits.altegio_record_id AS revenue_client_visits_altegio_record_id, revenue_client_visits.last_visit_date AS revenue_client_visits_last_visit_date, revenue_client_visits.previous_visit_date AS revenue_client_visits_previous_visit_date, revenue_client_visits.services AS revenue_client_visits_services, revenue_client_visits.master AS revenue_client_visits_master, revenue_client_visits.amount AS revenue_client_visits_amount, revenue_client_visits.visit_status AS revenue_client_visits_visit_status, revenue_client_visits.raw_data AS revenue_client_visits_raw_data, revenue_client_visits.created_at AS revenue_client_visits_created_at, revenue_client_visits.updated_at AS revenue_client_visits_updated_at 
FROM revenue_client_visits 
WHERE revenue_client_visits.altegio_record_id = %(altegio_record_id_1)s::INTEGER 
 LIMIT %(param_1)s::INTEGER
2026-08-01 12:20:11,364 INFO sqlalchemy.engine.Engine [cached since 15.37s ago] {'altegio_record_id_1': 616096741, 'param_1': 1}
2026-08-01 12:20:11,365 INFO sqlalchemy.engine.Engine SELECT revenue_client_visits.id AS revenue_client_visits_id, revenue_client_visits.revenue_client_id AS revenue_client_visits_revenue_client_id, revenue_client_visits.altegio_record_id AS revenue_client_visits_altegio_record_id, revenue_client_visits.last_visit_date AS revenue_client_visits_last_visit_date, revenue_client_visits.previous_visit_date AS revenue_client_visits_previous_visit_date, revenue_client_visits.services AS revenue_client_visits_services, revenue_client_visits.master AS revenue_client_visits_master, revenue_client_visits.amount AS revenue_client_visits_amount, revenue_client_visits.visit_status AS revenue_client_visits_visit_status, revenue_client_visits.raw_data AS revenue_client_visits_raw_data, revenue_client_visits.created_at AS revenue_client_visits_created_at, revenue_client_visits.updated_at AS revenue_client_visits_updated_at 
FROM revenue_client_visits 
WHERE revenue_client_visits.revenue_client_id = %(revenue_client_id_1)s::INTEGER ORDER BY revenue_client_visits.last_visit_date ASC, revenue_client_visits.id ASC
2026-08-01 12:20:11,366 INFO sqlalchemy.engine.Engine [cached since 15.37s ago] {'revenue_client_id_1': 80}
2026-08-01 12:20:11,569 INFO sqlalchemy.engine.Engine SELECT revenue_client_visits.id AS revenue_client_visits_id, revenue_client_visits.revenue_client_id AS revenue_client_visits_revenue_client_id, revenue_client_visits.altegio_record_id AS revenue_client_visits_altegio_record_id, revenue_client_visits.last_visit_date AS revenue_client_visits_last_visit_date, revenue_client_visits.previous_visit_date AS revenue_client_visits_previous_visit_date, revenue_client_visits.services AS revenue_client_visits_services, revenue_client_visits.master AS revenue_client_visits_master, revenue_client_visits.amount AS revenue_client_visits_amount, revenue_client_visits.visit_status AS revenue_client_visits_visit_status, revenue_client_visits.raw_data AS revenue_client_visits_raw_data, revenue_client_visits.created_at AS revenue_client_visits_created_at, revenue_client_visits.updated_at AS revenue_client_visits_updated_at 
FROM revenue_client_visits 
WHERE revenue_client_visits.altegio_record_id = %(altegio_record_id_1)s::INTEGER 
 LIMIT %(param_1)s::INTEGER
2026-08-01 12:20:11,569 INFO sqlalchemy.engine.Engine [cached since 15.58s ago] {'altegio_record_id_1': 661075167, 'param_1': 1}
2026-08-01 12:20:11,571 INFO sqlalchemy.engine.Engine SELECT revenue_client_visits.id AS revenue_client_visits_id, revenue_client_visits.revenue_client_id AS revenue_client_visits_revenue_client_id, revenue_client_visits.altegio_record_id AS revenue_client_visits_altegio_record_id, revenue_client_visits.last_visit_date AS revenue_client_visits_last_visit_date, revenue_client_visits.previous_visit_date AS revenue_client_visits_previous_visit_date, revenue_client_visits.services AS revenue_client_visits_services, revenue_client_visits.master AS revenue_client_visits_master, revenue_client_visits.amount AS revenue_client_visits_amount, revenue_client_visits.visit_status AS revenue_client_visits_visit_status, revenue_client_visits.raw_data AS revenue_client_visits_raw_data, revenue_client_visits.created_at AS revenue_client_visits_created_at, revenue_client_visits.updated_at AS revenue_client_visits_updated_at 
FROM revenue_client_visits 
WHERE revenue_client_visits.revenue_client_id = %(revenue_client_id_1)s::INTEGER ORDER BY revenue_client_visits.last_visit_date ASC, revenue_client_visits.id ASC
2026-08-01 12:20:11,571 INFO sqlalchemy.engine.Engine [cached since 15.57s ago] {'revenue_client_id_1': 317}
2026-08-01 12:20:11,737 INFO sqlalchemy.engine.Engine SELECT revenue_client_visits.id AS revenue_client_visits_id, revenue_client_visits.revenue_client_id AS revenue_client_visits_revenue_client_id, revenue_client_visits.altegio_record_id AS revenue_client_visits_altegio_record_id, revenue_client_visits.last_visit_date AS revenue_client_visits_last_visit_date, revenue_client_visits.previous_visit_date AS revenue_client_visits_previous_visit_date, revenue_client_visits.services AS revenue_client_visits_services, revenue_client_visits.master AS revenue_client_visits_master, revenue_client_visits.amount AS revenue_client_visits_amount, revenue_client_visits.visit_status AS revenue_client_visits_visit_status, revenue_client_visits.raw_data AS revenue_client_visits_raw_data, revenue_client_visits.created_at AS revenue_client_visits_created_at, revenue_client_visits.updated_at AS revenue_client_visits_updated_at 
FROM revenue_client_visits 
WHERE revenue_client_visits.altegio_record_id = %(altegio_record_id_1)s::INTEGER 
 LIMIT %(param_1)s::INTEGER
2026-08-01 12:20:11,737 INFO sqlalchemy.engine.Engine [cached since 15.75s ago] {'altegio_record_id_1': 616433523, 'param_1': 1}
2026-08-01 12:20:11,739 INFO sqlalchemy.engine.Engine SELECT revenue_client_visits.id AS revenue_client_visits_id, revenue_client_visits.revenue_client_id AS revenue_client_visits_revenue_client_id, revenue_client_visits.altegio_record_id AS revenue_client_visits_altegio_record_id, revenue_client_visits.last_visit_date AS revenue_client_visits_last_visit_date, revenue_client_visits.previous_visit_date AS revenue_client_visits_previous_visit_date, revenue_client_visits.services AS revenue_client_visits_services, revenue_client_visits.master AS revenue_client_visits_master, revenue_client_visits.amount AS revenue_client_visits_amount, revenue_client_visits.visit_status AS revenue_client_visits_visit_status, revenue_client_visits.raw_data AS revenue_client_visits_raw_data, revenue_client_visits.created_at AS revenue_client_visits_created_at, revenue_client_visits.updated_at AS revenue_client_visits_updated_at 
FROM revenue_client_visits 
WHERE revenue_client_visits.revenue_client_id = %(revenue_client_id_1)s::INTEGER ORDER BY revenue_client_visits.last_visit_date ASC, revenue_client_visits.id ASC
2026-08-01 12:20:11,739 INFO sqlalchemy.engine.Engine [cached since 15.74s ago] {'revenue_client_id_1': 81}
2026-08-01 12:20:11,907 INFO sqlalchemy.engine.Engine SELECT revenue_client_visits.id AS revenue_client_visits_id, revenue_client_visits.revenue_client_id AS revenue_client_visits_revenue_client_id, revenue_client_visits.altegio_record_id AS revenue_client_visits_altegio_record_id, revenue_client_visits.last_visit_date AS revenue_client_visits_last_visit_date, revenue_client_visits.previous_visit_date AS revenue_client_visits_previous_visit_date, revenue_client_visits.services AS revenue_client_visits_services, revenue_client_visits.master AS revenue_client_visits_master, revenue_client_visits.amount AS revenue_client_visits_amount, revenue_client_visits.visit_status AS revenue_client_visits_visit_status, revenue_client_visits.raw_data AS revenue_client_visits_raw_data, revenue_client_visits.created_at AS revenue_client_visits_created_at, revenue_client_visits.updated_at AS revenue_client_visits_updated_at 
FROM revenue_client_visits 
WHERE revenue_client_visits.altegio_record_id = %(altegio_record_id_1)s::INTEGER 
 LIMIT %(param_1)s::INTEGER
2026-08-01 12:20:11,907 INFO sqlalchemy.engine.Engine [cached since 15.92s ago] {'altegio_record_id_1': 616962159, 'param_1': 1}
2026-08-01 12:20:11,908 INFO sqlalchemy.engine.Engine SELECT revenue_client_visits.id AS revenue_client_visits_id, revenue_client_visits.revenue_client_id AS revenue_client_visits_revenue_client_id, revenue_client_visits.altegio_record_id AS revenue_client_visits_altegio_record_id, revenue_client_visits.last_visit_date AS revenue_client_visits_last_visit_date, revenue_client_visits.previous_visit_date AS revenue_client_visits_previous_visit_date, revenue_client_visits.services AS revenue_client_visits_services, revenue_client_visits.master AS revenue_client_visits_master, revenue_client_visits.amount AS revenue_client_visits_amount, revenue_client_visits.visit_status AS revenue_client_visits_visit_status, revenue_client_visits.raw_data AS revenue_client_visits_raw_data, revenue_client_visits.created_at AS revenue_client_visits_created_at, revenue_client_visits.updated_at AS revenue_client_visits_updated_at 
FROM revenue_client_visits 
WHERE revenue_client_visits.revenue_client_id = %(revenue_client_id_1)s::INTEGER ORDER BY revenue_client_visits.last_visit_date ASC, revenue_client_visits.id ASC
2026-08-01 12:20:11,908 INFO sqlalchemy.engine.Engine [cached since 15.91s ago] {'revenue_client_id_1': 82}
2026-08-01 12:20:12,240 INFO sqlalchemy.engine.Engine SELECT revenue_client_visits.id AS revenue_client_visits_id, revenue_client_visits.revenue_client_id AS revenue_client_visits_revenue_client_id, revenue_client_visits.altegio_record_id AS revenue_client_visits_altegio_record_id, revenue_client_visits.last_visit_date AS revenue_client_visits_last_visit_date, revenue_client_visits.previous_visit_date AS revenue_client_visits_previous_visit_date, revenue_client_visits.services AS revenue_client_visits_services, revenue_client_visits.master AS revenue_client_visits_master, revenue_client_visits.amount AS revenue_client_visits_amount, revenue_client_visits.visit_status AS revenue_client_visits_visit_status, revenue_client_visits.raw_data AS revenue_client_visits_raw_data, revenue_client_visits.created_at AS revenue_client_visits_created_at, revenue_client_visits.updated_at AS revenue_client_visits_updated_at 
FROM revenue_client_visits 
WHERE revenue_client_visits.altegio_record_id = %(altegio_record_id_1)s::INTEGER 
 LIMIT %(param_1)s::INTEGER
2026-08-01 12:20:12,240 INFO sqlalchemy.engine.Engine [cached since 16.25s ago] {'altegio_record_id_1': 620417088, 'param_1': 1}
2026-08-01 12:20:12,241 INFO sqlalchemy.engine.Engine SELECT revenue_client_visits.id AS revenue_client_visits_id, revenue_client_visits.revenue_client_id AS revenue_client_visits_revenue_client_id, revenue_client_visits.altegio_record_id AS revenue_client_visits_altegio_record_id, revenue_client_visits.last_visit_date AS revenue_client_visits_last_visit_date, revenue_client_visits.previous_visit_date AS revenue_client_visits_previous_visit_date, revenue_client_visits.services AS revenue_client_visits_services, revenue_client_visits.master AS revenue_client_visits_master, revenue_client_visits.amount AS revenue_client_visits_amount, revenue_client_visits.visit_status AS revenue_client_visits_visit_status, revenue_client_visits.raw_data AS revenue_client_visits_raw_data, revenue_client_visits.created_at AS revenue_client_visits_created_at, revenue_client_visits.updated_at AS revenue_client_visits_updated_at 
FROM revenue_client_visits 
WHERE revenue_client_visits.altegio_record_id = %(altegio_record_id_1)s::INTEGER 
 LIMIT %(param_1)s::INTEGER
2026-08-01 12:20:12,241 INFO sqlalchemy.engine.Engine [cached since 16.25s ago] {'altegio_record_id_1': 617380170, 'param_1': 1}
2026-08-01 12:20:12,242 INFO sqlalchemy.engine.Engine SELECT revenue_client_visits.id AS revenue_client_visits_id, revenue_client_visits.revenue_client_id AS revenue_client_visits_revenue_client_id, revenue_client_visits.altegio_record_id AS revenue_client_visits_altegio_record_id, revenue_client_visits.last_visit_date AS revenue_client_visits_last_visit_date, revenue_client_visits.previous_visit_date AS revenue_client_visits_previous_visit_date, revenue_client_visits.services AS revenue_client_visits_services, revenue_client_visits.master AS revenue_client_visits_master, revenue_client_visits.amount AS revenue_client_visits_amount, revenue_client_visits.visit_status AS revenue_client_visits_visit_status, revenue_client_visits.raw_data AS revenue_client_visits_raw_data, revenue_client_visits.created_at AS revenue_client_visits_created_at, revenue_client_visits.updated_at AS revenue_client_visits_updated_at 
FROM revenue_client_visits 
WHERE revenue_client_visits.revenue_client_id = %(revenue_client_id_1)s::INTEGER ORDER BY revenue_client_visits.last_visit_date ASC, revenue_client_visits.id ASC
2026-08-01 12:20:12,243 INFO sqlalchemy.engine.Engine [cached since 16.24s ago] {'revenue_client_id_1': 84}
2026-08-01 12:20:12,404 INFO sqlalchemy.engine.Engine SELECT revenue_client_visits.id AS revenue_client_visits_id, revenue_client_visits.revenue_client_id AS revenue_client_visits_revenue_client_id, revenue_client_visits.altegio_record_id AS revenue_client_visits_altegio_record_id, revenue_client_visits.last_visit_date AS revenue_client_visits_last_visit_date, revenue_client_visits.previous_visit_date AS revenue_client_visits_previous_visit_date, revenue_client_visits.services AS revenue_client_visits_services, revenue_client_visits.master AS revenue_client_visits_master, revenue_client_visits.amount AS revenue_client_visits_amount, revenue_client_visits.visit_status AS revenue_client_visits_visit_status, revenue_client_visits.raw_data AS revenue_client_visits_raw_data, revenue_client_visits.created_at AS revenue_client_visits_created_at, revenue_client_visits.updated_at AS revenue_client_visits_updated_at 
FROM revenue_client_visits 
WHERE revenue_client_visits.altegio_record_id = %(altegio_record_id_1)s::INTEGER 
 LIMIT %(param_1)s::INTEGER
2026-08-01 12:20:12,404 INFO sqlalchemy.engine.Engine [cached since 16.41s ago] {'altegio_record_id_1': 617387246, 'param_1': 1}
2026-08-01 12:20:12,406 INFO sqlalchemy.engine.Engine SELECT revenue_client_visits.id AS revenue_client_visits_id, revenue_client_visits.revenue_client_id AS revenue_client_visits_revenue_client_id, revenue_client_visits.altegio_record_id AS revenue_client_visits_altegio_record_id, revenue_client_visits.last_visit_date AS revenue_client_visits_last_visit_date, revenue_client_visits.previous_visit_date AS revenue_client_visits_previous_visit_date, revenue_client_visits.services AS revenue_client_visits_services, revenue_client_visits.master AS revenue_client_visits_master, revenue_client_visits.amount AS revenue_client_visits_amount, revenue_client_visits.visit_status AS revenue_client_visits_visit_status, revenue_client_visits.raw_data AS revenue_client_visits_raw_data, revenue_client_visits.created_at AS revenue_client_visits_created_at, revenue_client_visits.updated_at AS revenue_client_visits_updated_at 
FROM revenue_client_visits 
WHERE revenue_client_visits.revenue_client_id = %(revenue_client_id_1)s::INTEGER ORDER BY revenue_client_visits.last_visit_date ASC, revenue_client_visits.id ASC
2026-08-01 12:20:12,406 INFO sqlalchemy.engine.Engine [cached since 16.41s ago] {'revenue_client_id_1': 85}
2026-08-01 12:20:12,583 INFO sqlalchemy.engine.Engine SELECT revenue_client_visits.id AS revenue_client_visits_id, revenue_client_visits.revenue_client_id AS revenue_client_visits_revenue_client_id, revenue_client_visits.altegio_record_id AS revenue_client_visits_altegio_record_id, revenue_client_visits.last_visit_date AS revenue_client_visits_last_visit_date, revenue_client_visits.previous_visit_date AS revenue_client_visits_previous_visit_date, revenue_client_visits.services AS revenue_client_visits_services, revenue_client_visits.master AS revenue_client_visits_master, revenue_client_visits.amount AS revenue_client_visits_amount, revenue_client_visits.visit_status AS revenue_client_visits_visit_status, revenue_client_visits.raw_data AS revenue_client_visits_raw_data, revenue_client_visits.created_at AS revenue_client_visits_created_at, revenue_client_visits.updated_at AS revenue_client_visits_updated_at 
FROM revenue_client_visits 
WHERE revenue_client_visits.altegio_record_id = %(altegio_record_id_1)s::INTEGER 
 LIMIT %(param_1)s::INTEGER
2026-08-01 12:20:12,583 INFO sqlalchemy.engine.Engine [cached since 16.59s ago] {'altegio_record_id_1': 617418607, 'param_1': 1}
2026-08-01 12:20:12,585 INFO sqlalchemy.engine.Engine SELECT revenue_client_visits.id AS revenue_client_visits_id, revenue_client_visits.revenue_client_id AS revenue_client_visits_revenue_client_id, revenue_client_visits.altegio_record_id AS revenue_client_visits_altegio_record_id, revenue_client_visits.last_visit_date AS revenue_client_visits_last_visit_date, revenue_client_visits.previous_visit_date AS revenue_client_visits_previous_visit_date, revenue_client_visits.services AS revenue_client_visits_services, revenue_client_visits.master AS revenue_client_visits_master, revenue_client_visits.amount AS revenue_client_visits_amount, revenue_client_visits.visit_status AS revenue_client_visits_visit_status, revenue_client_visits.raw_data AS revenue_client_visits_raw_data, revenue_client_visits.created_at AS revenue_client_visits_created_at, revenue_client_visits.updated_at AS revenue_client_visits_updated_at 
FROM revenue_client_visits 
WHERE revenue_client_visits.revenue_client_id = %(revenue_client_id_1)s::INTEGER ORDER BY revenue_client_visits.last_visit_date ASC, revenue_client_visits.id ASC
2026-08-01 12:20:12,585 INFO sqlalchemy.engine.Engine [cached since 16.58s ago] {'revenue_client_id_1': 86}
2026-08-01 12:20:12,769 INFO sqlalchemy.engine.Engine SELECT revenue_client_visits.id AS revenue_client_visits_id, revenue_client_visits.revenue_client_id AS revenue_client_visits_revenue_client_id, revenue_client_visits.altegio_record_id AS revenue_client_visits_altegio_record_id, revenue_client_visits.last_visit_date AS revenue_client_visits_last_visit_date, revenue_client_visits.previous_visit_date AS revenue_client_visits_previous_visit_date, revenue_client_visits.services AS revenue_client_visits_services, revenue_client_visits.master AS revenue_client_visits_master, revenue_client_visits.amount AS revenue_client_visits_amount, revenue_client_visits.visit_status AS revenue_client_visits_visit_status, revenue_client_visits.raw_data AS revenue_client_visits_raw_data, revenue_client_visits.created_at AS revenue_client_visits_created_at, revenue_client_visits.updated_at AS revenue_client_visits_updated_at 
FROM revenue_client_visits 
WHERE revenue_client_visits.altegio_record_id = %(altegio_record_id_1)s::INTEGER 
 LIMIT %(param_1)s::INTEGER
2026-08-01 12:20:12,769 INFO sqlalchemy.engine.Engine [cached since 16.78s ago] {'altegio_record_id_1': 617700921, 'param_1': 1}
2026-08-01 12:20:12,771 INFO sqlalchemy.engine.Engine SELECT revenue_client_visits.id AS revenue_client_visits_id, revenue_client_visits.revenue_client_id AS revenue_client_visits_revenue_client_id, revenue_client_visits.altegio_record_id AS revenue_client_visits_altegio_record_id, revenue_client_visits.last_visit_date AS revenue_client_visits_last_visit_date, revenue_client_visits.previous_visit_date AS revenue_client_visits_previous_visit_date, revenue_client_visits.services AS revenue_client_visits_services, revenue_client_visits.master AS revenue_client_visits_master, revenue_client_visits.amount AS revenue_client_visits_amount, revenue_client_visits.visit_status AS revenue_client_visits_visit_status, revenue_client_visits.raw_data AS revenue_client_visits_raw_data, revenue_client_visits.created_at AS revenue_client_visits_created_at, revenue_client_visits.updated_at AS revenue_client_visits_updated_at 
FROM revenue_client_visits 
WHERE revenue_client_visits.revenue_client_id = %(revenue_client_id_1)s::INTEGER ORDER BY revenue_client_visits.last_visit_date ASC, revenue_client_visits.id ASC
2026-08-01 12:20:12,771 INFO sqlalchemy.engine.Engine [cached since 16.77s ago] {'revenue_client_id_1': 87}
2026-08-01 12:20:12,958 INFO sqlalchemy.engine.Engine SELECT revenue_client_visits.id AS revenue_client_visits_id, revenue_client_visits.revenue_client_id AS revenue_client_visits_revenue_client_id, revenue_client_visits.altegio_record_id AS revenue_client_visits_altegio_record_id, revenue_client_visits.last_visit_date AS revenue_client_visits_last_visit_date, revenue_client_visits.previous_visit_date AS revenue_client_visits_previous_visit_date, revenue_client_visits.services AS revenue_client_visits_services, revenue_client_visits.master AS revenue_client_visits_master, revenue_client_visits.amount AS revenue_client_visits_amount, revenue_client_visits.visit_status AS revenue_client_visits_visit_status, revenue_client_visits.raw_data AS revenue_client_visits_raw_data, revenue_client_visits.created_at AS revenue_client_visits_created_at, revenue_client_visits.updated_at AS revenue_client_visits_updated_at 
FROM revenue_client_visits 
WHERE revenue_client_visits.altegio_record_id = %(altegio_record_id_1)s::INTEGER 
 LIMIT %(param_1)s::INTEGER
2026-08-01 12:20:12,959 INFO sqlalchemy.engine.Engine [cached since 16.97s ago] {'altegio_record_id_1': 658194970, 'param_1': 1}
2026-08-01 12:20:12,960 INFO sqlalchemy.engine.Engine SELECT revenue_client_visits.id AS revenue_client_visits_id, revenue_client_visits.revenue_client_id AS revenue_client_visits_revenue_client_id, revenue_client_visits.altegio_record_id AS revenue_client_visits_altegio_record_id, revenue_client_visits.last_visit_date AS revenue_client_visits_last_visit_date, revenue_client_visits.previous_visit_date AS revenue_client_visits_previous_visit_date, revenue_client_visits.services AS revenue_client_visits_services, revenue_client_visits.master AS revenue_client_visits_master, revenue_client_visits.amount AS revenue_client_visits_amount, revenue_client_visits.visit_status AS revenue_client_visits_visit_status, revenue_client_visits.raw_data AS revenue_client_visits_raw_data, revenue_client_visits.created_at AS revenue_client_visits_created_at, revenue_client_visits.updated_at AS revenue_client_visits_updated_at 
FROM revenue_client_visits 
WHERE revenue_client_visits.altegio_record_id = %(altegio_record_id_1)s::INTEGER 
 LIMIT %(param_1)s::INTEGER
2026-08-01 12:20:12,960 INFO sqlalchemy.engine.Engine [cached since 16.97s ago] {'altegio_record_id_1': 652186039, 'param_1': 1}
2026-08-01 12:20:12,961 INFO sqlalchemy.engine.Engine SELECT revenue_client_visits.id AS revenue_client_visits_id, revenue_client_visits.revenue_client_id AS revenue_client_visits_revenue_client_id, revenue_client_visits.altegio_record_id AS revenue_client_visits_altegio_record_id, revenue_client_visits.last_visit_date AS revenue_client_visits_last_visit_date, revenue_client_visits.previous_visit_date AS revenue_client_visits_previous_visit_date, revenue_client_visits.services AS revenue_client_visits_services, revenue_client_visits.master AS revenue_client_visits_master, revenue_client_visits.amount AS revenue_client_visits_amount, revenue_client_visits.visit_status AS revenue_client_visits_visit_status, revenue_client_visits.raw_data AS revenue_client_visits_raw_data, revenue_client_visits.created_at AS revenue_client_visits_created_at, revenue_client_visits.updated_at AS revenue_client_visits_updated_at 
FROM revenue_client_visits 
WHERE revenue_client_visits.altegio_record_id = %(altegio_record_id_1)s::INTEGER 
 LIMIT %(param_1)s::INTEGER
2026-08-01 12:20:12,961 INFO sqlalchemy.engine.Engine [cached since 16.97s ago] {'altegio_record_id_1': 643306649, 'param_1': 1}
2026-08-01 12:20:12,962 INFO sqlalchemy.engine.Engine SELECT revenue_client_visits.id AS revenue_client_visits_id, revenue_client_visits.revenue_client_id AS revenue_client_visits_revenue_client_id, revenue_client_visits.altegio_record_id AS revenue_client_visits_altegio_record_id, revenue_client_visits.last_visit_date AS revenue_client_visits_last_visit_date, revenue_client_visits.previous_visit_date AS revenue_client_visits_previous_visit_date, revenue_client_visits.services AS revenue_client_visits_services, revenue_client_visits.master AS revenue_client_visits_master, revenue_client_visits.amount AS revenue_client_visits_amount, revenue_client_visits.visit_status AS revenue_client_visits_visit_status, revenue_client_visits.raw_data AS revenue_client_visits_raw_data, revenue_client_visits.created_at AS revenue_client_visits_created_at, revenue_client_visits.updated_at AS revenue_client_visits_updated_at 
FROM revenue_client_visits 
WHERE revenue_client_visits.altegio_record_id = %(altegio_record_id_1)s::INTEGER 
 LIMIT %(param_1)s::INTEGER
2026-08-01 12:20:12,962 INFO sqlalchemy.engine.Engine [cached since 16.97s ago] {'altegio_record_id_1': 617751022, 'param_1': 1}
2026-08-01 12:20:12,962 INFO sqlalchemy.engine.Engine SELECT revenue_client_visits.id AS revenue_client_visits_id, revenue_client_visits.revenue_client_id AS revenue_client_visits_revenue_client_id, revenue_client_visits.altegio_record_id AS revenue_client_visits_altegio_record_id, revenue_client_visits.last_visit_date AS revenue_client_visits_last_visit_date, revenue_client_visits.previous_visit_date AS revenue_client_visits_previous_visit_date, revenue_client_visits.services AS revenue_client_visits_services, revenue_client_visits.master AS revenue_client_visits_master, revenue_client_visits.amount AS revenue_client_visits_amount, revenue_client_visits.visit_status AS revenue_client_visits_visit_status, revenue_client_visits.raw_data AS revenue_client_visits_raw_data, revenue_client_visits.created_at AS revenue_client_visits_created_at, revenue_client_visits.updated_at AS revenue_client_visits_updated_at 
FROM revenue_client_visits 
WHERE revenue_client_visits.revenue_client_id = %(revenue_client_id_1)s::INTEGER ORDER BY revenue_client_visits.last_visit_date ASC, revenue_client_visits.id ASC
2026-08-01 12:20:12,962 INFO sqlalchemy.engine.Engine [cached since 16.96s ago] {'revenue_client_id_1': 88}
2026-08-01 12:20:13,141 INFO sqlalchemy.engine.Engine SELECT revenue_client_visits.id AS revenue_client_visits_id, revenue_client_visits.revenue_client_id AS revenue_client_visits_revenue_client_id, revenue_client_visits.altegio_record_id AS revenue_client_visits_altegio_record_id, revenue_client_visits.last_visit_date AS revenue_client_visits_last_visit_date, revenue_client_visits.previous_visit_date AS revenue_client_visits_previous_visit_date, revenue_client_visits.services AS revenue_client_visits_services, revenue_client_visits.master AS revenue_client_visits_master, revenue_client_visits.amount AS revenue_client_visits_amount, revenue_client_visits.visit_status AS revenue_client_visits_visit_status, revenue_client_visits.raw_data AS revenue_client_visits_raw_data, revenue_client_visits.created_at AS revenue_client_visits_created_at, revenue_client_visits.updated_at AS revenue_client_visits_updated_at 
FROM revenue_client_visits 
WHERE revenue_client_visits.altegio_record_id = %(altegio_record_id_1)s::INTEGER 
 LIMIT %(param_1)s::INTEGER
2026-08-01 12:20:13,141 INFO sqlalchemy.engine.Engine [cached since 17.15s ago] {'altegio_record_id_1': 618114603, 'param_1': 1}
2026-08-01 12:20:13,142 INFO sqlalchemy.engine.Engine SELECT revenue_client_visits.id AS revenue_client_visits_id, revenue_client_visits.revenue_client_id AS revenue_client_visits_revenue_client_id, revenue_client_visits.altegio_record_id AS revenue_client_visits_altegio_record_id, revenue_client_visits.last_visit_date AS revenue_client_visits_last_visit_date, revenue_client_visits.previous_visit_date AS revenue_client_visits_previous_visit_date, revenue_client_visits.services AS revenue_client_visits_services, revenue_client_visits.master AS revenue_client_visits_master, revenue_client_visits.amount AS revenue_client_visits_amount, revenue_client_visits.visit_status AS revenue_client_visits_visit_status, revenue_client_visits.raw_data AS revenue_client_visits_raw_data, revenue_client_visits.created_at AS revenue_client_visits_created_at, revenue_client_visits.updated_at AS revenue_client_visits_updated_at 
FROM revenue_client_visits 
WHERE revenue_client_visits.revenue_client_id = %(revenue_client_id_1)s::INTEGER ORDER BY revenue_client_visits.last_visit_date ASC, revenue_client_visits.id ASC
2026-08-01 12:20:13,142 INFO sqlalchemy.engine.Engine [cached since 17.14s ago] {'revenue_client_id_1': 89}
2026-08-01 12:20:13,314 INFO sqlalchemy.engine.Engine SELECT revenue_client_visits.id AS revenue_client_visits_id, revenue_client_visits.revenue_client_id AS revenue_client_visits_revenue_client_id, revenue_client_visits.altegio_record_id AS revenue_client_visits_altegio_record_id, revenue_client_visits.last_visit_date AS revenue_client_visits_last_visit_date, revenue_client_visits.previous_visit_date AS revenue_client_visits_previous_visit_date, revenue_client_visits.services AS revenue_client_visits_services, revenue_client_visits.master AS revenue_client_visits_master, revenue_client_visits.amount AS revenue_client_visits_amount, revenue_client_visits.visit_status AS revenue_client_visits_visit_status, revenue_client_visits.raw_data AS revenue_client_visits_raw_data, revenue_client_visits.created_at AS revenue_client_visits_created_at, revenue_client_visits.updated_at AS revenue_client_visits_updated_at 
FROM revenue_client_visits 
WHERE revenue_client_visits.altegio_record_id = %(altegio_record_id_1)s::INTEGER 
 LIMIT %(param_1)s::INTEGER
2026-08-01 12:20:13,314 INFO sqlalchemy.engine.Engine [cached since 17.32s ago] {'altegio_record_id_1': 626977143, 'param_1': 1}
2026-08-01 12:20:13,316 INFO sqlalchemy.engine.Engine SELECT revenue_client_visits.id AS revenue_client_visits_id, revenue_client_visits.revenue_client_id AS revenue_client_visits_revenue_client_id, revenue_client_visits.altegio_record_id AS revenue_client_visits_altegio_record_id, revenue_client_visits.last_visit_date AS revenue_client_visits_last_visit_date, revenue_client_visits.previous_visit_date AS revenue_client_visits_previous_visit_date, revenue_client_visits.services AS revenue_client_visits_services, revenue_client_visits.master AS revenue_client_visits_master, revenue_client_visits.amount AS revenue_client_visits_amount, revenue_client_visits.visit_status AS revenue_client_visits_visit_status, revenue_client_visits.raw_data AS revenue_client_visits_raw_data, revenue_client_visits.created_at AS revenue_client_visits_created_at, revenue_client_visits.updated_at AS revenue_client_visits_updated_at 
FROM revenue_client_visits 
WHERE revenue_client_visits.revenue_client_id = %(revenue_client_id_1)s::INTEGER ORDER BY revenue_client_visits.last_visit_date ASC, revenue_client_visits.id ASC
2026-08-01 12:20:13,316 INFO sqlalchemy.engine.Engine [cached since 17.32s ago] {'revenue_client_id_1': 158}
2026-08-01 12:20:13,526 INFO sqlalchemy.engine.Engine SELECT revenue_client_visits.id AS revenue_client_visits_id, revenue_client_visits.revenue_client_id AS revenue_client_visits_revenue_client_id, revenue_client_visits.altegio_record_id AS revenue_client_visits_altegio_record_id, revenue_client_visits.last_visit_date AS revenue_client_visits_last_visit_date, revenue_client_visits.previous_visit_date AS revenue_client_visits_previous_visit_date, revenue_client_visits.services AS revenue_client_visits_services, revenue_client_visits.master AS revenue_client_visits_master, revenue_client_visits.amount AS revenue_client_visits_amount, revenue_client_visits.visit_status AS revenue_client_visits_visit_status, revenue_client_visits.raw_data AS revenue_client_visits_raw_data, revenue_client_visits.created_at AS revenue_client_visits_created_at, revenue_client_visits.updated_at AS revenue_client_visits_updated_at 
FROM revenue_client_visits 
WHERE revenue_client_visits.altegio_record_id = %(altegio_record_id_1)s::INTEGER 
 LIMIT %(param_1)s::INTEGER
2026-08-01 12:20:13,526 INFO sqlalchemy.engine.Engine [cached since 17.53s ago] {'altegio_record_id_1': 647113678, 'param_1': 1}
2026-08-01 12:20:13,528 INFO sqlalchemy.engine.Engine SELECT revenue_client_visits.id AS revenue_client_visits_id, revenue_client_visits.revenue_client_id AS revenue_client_visits_revenue_client_id, revenue_client_visits.altegio_record_id AS revenue_client_visits_altegio_record_id, revenue_client_visits.last_visit_date AS revenue_client_visits_last_visit_date, revenue_client_visits.previous_visit_date AS revenue_client_visits_previous_visit_date, revenue_client_visits.services AS revenue_client_visits_services, revenue_client_visits.master AS revenue_client_visits_master, revenue_client_visits.amount AS revenue_client_visits_amount, revenue_client_visits.visit_status AS revenue_client_visits_visit_status, revenue_client_visits.raw_data AS revenue_client_visits_raw_data, revenue_client_visits.created_at AS revenue_client_visits_created_at, revenue_client_visits.updated_at AS revenue_client_visits_updated_at 
FROM revenue_client_visits 
WHERE revenue_client_visits.altegio_record_id = %(altegio_record_id_1)s::INTEGER 
 LIMIT %(param_1)s::INTEGER
2026-08-01 12:20:13,528 INFO sqlalchemy.engine.Engine [cached since 17.54s ago] {'altegio_record_id_1': 618137271, 'param_1': 1}
2026-08-01 12:20:13,529 INFO sqlalchemy.engine.Engine SELECT revenue_client_visits.id AS revenue_client_visits_id, revenue_client_visits.revenue_client_id AS revenue_client_visits_revenue_client_id, revenue_client_visits.altegio_record_id AS revenue_client_visits_altegio_record_id, revenue_client_visits.last_visit_date AS revenue_client_visits_last_visit_date, revenue_client_visits.previous_visit_date AS revenue_client_visits_previous_visit_date, revenue_client_visits.services AS revenue_client_visits_services, revenue_client_visits.master AS revenue_client_visits_master, revenue_client_visits.amount AS revenue_client_visits_amount, revenue_client_visits.visit_status AS revenue_client_visits_visit_status, revenue_client_visits.raw_data AS revenue_client_visits_raw_data, revenue_client_visits.created_at AS revenue_client_visits_created_at, revenue_client_visits.updated_at AS revenue_client_visits_updated_at 
FROM revenue_client_visits 
WHERE revenue_client_visits.revenue_client_id = %(revenue_client_id_1)s::INTEGER ORDER BY revenue_client_visits.last_visit_date ASC, revenue_client_visits.id ASC
2026-08-01 12:20:13,529 INFO sqlalchemy.engine.Engine [cached since 17.53s ago] {'revenue_client_id_1': 90}
2026-08-01 12:20:13,692 INFO sqlalchemy.engine.Engine SELECT revenue_client_visits.id AS revenue_client_visits_id, revenue_client_visits.revenue_client_id AS revenue_client_visits_revenue_client_id, revenue_client_visits.altegio_record_id AS revenue_client_visits_altegio_record_id, revenue_client_visits.last_visit_date AS revenue_client_visits_last_visit_date, revenue_client_visits.previous_visit_date AS revenue_client_visits_previous_visit_date, revenue_client_visits.services AS revenue_client_visits_services, revenue_client_visits.master AS revenue_client_visits_master, revenue_client_visits.amount AS revenue_client_visits_amount, revenue_client_visits.visit_status AS revenue_client_visits_visit_status, revenue_client_visits.raw_data AS revenue_client_visits_raw_data, revenue_client_visits.created_at AS revenue_client_visits_created_at, revenue_client_visits.updated_at AS revenue_client_visits_updated_at 
FROM revenue_client_visits 
WHERE revenue_client_visits.altegio_record_id = %(altegio_record_id_1)s::INTEGER 
 LIMIT %(param_1)s::INTEGER
2026-08-01 12:20:13,692 INFO sqlalchemy.engine.Engine [cached since 17.7s ago] {'altegio_record_id_1': 618232663, 'param_1': 1}
2026-08-01 12:20:13,694 INFO sqlalchemy.engine.Engine SELECT revenue_client_visits.id AS revenue_client_visits_id, revenue_client_visits.revenue_client_id AS revenue_client_visits_revenue_client_id, revenue_client_visits.altegio_record_id AS revenue_client_visits_altegio_record_id, revenue_client_visits.last_visit_date AS revenue_client_visits_last_visit_date, revenue_client_visits.previous_visit_date AS revenue_client_visits_previous_visit_date, revenue_client_visits.services AS revenue_client_visits_services, revenue_client_visits.master AS revenue_client_visits_master, revenue_client_visits.amount AS revenue_client_visits_amount, revenue_client_visits.visit_status AS revenue_client_visits_visit_status, revenue_client_visits.raw_data AS revenue_client_visits_raw_data, revenue_client_visits.created_at AS revenue_client_visits_created_at, revenue_client_visits.updated_at AS revenue_client_visits_updated_at 
FROM revenue_client_visits 
WHERE revenue_client_visits.revenue_client_id = %(revenue_client_id_1)s::INTEGER ORDER BY revenue_client_visits.last_visit_date ASC, revenue_client_visits.id ASC
2026-08-01 12:20:13,694 INFO sqlalchemy.engine.Engine [cached since 17.69s ago] {'revenue_client_id_1': 91}
2026-08-01 12:20:13,966 INFO sqlalchemy.engine.Engine SELECT revenue_client_visits.id AS revenue_client_visits_id, revenue_client_visits.revenue_client_id AS revenue_client_visits_revenue_client_id, revenue_client_visits.altegio_record_id AS revenue_client_visits_altegio_record_id, revenue_client_visits.last_visit_date AS revenue_client_visits_last_visit_date, revenue_client_visits.previous_visit_date AS revenue_client_visits_previous_visit_date, revenue_client_visits.services AS revenue_client_visits_services, revenue_client_visits.master AS revenue_client_visits_master, revenue_client_visits.amount AS revenue_client_visits_amount, revenue_client_visits.visit_status AS revenue_client_visits_visit_status, revenue_client_visits.raw_data AS revenue_client_visits_raw_data, revenue_client_visits.created_at AS revenue_client_visits_created_at, revenue_client_visits.updated_at AS revenue_client_visits_updated_at 
FROM revenue_client_visits 
WHERE revenue_client_visits.altegio_record_id = %(altegio_record_id_1)s::INTEGER 
 LIMIT %(param_1)s::INTEGER
2026-08-01 12:20:13,966 INFO sqlalchemy.engine.Engine [cached since 17.97s ago] {'altegio_record_id_1': 618337385, 'param_1': 1}
2026-08-01 12:20:13,967 INFO sqlalchemy.engine.Engine SELECT revenue_client_visits.id AS revenue_client_visits_id, revenue_client_visits.revenue_client_id AS revenue_client_visits_revenue_client_id, revenue_client_visits.altegio_record_id AS revenue_client_visits_altegio_record_id, revenue_client_visits.last_visit_date AS revenue_client_visits_last_visit_date, revenue_client_visits.previous_visit_date AS revenue_client_visits_previous_visit_date, revenue_client_visits.services AS revenue_client_visits_services, revenue_client_visits.master AS revenue_client_visits_master, revenue_client_visits.amount AS revenue_client_visits_amount, revenue_client_visits.visit_status AS revenue_client_visits_visit_status, revenue_client_visits.raw_data AS revenue_client_visits_raw_data, revenue_client_visits.created_at AS revenue_client_visits_created_at, revenue_client_visits.updated_at AS revenue_client_visits_updated_at 
FROM revenue_client_visits 
WHERE revenue_client_visits.revenue_client_id = %(revenue_client_id_1)s::INTEGER ORDER BY revenue_client_visits.last_visit_date ASC, revenue_client_visits.id ASC
2026-08-01 12:20:13,967 INFO sqlalchemy.engine.Engine [cached since 17.97s ago] {'revenue_client_id_1': 92}
2026-08-01 12:20:14,143 INFO sqlalchemy.engine.Engine SELECT revenue_client_visits.id AS revenue_client_visits_id, revenue_client_visits.revenue_client_id AS revenue_client_visits_revenue_client_id, revenue_client_visits.altegio_record_id AS revenue_client_visits_altegio_record_id, revenue_client_visits.last_visit_date AS revenue_client_visits_last_visit_date, revenue_client_visits.previous_visit_date AS revenue_client_visits_previous_visit_date, revenue_client_visits.services AS revenue_client_visits_services, revenue_client_visits.master AS revenue_client_visits_master, revenue_client_visits.amount AS revenue_client_visits_amount, revenue_client_visits.visit_status AS revenue_client_visits_visit_status, revenue_client_visits.raw_data AS revenue_client_visits_raw_data, revenue_client_visits.created_at AS revenue_client_visits_created_at, revenue_client_visits.updated_at AS revenue_client_visits_updated_at 
FROM revenue_client_visits 
WHERE revenue_client_visits.altegio_record_id = %(altegio_record_id_1)s::INTEGER 
 LIMIT %(param_1)s::INTEGER
2026-08-01 12:20:14,143 INFO sqlalchemy.engine.Engine [cached since 18.15s ago] {'altegio_record_id_1': 618347167, 'param_1': 1}
2026-08-01 12:20:14,144 INFO sqlalchemy.engine.Engine SELECT revenue_client_visits.id AS revenue_client_visits_id, revenue_client_visits.revenue_client_id AS revenue_client_visits_revenue_client_id, revenue_client_visits.altegio_record_id AS revenue_client_visits_altegio_record_id, revenue_client_visits.last_visit_date AS revenue_client_visits_last_visit_date, revenue_client_visits.previous_visit_date AS revenue_client_visits_previous_visit_date, revenue_client_visits.services AS revenue_client_visits_services, revenue_client_visits.master AS revenue_client_visits_master, revenue_client_visits.amount AS revenue_client_visits_amount, revenue_client_visits.visit_status AS revenue_client_visits_visit_status, revenue_client_visits.raw_data AS revenue_client_visits_raw_data, revenue_client_visits.created_at AS revenue_client_visits_created_at, revenue_client_visits.updated_at AS revenue_client_visits_updated_at 
FROM revenue_client_visits 
WHERE revenue_client_visits.revenue_client_id = %(revenue_client_id_1)s::INTEGER ORDER BY revenue_client_visits.last_visit_date ASC, revenue_client_visits.id ASC
2026-08-01 12:20:14,144 INFO sqlalchemy.engine.Engine [cached since 18.14s ago] {'revenue_client_id_1': 93}
2026-08-01 12:20:14,312 INFO sqlalchemy.engine.Engine SELECT revenue_client_visits.id AS revenue_client_visits_id, revenue_client_visits.revenue_client_id AS revenue_client_visits_revenue_client_id, revenue_client_visits.altegio_record_id AS revenue_client_visits_altegio_record_id, revenue_client_visits.last_visit_date AS revenue_client_visits_last_visit_date, revenue_client_visits.previous_visit_date AS revenue_client_visits_previous_visit_date, revenue_client_visits.services AS revenue_client_visits_services, revenue_client_visits.master AS revenue_client_visits_master, revenue_client_visits.amount AS revenue_client_visits_amount, revenue_client_visits.visit_status AS revenue_client_visits_visit_status, revenue_client_visits.raw_data AS revenue_client_visits_raw_data, revenue_client_visits.created_at AS revenue_client_visits_created_at, revenue_client_visits.updated_at AS revenue_client_visits_updated_at 
FROM revenue_client_visits 
WHERE revenue_client_visits.altegio_record_id = %(altegio_record_id_1)s::INTEGER 
 LIMIT %(param_1)s::INTEGER
2026-08-01 12:20:14,312 INFO sqlalchemy.engine.Engine [cached since 18.32s ago] {'altegio_record_id_1': 618480963, 'param_1': 1}
2026-08-01 12:20:14,313 INFO sqlalchemy.engine.Engine SELECT revenue_client_visits.id AS revenue_client_visits_id, revenue_client_visits.revenue_client_id AS revenue_client_visits_revenue_client_id, revenue_client_visits.altegio_record_id AS revenue_client_visits_altegio_record_id, revenue_client_visits.last_visit_date AS revenue_client_visits_last_visit_date, revenue_client_visits.previous_visit_date AS revenue_client_visits_previous_visit_date, revenue_client_visits.services AS revenue_client_visits_services, revenue_client_visits.master AS revenue_client_visits_master, revenue_client_visits.amount AS revenue_client_visits_amount, revenue_client_visits.visit_status AS revenue_client_visits_visit_status, revenue_client_visits.raw_data AS revenue_client_visits_raw_data, revenue_client_visits.created_at AS revenue_client_visits_created_at, revenue_client_visits.updated_at AS revenue_client_visits_updated_at 
FROM revenue_client_visits 
WHERE revenue_client_visits.revenue_client_id = %(revenue_client_id_1)s::INTEGER ORDER BY revenue_client_visits.last_visit_date ASC, revenue_client_visits.id ASC
2026-08-01 12:20:14,314 INFO sqlalchemy.engine.Engine [cached since 18.31s ago] {'revenue_client_id_1': 94}
2026-08-01 12:20:14,530 INFO sqlalchemy.engine.Engine SELECT revenue_client_visits.id AS revenue_client_visits_id, revenue_client_visits.revenue_client_id AS revenue_client_visits_revenue_client_id, revenue_client_visits.altegio_record_id AS revenue_client_visits_altegio_record_id, revenue_client_visits.last_visit_date AS revenue_client_visits_last_visit_date, revenue_client_visits.previous_visit_date AS revenue_client_visits_previous_visit_date, revenue_client_visits.services AS revenue_client_visits_services, revenue_client_visits.master AS revenue_client_visits_master, revenue_client_visits.amount AS revenue_client_visits_amount, revenue_client_visits.visit_status AS revenue_client_visits_visit_status, revenue_client_visits.raw_data AS revenue_client_visits_raw_data, revenue_client_visits.created_at AS revenue_client_visits_created_at, revenue_client_visits.updated_at AS revenue_client_visits_updated_at 
FROM revenue_client_visits 
WHERE revenue_client_visits.altegio_record_id = %(altegio_record_id_1)s::INTEGER 
 LIMIT %(param_1)s::INTEGER
2026-08-01 12:20:14,530 INFO sqlalchemy.engine.Engine [cached since 18.54s ago] {'altegio_record_id_1': 618723293, 'param_1': 1}
2026-08-01 12:20:14,531 INFO sqlalchemy.engine.Engine SELECT revenue_client_visits.id AS revenue_client_visits_id, revenue_client_visits.revenue_client_id AS revenue_client_visits_revenue_client_id, revenue_client_visits.altegio_record_id AS revenue_client_visits_altegio_record_id, revenue_client_visits.last_visit_date AS revenue_client_visits_last_visit_date, revenue_client_visits.previous_visit_date AS revenue_client_visits_previous_visit_date, revenue_client_visits.services AS revenue_client_visits_services, revenue_client_visits.master AS revenue_client_visits_master, revenue_client_visits.amount AS revenue_client_visits_amount, revenue_client_visits.visit_status AS revenue_client_visits_visit_status, revenue_client_visits.raw_data AS revenue_client_visits_raw_data, revenue_client_visits.created_at AS revenue_client_visits_created_at, revenue_client_visits.updated_at AS revenue_client_visits_updated_at 
FROM revenue_client_visits 
WHERE revenue_client_visits.revenue_client_id = %(revenue_client_id_1)s::INTEGER ORDER BY revenue_client_visits.last_visit_date ASC, revenue_client_visits.id ASC
2026-08-01 12:20:14,532 INFO sqlalchemy.engine.Engine [cached since 18.53s ago] {'revenue_client_id_1': 95}
2026-08-01 12:20:14,725 INFO sqlalchemy.engine.Engine SELECT revenue_client_visits.id AS revenue_client_visits_id, revenue_client_visits.revenue_client_id AS revenue_client_visits_revenue_client_id, revenue_client_visits.altegio_record_id AS revenue_client_visits_altegio_record_id, revenue_client_visits.last_visit_date AS revenue_client_visits_last_visit_date, revenue_client_visits.previous_visit_date AS revenue_client_visits_previous_visit_date, revenue_client_visits.services AS revenue_client_visits_services, revenue_client_visits.master AS revenue_client_visits_master, revenue_client_visits.amount AS revenue_client_visits_amount, revenue_client_visits.visit_status AS revenue_client_visits_visit_status, revenue_client_visits.raw_data AS revenue_client_visits_raw_data, revenue_client_visits.created_at AS revenue_client_visits_created_at, revenue_client_visits.updated_at AS revenue_client_visits_updated_at 
FROM revenue_client_visits 
WHERE revenue_client_visits.altegio_record_id = %(altegio_record_id_1)s::INTEGER 
 LIMIT %(param_1)s::INTEGER
2026-08-01 12:20:14,725 INFO sqlalchemy.engine.Engine [cached since 18.73s ago] {'altegio_record_id_1': 618783405, 'param_1': 1}
2026-08-01 12:20:14,726 INFO sqlalchemy.engine.Engine SELECT revenue_client_visits.id AS revenue_client_visits_id, revenue_client_visits.revenue_client_id AS revenue_client_visits_revenue_client_id, revenue_client_visits.altegio_record_id AS revenue_client_visits_altegio_record_id, revenue_client_visits.last_visit_date AS revenue_client_visits_last_visit_date, revenue_client_visits.previous_visit_date AS revenue_client_visits_previous_visit_date, revenue_client_visits.services AS revenue_client_visits_services, revenue_client_visits.master AS revenue_client_visits_master, revenue_client_visits.amount AS revenue_client_visits_amount, revenue_client_visits.visit_status AS revenue_client_visits_visit_status, revenue_client_visits.raw_data AS revenue_client_visits_raw_data, revenue_client_visits.created_at AS revenue_client_visits_created_at, revenue_client_visits.updated_at AS revenue_client_visits_updated_at 
FROM revenue_client_visits 
WHERE revenue_client_visits.revenue_client_id = %(revenue_client_id_1)s::INTEGER ORDER BY revenue_client_visits.last_visit_date ASC, revenue_client_visits.id ASC
2026-08-01 12:20:14,726 INFO sqlalchemy.engine.Engine [cached since 18.73s ago] {'revenue_client_id_1': 96}
2026-08-01 12:20:15,036 INFO sqlalchemy.engine.Engine SELECT revenue_client_visits.id AS revenue_client_visits_id, revenue_client_visits.revenue_client_id AS revenue_client_visits_revenue_client_id, revenue_client_visits.altegio_record_id AS revenue_client_visits_altegio_record_id, revenue_client_visits.last_visit_date AS revenue_client_visits_last_visit_date, revenue_client_visits.previous_visit_date AS revenue_client_visits_previous_visit_date, revenue_client_visits.services AS revenue_client_visits_services, revenue_client_visits.master AS revenue_client_visits_master, revenue_client_visits.amount AS revenue_client_visits_amount, revenue_client_visits.visit_status AS revenue_client_visits_visit_status, revenue_client_visits.raw_data AS revenue_client_visits_raw_data, revenue_client_visits.created_at AS revenue_client_visits_created_at, revenue_client_visits.updated_at AS revenue_client_visits_updated_at 
FROM revenue_client_visits 
WHERE revenue_client_visits.altegio_record_id = %(altegio_record_id_1)s::INTEGER 
 LIMIT %(param_1)s::INTEGER
2026-08-01 12:20:15,036 INFO sqlalchemy.engine.Engine [cached since 19.04s ago] {'altegio_record_id_1': 619374380, 'param_1': 1}
2026-08-01 12:20:15,038 INFO sqlalchemy.engine.Engine SELECT revenue_client_visits.id AS revenue_client_visits_id, revenue_client_visits.revenue_client_id AS revenue_client_visits_revenue_client_id, revenue_client_visits.altegio_record_id AS revenue_client_visits_altegio_record_id, revenue_client_visits.last_visit_date AS revenue_client_visits_last_visit_date, revenue_client_visits.previous_visit_date AS revenue_client_visits_previous_visit_date, revenue_client_visits.services AS revenue_client_visits_services, revenue_client_visits.master AS revenue_client_visits_master, revenue_client_visits.amount AS revenue_client_visits_amount, revenue_client_visits.visit_status AS revenue_client_visits_visit_status, revenue_client_visits.raw_data AS revenue_client_visits_raw_data, revenue_client_visits.created_at AS revenue_client_visits_created_at, revenue_client_visits.updated_at AS revenue_client_visits_updated_at 
FROM revenue_client_visits 
WHERE revenue_client_visits.revenue_client_id = %(revenue_client_id_1)s::INTEGER ORDER BY revenue_client_visits.last_visit_date ASC, revenue_client_visits.id ASC
2026-08-01 12:20:15,038 INFO sqlalchemy.engine.Engine [cached since 19.04s ago] {'revenue_client_id_1': 98}
2026-08-01 12:20:15,210 INFO sqlalchemy.engine.Engine SELECT revenue_client_visits.id AS revenue_client_visits_id, revenue_client_visits.revenue_client_id AS revenue_client_visits_revenue_client_id, revenue_client_visits.altegio_record_id AS revenue_client_visits_altegio_record_id, revenue_client_visits.last_visit_date AS revenue_client_visits_last_visit_date, revenue_client_visits.previous_visit_date AS revenue_client_visits_previous_visit_date, revenue_client_visits.services AS revenue_client_visits_services, revenue_client_visits.master AS revenue_client_visits_master, revenue_client_visits.amount AS revenue_client_visits_amount, revenue_client_visits.visit_status AS revenue_client_visits_visit_status, revenue_client_visits.raw_data AS revenue_client_visits_raw_data, revenue_client_visits.created_at AS revenue_client_visits_created_at, revenue_client_visits.updated_at AS revenue_client_visits_updated_at 
FROM revenue_client_visits 
WHERE revenue_client_visits.altegio_record_id = %(altegio_record_id_1)s::INTEGER 
 LIMIT %(param_1)s::INTEGER
2026-08-01 12:20:15,210 INFO sqlalchemy.engine.Engine [cached since 19.22s ago] {'altegio_record_id_1': 619487014, 'param_1': 1}
2026-08-01 12:20:15,212 INFO sqlalchemy.engine.Engine SELECT revenue_client_visits.id AS revenue_client_visits_id, revenue_client_visits.revenue_client_id AS revenue_client_visits_revenue_client_id, revenue_client_visits.altegio_record_id AS revenue_client_visits_altegio_record_id, revenue_client_visits.last_visit_date AS revenue_client_visits_last_visit_date, revenue_client_visits.previous_visit_date AS revenue_client_visits_previous_visit_date, revenue_client_visits.services AS revenue_client_visits_services, revenue_client_visits.master AS revenue_client_visits_master, revenue_client_visits.amount AS revenue_client_visits_amount, revenue_client_visits.visit_status AS revenue_client_visits_visit_status, revenue_client_visits.raw_data AS revenue_client_visits_raw_data, revenue_client_visits.created_at AS revenue_client_visits_created_at, revenue_client_visits.updated_at AS revenue_client_visits_updated_at 
FROM revenue_client_visits 
WHERE revenue_client_visits.altegio_record_id = %(altegio_record_id_1)s::INTEGER 
 LIMIT %(param_1)s::INTEGER
2026-08-01 12:20:15,212 INFO sqlalchemy.engine.Engine [cached since 19.22s ago] {'altegio_record_id_1': 619566336, 'param_1': 1}
2026-08-01 12:20:15,213 INFO sqlalchemy.engine.Engine SELECT revenue_client_visits.id AS revenue_client_visits_id, revenue_client_visits.revenue_client_id AS revenue_client_visits_revenue_client_id, revenue_client_visits.altegio_record_id AS revenue_client_visits_altegio_record_id, revenue_client_visits.last_visit_date AS revenue_client_visits_last_visit_date, revenue_client_visits.previous_visit_date AS revenue_client_visits_previous_visit_date, revenue_client_visits.services AS revenue_client_visits_services, revenue_client_visits.master AS revenue_client_visits_master, revenue_client_visits.amount AS revenue_client_visits_amount, revenue_client_visits.visit_status AS revenue_client_visits_visit_status, revenue_client_visits.raw_data AS revenue_client_visits_raw_data, revenue_client_visits.created_at AS revenue_client_visits_created_at, revenue_client_visits.updated_at AS revenue_client_visits_updated_at 
FROM revenue_client_visits 
WHERE revenue_client_visits.revenue_client_id = %(revenue_client_id_1)s::INTEGER ORDER BY revenue_client_visits.last_visit_date ASC, revenue_client_visits.id ASC
2026-08-01 12:20:15,213 INFO sqlalchemy.engine.Engine [cached since 19.21s ago] {'revenue_client_id_1': 99}
2026-08-01 12:20:15,448 INFO sqlalchemy.engine.Engine SELECT revenue_client_visits.id AS revenue_client_visits_id, revenue_client_visits.revenue_client_id AS revenue_client_visits_revenue_client_id, revenue_client_visits.altegio_record_id AS revenue_client_visits_altegio_record_id, revenue_client_visits.last_visit_date AS revenue_client_visits_last_visit_date, revenue_client_visits.previous_visit_date AS revenue_client_visits_previous_visit_date, revenue_client_visits.services AS revenue_client_visits_services, revenue_client_visits.master AS revenue_client_visits_master, revenue_client_visits.amount AS revenue_client_visits_amount, revenue_client_visits.visit_status AS revenue_client_visits_visit_status, revenue_client_visits.raw_data AS revenue_client_visits_raw_data, revenue_client_visits.created_at AS revenue_client_visits_created_at, revenue_client_visits.updated_at AS revenue_client_visits_updated_at 
FROM revenue_client_visits 
WHERE revenue_client_visits.altegio_record_id = %(altegio_record_id_1)s::INTEGER 
 LIMIT %(param_1)s::INTEGER
2026-08-01 12:20:15,448 INFO sqlalchemy.engine.Engine [cached since 19.46s ago] {'altegio_record_id_1': 657628570, 'param_1': 1}
2026-08-01 12:20:15,449 INFO sqlalchemy.engine.Engine SELECT revenue_client_visits.id AS revenue_client_visits_id, revenue_client_visits.revenue_client_id AS revenue_client_visits_revenue_client_id, revenue_client_visits.altegio_record_id AS revenue_client_visits_altegio_record_id, revenue_client_visits.last_visit_date AS revenue_client_visits_last_visit_date, revenue_client_visits.previous_visit_date AS revenue_client_visits_previous_visit_date, revenue_client_visits.services AS revenue_client_visits_services, revenue_client_visits.master AS revenue_client_visits_master, revenue_client_visits.amount AS revenue_client_visits_amount, revenue_client_visits.visit_status AS revenue_client_visits_visit_status, revenue_client_visits.raw_data AS revenue_client_visits_raw_data, revenue_client_visits.created_at AS revenue_client_visits_created_at, revenue_client_visits.updated_at AS revenue_client_visits_updated_at 
FROM revenue_client_visits 
WHERE revenue_client_visits.altegio_record_id = %(altegio_record_id_1)s::INTEGER 
 LIMIT %(param_1)s::INTEGER
2026-08-01 12:20:15,449 INFO sqlalchemy.engine.Engine [cached since 19.46s ago] {'altegio_record_id_1': 621113964, 'param_1': 1}
2026-08-01 12:20:15,450 INFO sqlalchemy.engine.Engine SELECT revenue_client_visits.id AS revenue_client_visits_id, revenue_client_visits.revenue_client_id AS revenue_client_visits_revenue_client_id, revenue_client_visits.altegio_record_id AS revenue_client_visits_altegio_record_id, revenue_client_visits.last_visit_date AS revenue_client_visits_last_visit_date, revenue_client_visits.previous_visit_date AS revenue_client_visits_previous_visit_date, revenue_client_visits.services AS revenue_client_visits_services, revenue_client_visits.master AS revenue_client_visits_master, revenue_client_visits.amount AS revenue_client_visits_amount, revenue_client_visits.visit_status AS revenue_client_visits_visit_status, revenue_client_visits.raw_data AS revenue_client_visits_raw_data, revenue_client_visits.created_at AS revenue_client_visits_created_at, revenue_client_visits.updated_at AS revenue_client_visits_updated_at 
FROM revenue_client_visits 
WHERE revenue_client_visits.revenue_client_id = %(revenue_client_id_1)s::INTEGER ORDER BY revenue_client_visits.last_visit_date ASC, revenue_client_visits.id ASC
2026-08-01 12:20:15,450 INFO sqlalchemy.engine.Engine [cached since 19.45s ago] {'revenue_client_id_1': 110}
2026-08-01 12:20:15,628 INFO sqlalchemy.engine.Engine SELECT revenue_client_visits.id AS revenue_client_visits_id, revenue_client_visits.revenue_client_id AS revenue_client_visits_revenue_client_id, revenue_client_visits.altegio_record_id AS revenue_client_visits_altegio_record_id, revenue_client_visits.last_visit_date AS revenue_client_visits_last_visit_date, revenue_client_visits.previous_visit_date AS revenue_client_visits_previous_visit_date, revenue_client_visits.services AS revenue_client_visits_services, revenue_client_visits.master AS revenue_client_visits_master, revenue_client_visits.amount AS revenue_client_visits_amount, revenue_client_visits.visit_status AS revenue_client_visits_visit_status, revenue_client_visits.raw_data AS revenue_client_visits_raw_data, revenue_client_visits.created_at AS revenue_client_visits_created_at, revenue_client_visits.updated_at AS revenue_client_visits_updated_at 
FROM revenue_client_visits 
WHERE revenue_client_visits.altegio_record_id = %(altegio_record_id_1)s::INTEGER 
 LIMIT %(param_1)s::INTEGER
2026-08-01 12:20:15,628 INFO sqlalchemy.engine.Engine [cached since 19.64s ago] {'altegio_record_id_1': 633187725, 'param_1': 1}
2026-08-01 12:20:15,630 INFO sqlalchemy.engine.Engine SELECT revenue_client_visits.id AS revenue_client_visits_id, revenue_client_visits.revenue_client_id AS revenue_client_visits_revenue_client_id, revenue_client_visits.altegio_record_id AS revenue_client_visits_altegio_record_id, revenue_client_visits.last_visit_date AS revenue_client_visits_last_visit_date, revenue_client_visits.previous_visit_date AS revenue_client_visits_previous_visit_date, revenue_client_visits.services AS revenue_client_visits_services, revenue_client_visits.master AS revenue_client_visits_master, revenue_client_visits.amount AS revenue_client_visits_amount, revenue_client_visits.visit_status AS revenue_client_visits_visit_status, revenue_client_visits.raw_data AS revenue_client_visits_raw_data, revenue_client_visits.created_at AS revenue_client_visits_created_at, revenue_client_visits.updated_at AS revenue_client_visits_updated_at 
FROM revenue_client_visits 
WHERE revenue_client_visits.altegio_record_id = %(altegio_record_id_1)s::INTEGER 
 LIMIT %(param_1)s::INTEGER
2026-08-01 12:20:15,630 INFO sqlalchemy.engine.Engine [cached since 19.64s ago] {'altegio_record_id_1': 620023732, 'param_1': 1}
2026-08-01 12:20:15,630 INFO sqlalchemy.engine.Engine SELECT revenue_client_visits.id AS revenue_client_visits_id, revenue_client_visits.revenue_client_id AS revenue_client_visits_revenue_client_id, revenue_client_visits.altegio_record_id AS revenue_client_visits_altegio_record_id, revenue_client_visits.last_visit_date AS revenue_client_visits_last_visit_date, revenue_client_visits.previous_visit_date AS revenue_client_visits_previous_visit_date, revenue_client_visits.services AS revenue_client_visits_services, revenue_client_visits.master AS revenue_client_visits_master, revenue_client_visits.amount AS revenue_client_visits_amount, revenue_client_visits.visit_status AS revenue_client_visits_visit_status, revenue_client_visits.raw_data AS revenue_client_visits_raw_data, revenue_client_visits.created_at AS revenue_client_visits_created_at, revenue_client_visits.updated_at AS revenue_client_visits_updated_at 
FROM revenue_client_visits 
WHERE revenue_client_visits.altegio_record_id = %(altegio_record_id_1)s::INTEGER 
 LIMIT %(param_1)s::INTEGER
2026-08-01 12:20:15,631 INFO sqlalchemy.engine.Engine [cached since 19.64s ago] {'altegio_record_id_1': 619535101, 'param_1': 1}
2026-08-01 12:20:15,631 INFO sqlalchemy.engine.Engine SELECT revenue_client_visits.id AS revenue_client_visits_id, revenue_client_visits.revenue_client_id AS revenue_client_visits_revenue_client_id, revenue_client_visits.altegio_record_id AS revenue_client_visits_altegio_record_id, revenue_client_visits.last_visit_date AS revenue_client_visits_last_visit_date, revenue_client_visits.previous_visit_date AS revenue_client_visits_previous_visit_date, revenue_client_visits.services AS revenue_client_visits_services, revenue_client_visits.master AS revenue_client_visits_master, revenue_client_visits.amount AS revenue_client_visits_amount, revenue_client_visits.visit_status AS revenue_client_visits_visit_status, revenue_client_visits.raw_data AS revenue_client_visits_raw_data, revenue_client_visits.created_at AS revenue_client_visits_created_at, revenue_client_visits.updated_at AS revenue_client_visits_updated_at 
FROM revenue_client_visits 
WHERE revenue_client_visits.revenue_client_id = %(revenue_client_id_1)s::INTEGER ORDER BY revenue_client_visits.last_visit_date ASC, revenue_client_visits.id ASC
2026-08-01 12:20:15,631 INFO sqlalchemy.engine.Engine [cached since 19.63s ago] {'revenue_client_id_1': 100}
2026-08-01 12:20:15,821 INFO sqlalchemy.engine.Engine SELECT revenue_client_visits.id AS revenue_client_visits_id, revenue_client_visits.revenue_client_id AS revenue_client_visits_revenue_client_id, revenue_client_visits.altegio_record_id AS revenue_client_visits_altegio_record_id, revenue_client_visits.last_visit_date AS revenue_client_visits_last_visit_date, revenue_client_visits.previous_visit_date AS revenue_client_visits_previous_visit_date, revenue_client_visits.services AS revenue_client_visits_services, revenue_client_visits.master AS revenue_client_visits_master, revenue_client_visits.amount AS revenue_client_visits_amount, revenue_client_visits.visit_status AS revenue_client_visits_visit_status, revenue_client_visits.raw_data AS revenue_client_visits_raw_data, revenue_client_visits.created_at AS revenue_client_visits_created_at, revenue_client_visits.updated_at AS revenue_client_visits_updated_at 
FROM revenue_client_visits 
WHERE revenue_client_visits.altegio_record_id = %(altegio_record_id_1)s::INTEGER 
 LIMIT %(param_1)s::INTEGER
2026-08-01 12:20:15,821 INFO sqlalchemy.engine.Engine [cached since 19.83s ago] {'altegio_record_id_1': 620902302, 'param_1': 1}
2026-08-01 12:20:15,823 INFO sqlalchemy.engine.Engine SELECT revenue_client_visits.id AS revenue_client_visits_id, revenue_client_visits.revenue_client_id AS revenue_client_visits_revenue_client_id, revenue_client_visits.altegio_record_id AS revenue_client_visits_altegio_record_id, revenue_client_visits.last_visit_date AS revenue_client_visits_last_visit_date, revenue_client_visits.previous_visit_date AS revenue_client_visits_previous_visit_date, revenue_client_visits.services AS revenue_client_visits_services, revenue_client_visits.master AS revenue_client_visits_master, revenue_client_visits.amount AS revenue_client_visits_amount, revenue_client_visits.visit_status AS revenue_client_visits_visit_status, revenue_client_visits.raw_data AS revenue_client_visits_raw_data, revenue_client_visits.created_at AS revenue_client_visits_created_at, revenue_client_visits.updated_at AS revenue_client_visits_updated_at 
FROM revenue_client_visits 
WHERE revenue_client_visits.revenue_client_id = %(revenue_client_id_1)s::INTEGER ORDER BY revenue_client_visits.last_visit_date ASC, revenue_client_visits.id ASC
2026-08-01 12:20:15,823 INFO sqlalchemy.engine.Engine [cached since 19.82s ago] {'revenue_client_id_1': 101}
2026-08-01 12:20:16,018 INFO sqlalchemy.engine.Engine SELECT revenue_client_visits.id AS revenue_client_visits_id, revenue_client_visits.revenue_client_id AS revenue_client_visits_revenue_client_id, revenue_client_visits.altegio_record_id AS revenue_client_visits_altegio_record_id, revenue_client_visits.last_visit_date AS revenue_client_visits_last_visit_date, revenue_client_visits.previous_visit_date AS revenue_client_visits_previous_visit_date, revenue_client_visits.services AS revenue_client_visits_services, revenue_client_visits.master AS revenue_client_visits_master, revenue_client_visits.amount AS revenue_client_visits_amount, revenue_client_visits.visit_status AS revenue_client_visits_visit_status, revenue_client_visits.raw_data AS revenue_client_visits_raw_data, revenue_client_visits.created_at AS revenue_client_visits_created_at, revenue_client_visits.updated_at AS revenue_client_visits_updated_at 
FROM revenue_client_visits 
WHERE revenue_client_visits.altegio_record_id = %(altegio_record_id_1)s::INTEGER 
 LIMIT %(param_1)s::INTEGER
2026-08-01 12:20:16,018 INFO sqlalchemy.engine.Engine [cached since 20.03s ago] {'altegio_record_id_1': 622675317, 'param_1': 1}
2026-08-01 12:20:16,020 INFO sqlalchemy.engine.Engine SELECT revenue_client_visits.id AS revenue_client_visits_id, revenue_client_visits.revenue_client_id AS revenue_client_visits_revenue_client_id, revenue_client_visits.altegio_record_id AS revenue_client_visits_altegio_record_id, revenue_client_visits.last_visit_date AS revenue_client_visits_last_visit_date, revenue_client_visits.previous_visit_date AS revenue_client_visits_previous_visit_date, revenue_client_visits.services AS revenue_client_visits_services, revenue_client_visits.master AS revenue_client_visits_master, revenue_client_visits.amount AS revenue_client_visits_amount, revenue_client_visits.visit_status AS revenue_client_visits_visit_status, revenue_client_visits.raw_data AS revenue_client_visits_raw_data, revenue_client_visits.created_at AS revenue_client_visits_created_at, revenue_client_visits.updated_at AS revenue_client_visits_updated_at 
FROM revenue_client_visits 
WHERE revenue_client_visits.altegio_record_id = %(altegio_record_id_1)s::INTEGER 
 LIMIT %(param_1)s::INTEGER
2026-08-01 12:20:16,020 INFO sqlalchemy.engine.Engine [cached since 20.03s ago] {'altegio_record_id_1': 619656340, 'param_1': 1}
2026-08-01 12:20:16,021 INFO sqlalchemy.engine.Engine SELECT revenue_client_visits.id AS revenue_client_visits_id, revenue_client_visits.revenue_client_id AS revenue_client_visits_revenue_client_id, revenue_client_visits.altegio_record_id AS revenue_client_visits_altegio_record_id, revenue_client_visits.last_visit_date AS revenue_client_visits_last_visit_date, revenue_client_visits.previous_visit_date AS revenue_client_visits_previous_visit_date, revenue_client_visits.services AS revenue_client_visits_services, revenue_client_visits.master AS revenue_client_visits_master, revenue_client_visits.amount AS revenue_client_visits_amount, revenue_client_visits.visit_status AS revenue_client_visits_visit_status, revenue_client_visits.raw_data AS revenue_client_visits_raw_data, revenue_client_visits.created_at AS revenue_client_visits_created_at, revenue_client_visits.updated_at AS revenue_client_visits_updated_at 
FROM revenue_client_visits 
WHERE revenue_client_visits.revenue_client_id = %(revenue_client_id_1)s::INTEGER ORDER BY revenue_client_visits.last_visit_date ASC, revenue_client_visits.id ASC
2026-08-01 12:20:16,021 INFO sqlalchemy.engine.Engine [cached since 20.02s ago] {'revenue_client_id_1': 102}
2026-08-01 12:20:16,190 INFO sqlalchemy.engine.Engine SELECT revenue_client_visits.id AS revenue_client_visits_id, revenue_client_visits.revenue_client_id AS revenue_client_visits_revenue_client_id, revenue_client_visits.altegio_record_id AS revenue_client_visits_altegio_record_id, revenue_client_visits.last_visit_date AS revenue_client_visits_last_visit_date, revenue_client_visits.previous_visit_date AS revenue_client_visits_previous_visit_date, revenue_client_visits.services AS revenue_client_visits_services, revenue_client_visits.master AS revenue_client_visits_master, revenue_client_visits.amount AS revenue_client_visits_amount, revenue_client_visits.visit_status AS revenue_client_visits_visit_status, revenue_client_visits.raw_data AS revenue_client_visits_raw_data, revenue_client_visits.created_at AS revenue_client_visits_created_at, revenue_client_visits.updated_at AS revenue_client_visits_updated_at 
FROM revenue_client_visits 
WHERE revenue_client_visits.altegio_record_id = %(altegio_record_id_1)s::INTEGER 
 LIMIT %(param_1)s::INTEGER
2026-08-01 12:20:16,190 INFO sqlalchemy.engine.Engine [cached since 20.2s ago] {'altegio_record_id_1': 619934632, 'param_1': 1}
2026-08-01 12:20:16,192 INFO sqlalchemy.engine.Engine SELECT revenue_client_visits.id AS revenue_client_visits_id, revenue_client_visits.revenue_client_id AS revenue_client_visits_revenue_client_id, revenue_client_visits.altegio_record_id AS revenue_client_visits_altegio_record_id, revenue_client_visits.last_visit_date AS revenue_client_visits_last_visit_date, revenue_client_visits.previous_visit_date AS revenue_client_visits_previous_visit_date, revenue_client_visits.services AS revenue_client_visits_services, revenue_client_visits.master AS revenue_client_visits_master, revenue_client_visits.amount AS revenue_client_visits_amount, revenue_client_visits.visit_status AS revenue_client_visits_visit_status, revenue_client_visits.raw_data AS revenue_client_visits_raw_data, revenue_client_visits.created_at AS revenue_client_visits_created_at, revenue_client_visits.updated_at AS revenue_client_visits_updated_at 
FROM revenue_client_visits 
WHERE revenue_client_visits.revenue_client_id = %(revenue_client_id_1)s::INTEGER ORDER BY revenue_client_visits.last_visit_date ASC, revenue_client_visits.id ASC
2026-08-01 12:20:16,192 INFO sqlalchemy.engine.Engine [cached since 20.19s ago] {'revenue_client_id_1': 103}
2026-08-01 12:20:16,518 INFO sqlalchemy.engine.Engine SELECT revenue_client_visits.id AS revenue_client_visits_id, revenue_client_visits.revenue_client_id AS revenue_client_visits_revenue_client_id, revenue_client_visits.altegio_record_id AS revenue_client_visits_altegio_record_id, revenue_client_visits.last_visit_date AS revenue_client_visits_last_visit_date, revenue_client_visits.previous_visit_date AS revenue_client_visits_previous_visit_date, revenue_client_visits.services AS revenue_client_visits_services, revenue_client_visits.master AS revenue_client_visits_master, revenue_client_visits.amount AS revenue_client_visits_amount, revenue_client_visits.visit_status AS revenue_client_visits_visit_status, revenue_client_visits.raw_data AS revenue_client_visits_raw_data, revenue_client_visits.created_at AS revenue_client_visits_created_at, revenue_client_visits.updated_at AS revenue_client_visits_updated_at 
FROM revenue_client_visits 
WHERE revenue_client_visits.altegio_record_id = %(altegio_record_id_1)s::INTEGER 
 LIMIT %(param_1)s::INTEGER
2026-08-01 12:20:16,518 INFO sqlalchemy.engine.Engine [cached since 20.53s ago] {'altegio_record_id_1': 620234613, 'param_1': 1}
2026-08-01 12:20:16,520 INFO sqlalchemy.engine.Engine SELECT revenue_client_visits.id AS revenue_client_visits_id, revenue_client_visits.revenue_client_id AS revenue_client_visits_revenue_client_id, revenue_client_visits.altegio_record_id AS revenue_client_visits_altegio_record_id, revenue_client_visits.last_visit_date AS revenue_client_visits_last_visit_date, revenue_client_visits.previous_visit_date AS revenue_client_visits_previous_visit_date, revenue_client_visits.services AS revenue_client_visits_services, revenue_client_visits.master AS revenue_client_visits_master, revenue_client_visits.amount AS revenue_client_visits_amount, revenue_client_visits.visit_status AS revenue_client_visits_visit_status, revenue_client_visits.raw_data AS revenue_client_visits_raw_data, revenue_client_visits.created_at AS revenue_client_visits_created_at, revenue_client_visits.updated_at AS revenue_client_visits_updated_at 
FROM revenue_client_visits 
WHERE revenue_client_visits.revenue_client_id = %(revenue_client_id_1)s::INTEGER ORDER BY revenue_client_visits.last_visit_date ASC, revenue_client_visits.id ASC
2026-08-01 12:20:16,520 INFO sqlalchemy.engine.Engine [cached since 20.52s ago] {'revenue_client_id_1': 105}
2026-08-01 12:20:16,683 INFO sqlalchemy.engine.Engine SELECT revenue_client_visits.id AS revenue_client_visits_id, revenue_client_visits.revenue_client_id AS revenue_client_visits_revenue_client_id, revenue_client_visits.altegio_record_id AS revenue_client_visits_altegio_record_id, revenue_client_visits.last_visit_date AS revenue_client_visits_last_visit_date, revenue_client_visits.previous_visit_date AS revenue_client_visits_previous_visit_date, revenue_client_visits.services AS revenue_client_visits_services, revenue_client_visits.master AS revenue_client_visits_master, revenue_client_visits.amount AS revenue_client_visits_amount, revenue_client_visits.visit_status AS revenue_client_visits_visit_status, revenue_client_visits.raw_data AS revenue_client_visits_raw_data, revenue_client_visits.created_at AS revenue_client_visits_created_at, revenue_client_visits.updated_at AS revenue_client_visits_updated_at 
FROM revenue_client_visits 
WHERE revenue_client_visits.altegio_record_id = %(altegio_record_id_1)s::INTEGER 
 LIMIT %(param_1)s::INTEGER
2026-08-01 12:20:16,683 INFO sqlalchemy.engine.Engine [cached since 20.69s ago] {'altegio_record_id_1': 650937692, 'param_1': 1}
2026-08-01 12:20:16,684 INFO sqlalchemy.engine.Engine SELECT revenue_client_visits.id AS revenue_client_visits_id, revenue_client_visits.revenue_client_id AS revenue_client_visits_revenue_client_id, revenue_client_visits.altegio_record_id AS revenue_client_visits_altegio_record_id, revenue_client_visits.last_visit_date AS revenue_client_visits_last_visit_date, revenue_client_visits.previous_visit_date AS revenue_client_visits_previous_visit_date, revenue_client_visits.services AS revenue_client_visits_services, revenue_client_visits.master AS revenue_client_visits_master, revenue_client_visits.amount AS revenue_client_visits_amount, revenue_client_visits.visit_status AS revenue_client_visits_visit_status, revenue_client_visits.raw_data AS revenue_client_visits_raw_data, revenue_client_visits.created_at AS revenue_client_visits_created_at, revenue_client_visits.updated_at AS revenue_client_visits_updated_at 
FROM revenue_client_visits 
WHERE revenue_client_visits.altegio_record_id = %(altegio_record_id_1)s::INTEGER 
 LIMIT %(param_1)s::INTEGER
2026-08-01 12:20:16,685 INFO sqlalchemy.engine.Engine [cached since 20.69s ago] {'altegio_record_id_1': 648431623, 'param_1': 1}
2026-08-01 12:20:16,686 INFO sqlalchemy.engine.Engine SELECT revenue_client_visits.id AS revenue_client_visits_id, revenue_client_visits.revenue_client_id AS revenue_client_visits_revenue_client_id, revenue_client_visits.altegio_record_id AS revenue_client_visits_altegio_record_id, revenue_client_visits.last_visit_date AS revenue_client_visits_last_visit_date, revenue_client_visits.previous_visit_date AS revenue_client_visits_previous_visit_date, revenue_client_visits.services AS revenue_client_visits_services, revenue_client_visits.master AS revenue_client_visits_master, revenue_client_visits.amount AS revenue_client_visits_amount, revenue_client_visits.visit_status AS revenue_client_visits_visit_status, revenue_client_visits.raw_data AS revenue_client_visits_raw_data, revenue_client_visits.created_at AS revenue_client_visits_created_at, revenue_client_visits.updated_at AS revenue_client_visits_updated_at 
FROM revenue_client_visits 
WHERE revenue_client_visits.altegio_record_id = %(altegio_record_id_1)s::INTEGER 
 LIMIT %(param_1)s::INTEGER
2026-08-01 12:20:16,686 INFO sqlalchemy.engine.Engine [cached since 20.69s ago] {'altegio_record_id_1': 630243678, 'param_1': 1}
2026-08-01 12:20:16,687 INFO sqlalchemy.engine.Engine SELECT revenue_client_visits.id AS revenue_client_visits_id, revenue_client_visits.revenue_client_id AS revenue_client_visits_revenue_client_id, revenue_client_visits.altegio_record_id AS revenue_client_visits_altegio_record_id, revenue_client_visits.last_visit_date AS revenue_client_visits_last_visit_date, revenue_client_visits.previous_visit_date AS revenue_client_visits_previous_visit_date, revenue_client_visits.services AS revenue_client_visits_services, revenue_client_visits.master AS revenue_client_visits_master, revenue_client_visits.amount AS revenue_client_visits_amount, revenue_client_visits.visit_status AS revenue_client_visits_visit_status, revenue_client_visits.raw_data AS revenue_client_visits_raw_data, revenue_client_visits.created_at AS revenue_client_visits_created_at, revenue_client_visits.updated_at AS revenue_client_visits_updated_at 
FROM revenue_client_visits 
WHERE revenue_client_visits.altegio_record_id = %(altegio_record_id_1)s::INTEGER 
 LIMIT %(param_1)s::INTEGER
2026-08-01 12:20:16,687 INFO sqlalchemy.engine.Engine [cached since 20.7s ago] {'altegio_record_id_1': 627977279, 'param_1': 1}
2026-08-01 12:20:16,688 INFO sqlalchemy.engine.Engine SELECT revenue_client_visits.id AS revenue_client_visits_id, revenue_client_visits.revenue_client_id AS revenue_client_visits_revenue_client_id, revenue_client_visits.altegio_record_id AS revenue_client_visits_altegio_record_id, revenue_client_visits.last_visit_date AS revenue_client_visits_last_visit_date, revenue_client_visits.previous_visit_date AS revenue_client_visits_previous_visit_date, revenue_client_visits.services AS revenue_client_visits_services, revenue_client_visits.master AS revenue_client_visits_master, revenue_client_visits.amount AS revenue_client_visits_amount, revenue_client_visits.visit_status AS revenue_client_visits_visit_status, revenue_client_visits.raw_data AS revenue_client_visits_raw_data, revenue_client_visits.created_at AS revenue_client_visits_created_at, revenue_client_visits.updated_at AS revenue_client_visits_updated_at 
FROM revenue_client_visits 
WHERE revenue_client_visits.altegio_record_id = %(altegio_record_id_1)s::INTEGER 
 LIMIT %(param_1)s::INTEGER
2026-08-01 12:20:16,688 INFO sqlalchemy.engine.Engine [cached since 20.7s ago] {'altegio_record_id_1': 627977107, 'param_1': 1}
2026-08-01 12:20:16,689 INFO sqlalchemy.engine.Engine SELECT revenue_client_visits.id AS revenue_client_visits_id, revenue_client_visits.revenue_client_id AS revenue_client_visits_revenue_client_id, revenue_client_visits.altegio_record_id AS revenue_client_visits_altegio_record_id, revenue_client_visits.last_visit_date AS revenue_client_visits_last_visit_date, revenue_client_visits.previous_visit_date AS revenue_client_visits_previous_visit_date, revenue_client_visits.services AS revenue_client_visits_services, revenue_client_visits.master AS revenue_client_visits_master, revenue_client_visits.amount AS revenue_client_visits_amount, revenue_client_visits.visit_status AS revenue_client_visits_visit_status, revenue_client_visits.raw_data AS revenue_client_visits_raw_data, revenue_client_visits.created_at AS revenue_client_visits_created_at, revenue_client_visits.updated_at AS revenue_client_visits_updated_at 
FROM revenue_client_visits 
WHERE revenue_client_visits.altegio_record_id = %(altegio_record_id_1)s::INTEGER 
 LIMIT %(param_1)s::INTEGER
2026-08-01 12:20:16,689 INFO sqlalchemy.engine.Engine [cached since 20.7s ago] {'altegio_record_id_1': 620460536, 'param_1': 1}
2026-08-01 12:20:16,690 INFO sqlalchemy.engine.Engine SELECT revenue_client_visits.id AS revenue_client_visits_id, revenue_client_visits.revenue_client_id AS revenue_client_visits_revenue_client_id, revenue_client_visits.altegio_record_id AS revenue_client_visits_altegio_record_id, revenue_client_visits.last_visit_date AS revenue_client_visits_last_visit_date, revenue_client_visits.previous_visit_date AS revenue_client_visits_previous_visit_date, revenue_client_visits.services AS revenue_client_visits_services, revenue_client_visits.master AS revenue_client_visits_master, revenue_client_visits.amount AS revenue_client_visits_amount, revenue_client_visits.visit_status AS revenue_client_visits_visit_status, revenue_client_visits.raw_data AS revenue_client_visits_raw_data, revenue_client_visits.created_at AS revenue_client_visits_created_at, revenue_client_visits.updated_at AS revenue_client_visits_updated_at 
FROM revenue_client_visits 
WHERE revenue_client_visits.revenue_client_id = %(revenue_client_id_1)s::INTEGER ORDER BY revenue_client_visits.last_visit_date ASC, revenue_client_visits.id ASC
2026-08-01 12:20:16,690 INFO sqlalchemy.engine.Engine [cached since 20.69s ago] {'revenue_client_id_1': 106}
2026-08-01 12:20:16,901 INFO sqlalchemy.engine.Engine SELECT revenue_client_visits.id AS revenue_client_visits_id, revenue_client_visits.revenue_client_id AS revenue_client_visits_revenue_client_id, revenue_client_visits.altegio_record_id AS revenue_client_visits_altegio_record_id, revenue_client_visits.last_visit_date AS revenue_client_visits_last_visit_date, revenue_client_visits.previous_visit_date AS revenue_client_visits_previous_visit_date, revenue_client_visits.services AS revenue_client_visits_services, revenue_client_visits.master AS revenue_client_visits_master, revenue_client_visits.amount AS revenue_client_visits_amount, revenue_client_visits.visit_status AS revenue_client_visits_visit_status, revenue_client_visits.raw_data AS revenue_client_visits_raw_data, revenue_client_visits.created_at AS revenue_client_visits_created_at, revenue_client_visits.updated_at AS revenue_client_visits_updated_at 
FROM revenue_client_visits 
WHERE revenue_client_visits.altegio_record_id = %(altegio_record_id_1)s::INTEGER 
 LIMIT %(param_1)s::INTEGER
2026-08-01 12:20:16,902 INFO sqlalchemy.engine.Engine [cached since 20.91s ago] {'altegio_record_id_1': 628987114, 'param_1': 1}
2026-08-01 12:20:16,903 INFO sqlalchemy.engine.Engine SELECT revenue_client_visits.id AS revenue_client_visits_id, revenue_client_visits.revenue_client_id AS revenue_client_visits_revenue_client_id, revenue_client_visits.altegio_record_id AS revenue_client_visits_altegio_record_id, revenue_client_visits.last_visit_date AS revenue_client_visits_last_visit_date, revenue_client_visits.previous_visit_date AS revenue_client_visits_previous_visit_date, revenue_client_visits.services AS revenue_client_visits_services, revenue_client_visits.master AS revenue_client_visits_master, revenue_client_visits.amount AS revenue_client_visits_amount, revenue_client_visits.visit_status AS revenue_client_visits_visit_status, revenue_client_visits.raw_data AS revenue_client_visits_raw_data, revenue_client_visits.created_at AS revenue_client_visits_created_at, revenue_client_visits.updated_at AS revenue_client_visits_updated_at 
FROM revenue_client_visits 
WHERE revenue_client_visits.altegio_record_id = %(altegio_record_id_1)s::INTEGER 
 LIMIT %(param_1)s::INTEGER
2026-08-01 12:20:16,903 INFO sqlalchemy.engine.Engine [cached since 20.91s ago] {'altegio_record_id_1': 620043231, 'param_1': 1}
2026-08-01 12:20:16,904 INFO sqlalchemy.engine.Engine SELECT revenue_client_visits.id AS revenue_client_visits_id, revenue_client_visits.revenue_client_id AS revenue_client_visits_revenue_client_id, revenue_client_visits.altegio_record_id AS revenue_client_visits_altegio_record_id, revenue_client_visits.last_visit_date AS revenue_client_visits_last_visit_date, revenue_client_visits.previous_visit_date AS revenue_client_visits_previous_visit_date, revenue_client_visits.services AS revenue_client_visits_services, revenue_client_visits.master AS revenue_client_visits_master, revenue_client_visits.amount AS revenue_client_visits_amount, revenue_client_visits.visit_status AS revenue_client_visits_visit_status, revenue_client_visits.raw_data AS revenue_client_visits_raw_data, revenue_client_visits.created_at AS revenue_client_visits_created_at, revenue_client_visits.updated_at AS revenue_client_visits_updated_at 
FROM revenue_client_visits 
WHERE revenue_client_visits.revenue_client_id = %(revenue_client_id_1)s::INTEGER ORDER BY revenue_client_visits.last_visit_date ASC, revenue_client_visits.id ASC
2026-08-01 12:20:16,904 INFO sqlalchemy.engine.Engine [cached since 20.9s ago] {'revenue_client_id_1': 107}
2026-08-01 12:20:17,156 INFO sqlalchemy.engine.Engine SELECT revenue_client_visits.id AS revenue_client_visits_id, revenue_client_visits.revenue_client_id AS revenue_client_visits_revenue_client_id, revenue_client_visits.altegio_record_id AS revenue_client_visits_altegio_record_id, revenue_client_visits.last_visit_date AS revenue_client_visits_last_visit_date, revenue_client_visits.previous_visit_date AS revenue_client_visits_previous_visit_date, revenue_client_visits.services AS revenue_client_visits_services, revenue_client_visits.master AS revenue_client_visits_master, revenue_client_visits.amount AS revenue_client_visits_amount, revenue_client_visits.visit_status AS revenue_client_visits_visit_status, revenue_client_visits.raw_data AS revenue_client_visits_raw_data, revenue_client_visits.created_at AS revenue_client_visits_created_at, revenue_client_visits.updated_at AS revenue_client_visits_updated_at 
FROM revenue_client_visits 
WHERE revenue_client_visits.altegio_record_id = %(altegio_record_id_1)s::INTEGER 
 LIMIT %(param_1)s::INTEGER
2026-08-01 12:20:17,156 INFO sqlalchemy.engine.Engine [cached since 21.16s ago] {'altegio_record_id_1': 632709911, 'param_1': 1}
2026-08-01 12:20:17,157 INFO sqlalchemy.engine.Engine SELECT revenue_client_visits.id AS revenue_client_visits_id, revenue_client_visits.revenue_client_id AS revenue_client_visits_revenue_client_id, revenue_client_visits.altegio_record_id AS revenue_client_visits_altegio_record_id, revenue_client_visits.last_visit_date AS revenue_client_visits_last_visit_date, revenue_client_visits.previous_visit_date AS revenue_client_visits_previous_visit_date, revenue_client_visits.services AS revenue_client_visits_services, revenue_client_visits.master AS revenue_client_visits_master, revenue_client_visits.amount AS revenue_client_visits_amount, revenue_client_visits.visit_status AS revenue_client_visits_visit_status, revenue_client_visits.raw_data AS revenue_client_visits_raw_data, revenue_client_visits.created_at AS revenue_client_visits_created_at, revenue_client_visits.updated_at AS revenue_client_visits_updated_at 
FROM revenue_client_visits 
WHERE revenue_client_visits.altegio_record_id = %(altegio_record_id_1)s::INTEGER 
 LIMIT %(param_1)s::INTEGER
2026-08-01 12:20:17,158 INFO sqlalchemy.engine.Engine [cached since 21.17s ago] {'altegio_record_id_1': 622884741, 'param_1': 1}
2026-08-01 12:20:17,158 INFO sqlalchemy.engine.Engine SELECT revenue_client_visits.id AS revenue_client_visits_id, revenue_client_visits.revenue_client_id AS revenue_client_visits_revenue_client_id, revenue_client_visits.altegio_record_id AS revenue_client_visits_altegio_record_id, revenue_client_visits.last_visit_date AS revenue_client_visits_last_visit_date, revenue_client_visits.previous_visit_date AS revenue_client_visits_previous_visit_date, revenue_client_visits.services AS revenue_client_visits_services, revenue_client_visits.master AS revenue_client_visits_master, revenue_client_visits.amount AS revenue_client_visits_amount, revenue_client_visits.visit_status AS revenue_client_visits_visit_status, revenue_client_visits.raw_data AS revenue_client_visits_raw_data, revenue_client_visits.created_at AS revenue_client_visits_created_at, revenue_client_visits.updated_at AS revenue_client_visits_updated_at 
FROM revenue_client_visits 
WHERE revenue_client_visits.revenue_client_id = %(revenue_client_id_1)s::INTEGER ORDER BY revenue_client_visits.last_visit_date ASC, revenue_client_visits.id ASC
2026-08-01 12:20:17,158 INFO sqlalchemy.engine.Engine [cached since 21.16s ago] {'revenue_client_id_1': 111}
2026-08-01 12:20:17,335 INFO sqlalchemy.engine.Engine SELECT revenue_client_visits.id AS revenue_client_visits_id, revenue_client_visits.revenue_client_id AS revenue_client_visits_revenue_client_id, revenue_client_visits.altegio_record_id AS revenue_client_visits_altegio_record_id, revenue_client_visits.last_visit_date AS revenue_client_visits_last_visit_date, revenue_client_visits.previous_visit_date AS revenue_client_visits_previous_visit_date, revenue_client_visits.services AS revenue_client_visits_services, revenue_client_visits.master AS revenue_client_visits_master, revenue_client_visits.amount AS revenue_client_visits_amount, revenue_client_visits.visit_status AS revenue_client_visits_visit_status, revenue_client_visits.raw_data AS revenue_client_visits_raw_data, revenue_client_visits.created_at AS revenue_client_visits_created_at, revenue_client_visits.updated_at AS revenue_client_visits_updated_at 
FROM revenue_client_visits 
WHERE revenue_client_visits.altegio_record_id = %(altegio_record_id_1)s::INTEGER 
 LIMIT %(param_1)s::INTEGER
2026-08-01 12:20:17,335 INFO sqlalchemy.engine.Engine [cached since 21.34s ago] {'altegio_record_id_1': 647252666, 'param_1': 1}
2026-08-01 12:20:17,336 INFO sqlalchemy.engine.Engine SELECT revenue_client_visits.id AS revenue_client_visits_id, revenue_client_visits.revenue_client_id AS revenue_client_visits_revenue_client_id, revenue_client_visits.altegio_record_id AS revenue_client_visits_altegio_record_id, revenue_client_visits.last_visit_date AS revenue_client_visits_last_visit_date, revenue_client_visits.previous_visit_date AS revenue_client_visits_previous_visit_date, revenue_client_visits.services AS revenue_client_visits_services, revenue_client_visits.master AS revenue_client_visits_master, revenue_client_visits.amount AS revenue_client_visits_amount, revenue_client_visits.visit_status AS revenue_client_visits_visit_status, revenue_client_visits.raw_data AS revenue_client_visits_raw_data, revenue_client_visits.created_at AS revenue_client_visits_created_at, revenue_client_visits.updated_at AS revenue_client_visits_updated_at 
FROM revenue_client_visits 
WHERE revenue_client_visits.altegio_record_id = %(altegio_record_id_1)s::INTEGER 
 LIMIT %(param_1)s::INTEGER
2026-08-01 12:20:17,336 INFO sqlalchemy.engine.Engine [cached since 21.34s ago] {'altegio_record_id_1': 620753144, 'param_1': 1}
2026-08-01 12:20:17,338 INFO sqlalchemy.engine.Engine SELECT revenue_client_visits.id AS revenue_client_visits_id, revenue_client_visits.revenue_client_id AS revenue_client_visits_revenue_client_id, revenue_client_visits.altegio_record_id AS revenue_client_visits_altegio_record_id, revenue_client_visits.last_visit_date AS revenue_client_visits_last_visit_date, revenue_client_visits.previous_visit_date AS revenue_client_visits_previous_visit_date, revenue_client_visits.services AS revenue_client_visits_services, revenue_client_visits.master AS revenue_client_visits_master, revenue_client_visits.amount AS revenue_client_visits_amount, revenue_client_visits.visit_status AS revenue_client_visits_visit_status, revenue_client_visits.raw_data AS revenue_client_visits_raw_data, revenue_client_visits.created_at AS revenue_client_visits_created_at, revenue_client_visits.updated_at AS revenue_client_visits_updated_at 
FROM revenue_client_visits 
WHERE revenue_client_visits.revenue_client_id = %(revenue_client_id_1)s::INTEGER ORDER BY revenue_client_visits.last_visit_date ASC, revenue_client_visits.id ASC
2026-08-01 12:20:17,338 INFO sqlalchemy.engine.Engine [cached since 21.34s ago] {'revenue_client_id_1': 112}
2026-08-01 12:20:17,521 INFO sqlalchemy.engine.Engine SELECT revenue_client_visits.id AS revenue_client_visits_id, revenue_client_visits.revenue_client_id AS revenue_client_visits_revenue_client_id, revenue_client_visits.altegio_record_id AS revenue_client_visits_altegio_record_id, revenue_client_visits.last_visit_date AS revenue_client_visits_last_visit_date, revenue_client_visits.previous_visit_date AS revenue_client_visits_previous_visit_date, revenue_client_visits.services AS revenue_client_visits_services, revenue_client_visits.master AS revenue_client_visits_master, revenue_client_visits.amount AS revenue_client_visits_amount, revenue_client_visits.visit_status AS revenue_client_visits_visit_status, revenue_client_visits.raw_data AS revenue_client_visits_raw_data, revenue_client_visits.created_at AS revenue_client_visits_created_at, revenue_client_visits.updated_at AS revenue_client_visits_updated_at 
FROM revenue_client_visits 
WHERE revenue_client_visits.altegio_record_id = %(altegio_record_id_1)s::INTEGER 
 LIMIT %(param_1)s::INTEGER
2026-08-01 12:20:17,521 INFO sqlalchemy.engine.Engine [cached since 21.53s ago] {'altegio_record_id_1': 621455491, 'param_1': 1}
2026-08-01 12:20:17,522 INFO sqlalchemy.engine.Engine SELECT revenue_client_visits.id AS revenue_client_visits_id, revenue_client_visits.revenue_client_id AS revenue_client_visits_revenue_client_id, revenue_client_visits.altegio_record_id AS revenue_client_visits_altegio_record_id, revenue_client_visits.last_visit_date AS revenue_client_visits_last_visit_date, revenue_client_visits.previous_visit_date AS revenue_client_visits_previous_visit_date, revenue_client_visits.services AS revenue_client_visits_services, revenue_client_visits.master AS revenue_client_visits_master, revenue_client_visits.amount AS revenue_client_visits_amount, revenue_client_visits.visit_status AS revenue_client_visits_visit_status, revenue_client_visits.raw_data AS revenue_client_visits_raw_data, revenue_client_visits.created_at AS revenue_client_visits_created_at, revenue_client_visits.updated_at AS revenue_client_visits_updated_at 
FROM revenue_client_visits 
WHERE revenue_client_visits.revenue_client_id = %(revenue_client_id_1)s::INTEGER ORDER BY revenue_client_visits.last_visit_date ASC, revenue_client_visits.id ASC
2026-08-01 12:20:17,522 INFO sqlalchemy.engine.Engine [cached since 21.52s ago] {'revenue_client_id_1': 113}
2026-08-01 12:20:17,847 INFO sqlalchemy.engine.Engine SELECT revenue_client_visits.id AS revenue_client_visits_id, revenue_client_visits.revenue_client_id AS revenue_client_visits_revenue_client_id, revenue_client_visits.altegio_record_id AS revenue_client_visits_altegio_record_id, revenue_client_visits.last_visit_date AS revenue_client_visits_last_visit_date, revenue_client_visits.previous_visit_date AS revenue_client_visits_previous_visit_date, revenue_client_visits.services AS revenue_client_visits_services, revenue_client_visits.master AS revenue_client_visits_master, revenue_client_visits.amount AS revenue_client_visits_amount, revenue_client_visits.visit_status AS revenue_client_visits_visit_status, revenue_client_visits.raw_data AS revenue_client_visits_raw_data, revenue_client_visits.created_at AS revenue_client_visits_created_at, revenue_client_visits.updated_at AS revenue_client_visits_updated_at 
FROM revenue_client_visits 
WHERE revenue_client_visits.altegio_record_id = %(altegio_record_id_1)s::INTEGER 
 LIMIT %(param_1)s::INTEGER
2026-08-01 12:20:17,847 INFO sqlalchemy.engine.Engine [cached since 21.86s ago] {'altegio_record_id_1': 621543857, 'param_1': 1}
2026-08-01 12:20:17,848 INFO sqlalchemy.engine.Engine SELECT revenue_client_visits.id AS revenue_client_visits_id, revenue_client_visits.revenue_client_id AS revenue_client_visits_revenue_client_id, revenue_client_visits.altegio_record_id AS revenue_client_visits_altegio_record_id, revenue_client_visits.last_visit_date AS revenue_client_visits_last_visit_date, revenue_client_visits.previous_visit_date AS revenue_client_visits_previous_visit_date, revenue_client_visits.services AS revenue_client_visits_services, revenue_client_visits.master AS revenue_client_visits_master, revenue_client_visits.amount AS revenue_client_visits_amount, revenue_client_visits.visit_status AS revenue_client_visits_visit_status, revenue_client_visits.raw_data AS revenue_client_visits_raw_data, revenue_client_visits.created_at AS revenue_client_visits_created_at, revenue_client_visits.updated_at AS revenue_client_visits_updated_at 
FROM revenue_client_visits 
WHERE revenue_client_visits.revenue_client_id = %(revenue_client_id_1)s::INTEGER ORDER BY revenue_client_visits.last_visit_date ASC, revenue_client_visits.id ASC
2026-08-01 12:20:17,848 INFO sqlalchemy.engine.Engine [cached since 21.85s ago] {'revenue_client_id_1': 115}
2026-08-01 12:20:18,019 INFO sqlalchemy.engine.Engine SELECT revenue_client_visits.id AS revenue_client_visits_id, revenue_client_visits.revenue_client_id AS revenue_client_visits_revenue_client_id, revenue_client_visits.altegio_record_id AS revenue_client_visits_altegio_record_id, revenue_client_visits.last_visit_date AS revenue_client_visits_last_visit_date, revenue_client_visits.previous_visit_date AS revenue_client_visits_previous_visit_date, revenue_client_visits.services AS revenue_client_visits_services, revenue_client_visits.master AS revenue_client_visits_master, revenue_client_visits.amount AS revenue_client_visits_amount, revenue_client_visits.visit_status AS revenue_client_visits_visit_status, revenue_client_visits.raw_data AS revenue_client_visits_raw_data, revenue_client_visits.created_at AS revenue_client_visits_created_at, revenue_client_visits.updated_at AS revenue_client_visits_updated_at 
FROM revenue_client_visits 
WHERE revenue_client_visits.altegio_record_id = %(altegio_record_id_1)s::INTEGER 
 LIMIT %(param_1)s::INTEGER
2026-08-01 12:20:18,019 INFO sqlalchemy.engine.Engine [cached since 22.03s ago] {'altegio_record_id_1': 621803753, 'param_1': 1}
2026-08-01 12:20:18,021 INFO sqlalchemy.engine.Engine SELECT revenue_client_visits.id AS revenue_client_visits_id, revenue_client_visits.revenue_client_id AS revenue_client_visits_revenue_client_id, revenue_client_visits.altegio_record_id AS revenue_client_visits_altegio_record_id, revenue_client_visits.last_visit_date AS revenue_client_visits_last_visit_date, revenue_client_visits.previous_visit_date AS revenue_client_visits_previous_visit_date, revenue_client_visits.services AS revenue_client_visits_services, revenue_client_visits.master AS revenue_client_visits_master, revenue_client_visits.amount AS revenue_client_visits_amount, revenue_client_visits.visit_status AS revenue_client_visits_visit_status, revenue_client_visits.raw_data AS revenue_client_visits_raw_data, revenue_client_visits.created_at AS revenue_client_visits_created_at, revenue_client_visits.updated_at AS revenue_client_visits_updated_at 
FROM revenue_client_visits 
WHERE revenue_client_visits.revenue_client_id = %(revenue_client_id_1)s::INTEGER ORDER BY revenue_client_visits.last_visit_date ASC, revenue_client_visits.id ASC
2026-08-01 12:20:18,021 INFO sqlalchemy.engine.Engine [cached since 22.02s ago] {'revenue_client_id_1': 116}
2026-08-01 12:20:18,189 INFO sqlalchemy.engine.Engine SELECT revenue_client_visits.id AS revenue_client_visits_id, revenue_client_visits.revenue_client_id AS revenue_client_visits_revenue_client_id, revenue_client_visits.altegio_record_id AS revenue_client_visits_altegio_record_id, revenue_client_visits.last_visit_date AS revenue_client_visits_last_visit_date, revenue_client_visits.previous_visit_date AS revenue_client_visits_previous_visit_date, revenue_client_visits.services AS revenue_client_visits_services, revenue_client_visits.master AS revenue_client_visits_master, revenue_client_visits.amount AS revenue_client_visits_amount, revenue_client_visits.visit_status AS revenue_client_visits_visit_status, revenue_client_visits.raw_data AS revenue_client_visits_raw_data, revenue_client_visits.created_at AS revenue_client_visits_created_at, revenue_client_visits.updated_at AS revenue_client_visits_updated_at 
FROM revenue_client_visits 
WHERE revenue_client_visits.altegio_record_id = %(altegio_record_id_1)s::INTEGER 
 LIMIT %(param_1)s::INTEGER
2026-08-01 12:20:18,189 INFO sqlalchemy.engine.Engine [cached since 22.2s ago] {'altegio_record_id_1': 621901509, 'param_1': 1}
2026-08-01 12:20:18,190 INFO sqlalchemy.engine.Engine SELECT revenue_client_visits.id AS revenue_client_visits_id, revenue_client_visits.revenue_client_id AS revenue_client_visits_revenue_client_id, revenue_client_visits.altegio_record_id AS revenue_client_visits_altegio_record_id, revenue_client_visits.last_visit_date AS revenue_client_visits_last_visit_date, revenue_client_visits.previous_visit_date AS revenue_client_visits_previous_visit_date, revenue_client_visits.services AS revenue_client_visits_services, revenue_client_visits.master AS revenue_client_visits_master, revenue_client_visits.amount AS revenue_client_visits_amount, revenue_client_visits.visit_status AS revenue_client_visits_visit_status, revenue_client_visits.raw_data AS revenue_client_visits_raw_data, revenue_client_visits.created_at AS revenue_client_visits_created_at, revenue_client_visits.updated_at AS revenue_client_visits_updated_at 
FROM revenue_client_visits 
WHERE revenue_client_visits.revenue_client_id = %(revenue_client_id_1)s::INTEGER ORDER BY revenue_client_visits.last_visit_date ASC, revenue_client_visits.id ASC
2026-08-01 12:20:18,190 INFO sqlalchemy.engine.Engine [cached since 22.19s ago] {'revenue_client_id_1': 117}
2026-08-01 12:20:18,370 INFO sqlalchemy.engine.Engine SELECT revenue_client_visits.id AS revenue_client_visits_id, revenue_client_visits.revenue_client_id AS revenue_client_visits_revenue_client_id, revenue_client_visits.altegio_record_id AS revenue_client_visits_altegio_record_id, revenue_client_visits.last_visit_date AS revenue_client_visits_last_visit_date, revenue_client_visits.previous_visit_date AS revenue_client_visits_previous_visit_date, revenue_client_visits.services AS revenue_client_visits_services, revenue_client_visits.master AS revenue_client_visits_master, revenue_client_visits.amount AS revenue_client_visits_amount, revenue_client_visits.visit_status AS revenue_client_visits_visit_status, revenue_client_visits.raw_data AS revenue_client_visits_raw_data, revenue_client_visits.created_at AS revenue_client_visits_created_at, revenue_client_visits.updated_at AS revenue_client_visits_updated_at 
FROM revenue_client_visits 
WHERE revenue_client_visits.altegio_record_id = %(altegio_record_id_1)s::INTEGER 
 LIMIT %(param_1)s::INTEGER
2026-08-01 12:20:18,370 INFO sqlalchemy.engine.Engine [cached since 22.38s ago] {'altegio_record_id_1': 652660612, 'param_1': 1}
2026-08-01 12:20:18,371 INFO sqlalchemy.engine.Engine SELECT revenue_client_visits.id AS revenue_client_visits_id, revenue_client_visits.revenue_client_id AS revenue_client_visits_revenue_client_id, revenue_client_visits.altegio_record_id AS revenue_client_visits_altegio_record_id, revenue_client_visits.last_visit_date AS revenue_client_visits_last_visit_date, revenue_client_visits.previous_visit_date AS revenue_client_visits_previous_visit_date, revenue_client_visits.services AS revenue_client_visits_services, revenue_client_visits.master AS revenue_client_visits_master, revenue_client_visits.amount AS revenue_client_visits_amount, revenue_client_visits.visit_status AS revenue_client_visits_visit_status, revenue_client_visits.raw_data AS revenue_client_visits_raw_data, revenue_client_visits.created_at AS revenue_client_visits_created_at, revenue_client_visits.updated_at AS revenue_client_visits_updated_at 
FROM revenue_client_visits 
WHERE revenue_client_visits.altegio_record_id = %(altegio_record_id_1)s::INTEGER 
 LIMIT %(param_1)s::INTEGER
2026-08-01 12:20:18,371 INFO sqlalchemy.engine.Engine [cached since 22.38s ago] {'altegio_record_id_1': 621902021, 'param_1': 1}
2026-08-01 12:20:18,372 INFO sqlalchemy.engine.Engine SELECT revenue_client_visits.id AS revenue_client_visits_id, revenue_client_visits.revenue_client_id AS revenue_client_visits_revenue_client_id, revenue_client_visits.altegio_record_id AS revenue_client_visits_altegio_record_id, revenue_client_visits.last_visit_date AS revenue_client_visits_last_visit_date, revenue_client_visits.previous_visit_date AS revenue_client_visits_previous_visit_date, revenue_client_visits.services AS revenue_client_visits_services, revenue_client_visits.master AS revenue_client_visits_master, revenue_client_visits.amount AS revenue_client_visits_amount, revenue_client_visits.visit_status AS revenue_client_visits_visit_status, revenue_client_visits.raw_data AS revenue_client_visits_raw_data, revenue_client_visits.created_at AS revenue_client_visits_created_at, revenue_client_visits.updated_at AS revenue_client_visits_updated_at 
FROM revenue_client_visits 
WHERE revenue_client_visits.revenue_client_id = %(revenue_client_id_1)s::INTEGER ORDER BY revenue_client_visits.last_visit_date ASC, revenue_client_visits.id ASC
2026-08-01 12:20:18,372 INFO sqlalchemy.engine.Engine [cached since 22.37s ago] {'revenue_client_id_1': 118}
2026-08-01 12:20:18,692 INFO sqlalchemy.engine.Engine SELECT revenue_client_visits.id AS revenue_client_visits_id, revenue_client_visits.revenue_client_id AS revenue_client_visits_revenue_client_id, revenue_client_visits.altegio_record_id AS revenue_client_visits_altegio_record_id, revenue_client_visits.last_visit_date AS revenue_client_visits_last_visit_date, revenue_client_visits.previous_visit_date AS revenue_client_visits_previous_visit_date, revenue_client_visits.services AS revenue_client_visits_services, revenue_client_visits.master AS revenue_client_visits_master, revenue_client_visits.amount AS revenue_client_visits_amount, revenue_client_visits.visit_status AS revenue_client_visits_visit_status, revenue_client_visits.raw_data AS revenue_client_visits_raw_data, revenue_client_visits.created_at AS revenue_client_visits_created_at, revenue_client_visits.updated_at AS revenue_client_visits_updated_at 
FROM revenue_client_visits 
WHERE revenue_client_visits.altegio_record_id = %(altegio_record_id_1)s::INTEGER 
 LIMIT %(param_1)s::INTEGER
2026-08-01 12:20:18,692 INFO sqlalchemy.engine.Engine [cached since 22.7s ago] {'altegio_record_id_1': 637273029, 'param_1': 1}
2026-08-01 12:20:18,693 INFO sqlalchemy.engine.Engine SELECT revenue_client_visits.id AS revenue_client_visits_id, revenue_client_visits.revenue_client_id AS revenue_client_visits_revenue_client_id, revenue_client_visits.altegio_record_id AS revenue_client_visits_altegio_record_id, revenue_client_visits.last_visit_date AS revenue_client_visits_last_visit_date, revenue_client_visits.previous_visit_date AS revenue_client_visits_previous_visit_date, revenue_client_visits.services AS revenue_client_visits_services, revenue_client_visits.master AS revenue_client_visits_master, revenue_client_visits.amount AS revenue_client_visits_amount, revenue_client_visits.visit_status AS revenue_client_visits_visit_status, revenue_client_visits.raw_data AS revenue_client_visits_raw_data, revenue_client_visits.created_at AS revenue_client_visits_created_at, revenue_client_visits.updated_at AS revenue_client_visits_updated_at 
FROM revenue_client_visits 
WHERE revenue_client_visits.revenue_client_id = %(revenue_client_id_1)s::INTEGER ORDER BY revenue_client_visits.last_visit_date ASC, revenue_client_visits.id ASC
2026-08-01 12:20:18,694 INFO sqlalchemy.engine.Engine [cached since 22.69s ago] {'revenue_client_id_1': 231}
2026-08-01 12:20:18,867 INFO sqlalchemy.engine.Engine SELECT revenue_client_visits.id AS revenue_client_visits_id, revenue_client_visits.revenue_client_id AS revenue_client_visits_revenue_client_id, revenue_client_visits.altegio_record_id AS revenue_client_visits_altegio_record_id, revenue_client_visits.last_visit_date AS revenue_client_visits_last_visit_date, revenue_client_visits.previous_visit_date AS revenue_client_visits_previous_visit_date, revenue_client_visits.services AS revenue_client_visits_services, revenue_client_visits.master AS revenue_client_visits_master, revenue_client_visits.amount AS revenue_client_visits_amount, revenue_client_visits.visit_status AS revenue_client_visits_visit_status, revenue_client_visits.raw_data AS revenue_client_visits_raw_data, revenue_client_visits.created_at AS revenue_client_visits_created_at, revenue_client_visits.updated_at AS revenue_client_visits_updated_at 
FROM revenue_client_visits 
WHERE revenue_client_visits.altegio_record_id = %(altegio_record_id_1)s::INTEGER 
 LIMIT %(param_1)s::INTEGER
2026-08-01 12:20:18,867 INFO sqlalchemy.engine.Engine [cached since 22.88s ago] {'altegio_record_id_1': 622012709, 'param_1': 1}
2026-08-01 12:20:18,868 INFO sqlalchemy.engine.Engine SELECT revenue_client_visits.id AS revenue_client_visits_id, revenue_client_visits.revenue_client_id AS revenue_client_visits_revenue_client_id, revenue_client_visits.altegio_record_id AS revenue_client_visits_altegio_record_id, revenue_client_visits.last_visit_date AS revenue_client_visits_last_visit_date, revenue_client_visits.previous_visit_date AS revenue_client_visits_previous_visit_date, revenue_client_visits.services AS revenue_client_visits_services, revenue_client_visits.master AS revenue_client_visits_master, revenue_client_visits.amount AS revenue_client_visits_amount, revenue_client_visits.visit_status AS revenue_client_visits_visit_status, revenue_client_visits.raw_data AS revenue_client_visits_raw_data, revenue_client_visits.created_at AS revenue_client_visits_created_at, revenue_client_visits.updated_at AS revenue_client_visits_updated_at 
FROM revenue_client_visits 
WHERE revenue_client_visits.revenue_client_id = %(revenue_client_id_1)s::INTEGER ORDER BY revenue_client_visits.last_visit_date ASC, revenue_client_visits.id ASC
2026-08-01 12:20:18,868 INFO sqlalchemy.engine.Engine [cached since 22.87s ago] {'revenue_client_id_1': 120}
2026-08-01 12:20:19,048 INFO sqlalchemy.engine.Engine SELECT revenue_client_visits.id AS revenue_client_visits_id, revenue_client_visits.revenue_client_id AS revenue_client_visits_revenue_client_id, revenue_client_visits.altegio_record_id AS revenue_client_visits_altegio_record_id, revenue_client_visits.last_visit_date AS revenue_client_visits_last_visit_date, revenue_client_visits.previous_visit_date AS revenue_client_visits_previous_visit_date, revenue_client_visits.services AS revenue_client_visits_services, revenue_client_visits.master AS revenue_client_visits_master, revenue_client_visits.amount AS revenue_client_visits_amount, revenue_client_visits.visit_status AS revenue_client_visits_visit_status, revenue_client_visits.raw_data AS revenue_client_visits_raw_data, revenue_client_visits.created_at AS revenue_client_visits_created_at, revenue_client_visits.updated_at AS revenue_client_visits_updated_at 
FROM revenue_client_visits 
WHERE revenue_client_visits.altegio_record_id = %(altegio_record_id_1)s::INTEGER 
 LIMIT %(param_1)s::INTEGER
2026-08-01 12:20:19,048 INFO sqlalchemy.engine.Engine [cached since 23.06s ago] {'altegio_record_id_1': 647760777, 'param_1': 1}
2026-08-01 12:20:19,050 INFO sqlalchemy.engine.Engine SELECT revenue_client_visits.id AS revenue_client_visits_id, revenue_client_visits.revenue_client_id AS revenue_client_visits_revenue_client_id, revenue_client_visits.altegio_record_id AS revenue_client_visits_altegio_record_id, revenue_client_visits.last_visit_date AS revenue_client_visits_last_visit_date, revenue_client_visits.previous_visit_date AS revenue_client_visits_previous_visit_date, revenue_client_visits.services AS revenue_client_visits_services, revenue_client_visits.master AS revenue_client_visits_master, revenue_client_visits.amount AS revenue_client_visits_amount, revenue_client_visits.visit_status AS revenue_client_visits_visit_status, revenue_client_visits.raw_data AS revenue_client_visits_raw_data, revenue_client_visits.created_at AS revenue_client_visits_created_at, revenue_client_visits.updated_at AS revenue_client_visits_updated_at 
FROM revenue_client_visits 
WHERE revenue_client_visits.altegio_record_id = %(altegio_record_id_1)s::INTEGER 
 LIMIT %(param_1)s::INTEGER
2026-08-01 12:20:19,050 INFO sqlalchemy.engine.Engine [cached since 23.06s ago] {'altegio_record_id_1': 631953337, 'param_1': 1}
2026-08-01 12:20:19,051 INFO sqlalchemy.engine.Engine SELECT revenue_client_visits.id AS revenue_client_visits_id, revenue_client_visits.revenue_client_id AS revenue_client_visits_revenue_client_id, revenue_client_visits.altegio_record_id AS revenue_client_visits_altegio_record_id, revenue_client_visits.last_visit_date AS revenue_client_visits_last_visit_date, revenue_client_visits.previous_visit_date AS revenue_client_visits_previous_visit_date, revenue_client_visits.services AS revenue_client_visits_services, revenue_client_visits.master AS revenue_client_visits_master, revenue_client_visits.amount AS revenue_client_visits_amount, revenue_client_visits.visit_status AS revenue_client_visits_visit_status, revenue_client_visits.raw_data AS revenue_client_visits_raw_data, revenue_client_visits.created_at AS revenue_client_visits_created_at, revenue_client_visits.updated_at AS revenue_client_visits_updated_at 
FROM revenue_client_visits 
WHERE revenue_client_visits.altegio_record_id = %(altegio_record_id_1)s::INTEGER 
 LIMIT %(param_1)s::INTEGER
2026-08-01 12:20:19,051 INFO sqlalchemy.engine.Engine [cached since 23.06s ago] {'altegio_record_id_1': 622845305, 'param_1': 1}
2026-08-01 12:20:19,052 INFO sqlalchemy.engine.Engine SELECT revenue_client_visits.id AS revenue_client_visits_id, revenue_client_visits.revenue_client_id AS revenue_client_visits_revenue_client_id, revenue_client_visits.altegio_record_id AS revenue_client_visits_altegio_record_id, revenue_client_visits.last_visit_date AS revenue_client_visits_last_visit_date, revenue_client_visits.previous_visit_date AS revenue_client_visits_previous_visit_date, revenue_client_visits.services AS revenue_client_visits_services, revenue_client_visits.master AS revenue_client_visits_master, revenue_client_visits.amount AS revenue_client_visits_amount, revenue_client_visits.visit_status AS revenue_client_visits_visit_status, revenue_client_visits.raw_data AS revenue_client_visits_raw_data, revenue_client_visits.created_at AS revenue_client_visits_created_at, revenue_client_visits.updated_at AS revenue_client_visits_updated_at 
FROM revenue_client_visits 
WHERE revenue_client_visits.revenue_client_id = %(revenue_client_id_1)s::INTEGER ORDER BY revenue_client_visits.last_visit_date ASC, revenue_client_visits.id ASC
2026-08-01 12:20:19,052 INFO sqlalchemy.engine.Engine [cached since 23.05s ago] {'revenue_client_id_1': 121}
2026-08-01 12:20:19,391 INFO sqlalchemy.engine.Engine SELECT revenue_client_visits.id AS revenue_client_visits_id, revenue_client_visits.revenue_client_id AS revenue_client_visits_revenue_client_id, revenue_client_visits.altegio_record_id AS revenue_client_visits_altegio_record_id, revenue_client_visits.last_visit_date AS revenue_client_visits_last_visit_date, revenue_client_visits.previous_visit_date AS revenue_client_visits_previous_visit_date, revenue_client_visits.services AS revenue_client_visits_services, revenue_client_visits.master AS revenue_client_visits_master, revenue_client_visits.amount AS revenue_client_visits_amount, revenue_client_visits.visit_status AS revenue_client_visits_visit_status, revenue_client_visits.raw_data AS revenue_client_visits_raw_data, revenue_client_visits.created_at AS revenue_client_visits_created_at, revenue_client_visits.updated_at AS revenue_client_visits_updated_at 
FROM revenue_client_visits 
WHERE revenue_client_visits.altegio_record_id = %(altegio_record_id_1)s::INTEGER 
 LIMIT %(param_1)s::INTEGER
2026-08-01 12:20:19,391 INFO sqlalchemy.engine.Engine [cached since 23.4s ago] {'altegio_record_id_1': 623197637, 'param_1': 1}
2026-08-01 12:20:19,392 INFO sqlalchemy.engine.Engine SELECT revenue_client_visits.id AS revenue_client_visits_id, revenue_client_visits.revenue_client_id AS revenue_client_visits_revenue_client_id, revenue_client_visits.altegio_record_id AS revenue_client_visits_altegio_record_id, revenue_client_visits.last_visit_date AS revenue_client_visits_last_visit_date, revenue_client_visits.previous_visit_date AS revenue_client_visits_previous_visit_date, revenue_client_visits.services AS revenue_client_visits_services, revenue_client_visits.master AS revenue_client_visits_master, revenue_client_visits.amount AS revenue_client_visits_amount, revenue_client_visits.visit_status AS revenue_client_visits_visit_status, revenue_client_visits.raw_data AS revenue_client_visits_raw_data, revenue_client_visits.created_at AS revenue_client_visits_created_at, revenue_client_visits.updated_at AS revenue_client_visits_updated_at 
FROM revenue_client_visits 
WHERE revenue_client_visits.revenue_client_id = %(revenue_client_id_1)s::INTEGER ORDER BY revenue_client_visits.last_visit_date ASC, revenue_client_visits.id ASC
2026-08-01 12:20:19,392 INFO sqlalchemy.engine.Engine [cached since 23.39s ago] {'revenue_client_id_1': 123}
2026-08-01 12:20:19,576 INFO sqlalchemy.engine.Engine SELECT revenue_client_visits.id AS revenue_client_visits_id, revenue_client_visits.revenue_client_id AS revenue_client_visits_revenue_client_id, revenue_client_visits.altegio_record_id AS revenue_client_visits_altegio_record_id, revenue_client_visits.last_visit_date AS revenue_client_visits_last_visit_date, revenue_client_visits.previous_visit_date AS revenue_client_visits_previous_visit_date, revenue_client_visits.services AS revenue_client_visits_services, revenue_client_visits.master AS revenue_client_visits_master, revenue_client_visits.amount AS revenue_client_visits_amount, revenue_client_visits.visit_status AS revenue_client_visits_visit_status, revenue_client_visits.raw_data AS revenue_client_visits_raw_data, revenue_client_visits.created_at AS revenue_client_visits_created_at, revenue_client_visits.updated_at AS revenue_client_visits_updated_at 
FROM revenue_client_visits 
WHERE revenue_client_visits.altegio_record_id = %(altegio_record_id_1)s::INTEGER 
 LIMIT %(param_1)s::INTEGER
2026-08-01 12:20:19,577 INFO sqlalchemy.engine.Engine [cached since 23.59s ago] {'altegio_record_id_1': 623200400, 'param_1': 1}
2026-08-01 12:20:19,578 INFO sqlalchemy.engine.Engine SELECT revenue_client_visits.id AS revenue_client_visits_id, revenue_client_visits.revenue_client_id AS revenue_client_visits_revenue_client_id, revenue_client_visits.altegio_record_id AS revenue_client_visits_altegio_record_id, revenue_client_visits.last_visit_date AS revenue_client_visits_last_visit_date, revenue_client_visits.previous_visit_date AS revenue_client_visits_previous_visit_date, revenue_client_visits.services AS revenue_client_visits_services, revenue_client_visits.master AS revenue_client_visits_master, revenue_client_visits.amount AS revenue_client_visits_amount, revenue_client_visits.visit_status AS revenue_client_visits_visit_status, revenue_client_visits.raw_data AS revenue_client_visits_raw_data, revenue_client_visits.created_at AS revenue_client_visits_created_at, revenue_client_visits.updated_at AS revenue_client_visits_updated_at 
FROM revenue_client_visits 
WHERE revenue_client_visits.revenue_client_id = %(revenue_client_id_1)s::INTEGER ORDER BY revenue_client_visits.last_visit_date ASC, revenue_client_visits.id ASC
2026-08-01 12:20:19,578 INFO sqlalchemy.engine.Engine [cached since 23.58s ago] {'revenue_client_id_1': 124}
2026-08-01 12:20:19,923 INFO sqlalchemy.engine.Engine SELECT revenue_client_visits.id AS revenue_client_visits_id, revenue_client_visits.revenue_client_id AS revenue_client_visits_revenue_client_id, revenue_client_visits.altegio_record_id AS revenue_client_visits_altegio_record_id, revenue_client_visits.last_visit_date AS revenue_client_visits_last_visit_date, revenue_client_visits.previous_visit_date AS revenue_client_visits_previous_visit_date, revenue_client_visits.services AS revenue_client_visits_services, revenue_client_visits.master AS revenue_client_visits_master, revenue_client_visits.amount AS revenue_client_visits_amount, revenue_client_visits.visit_status AS revenue_client_visits_visit_status, revenue_client_visits.raw_data AS revenue_client_visits_raw_data, revenue_client_visits.created_at AS revenue_client_visits_created_at, revenue_client_visits.updated_at AS revenue_client_visits_updated_at 
FROM revenue_client_visits 
WHERE revenue_client_visits.altegio_record_id = %(altegio_record_id_1)s::INTEGER 
 LIMIT %(param_1)s::INTEGER
2026-08-01 12:20:19,923 INFO sqlalchemy.engine.Engine [cached since 23.93s ago] {'altegio_record_id_1': 623294814, 'param_1': 1}
2026-08-01 12:20:19,925 INFO sqlalchemy.engine.Engine SELECT revenue_client_visits.id AS revenue_client_visits_id, revenue_client_visits.revenue_client_id AS revenue_client_visits_revenue_client_id, revenue_client_visits.altegio_record_id AS revenue_client_visits_altegio_record_id, revenue_client_visits.last_visit_date AS revenue_client_visits_last_visit_date, revenue_client_visits.previous_visit_date AS revenue_client_visits_previous_visit_date, revenue_client_visits.services AS revenue_client_visits_services, revenue_client_visits.master AS revenue_client_visits_master, revenue_client_visits.amount AS revenue_client_visits_amount, revenue_client_visits.visit_status AS revenue_client_visits_visit_status, revenue_client_visits.raw_data AS revenue_client_visits_raw_data, revenue_client_visits.created_at AS revenue_client_visits_created_at, revenue_client_visits.updated_at AS revenue_client_visits_updated_at 
FROM revenue_client_visits 
WHERE revenue_client_visits.revenue_client_id = %(revenue_client_id_1)s::INTEGER ORDER BY revenue_client_visits.last_visit_date ASC, revenue_client_visits.id ASC
2026-08-01 12:20:19,925 INFO sqlalchemy.engine.Engine [cached since 23.92s ago] {'revenue_client_id_1': 126}
2026-08-01 12:20:20,105 INFO sqlalchemy.engine.Engine SELECT revenue_client_visits.id AS revenue_client_visits_id, revenue_client_visits.revenue_client_id AS revenue_client_visits_revenue_client_id, revenue_client_visits.altegio_record_id AS revenue_client_visits_altegio_record_id, revenue_client_visits.last_visit_date AS revenue_client_visits_last_visit_date, revenue_client_visits.previous_visit_date AS revenue_client_visits_previous_visit_date, revenue_client_visits.services AS revenue_client_visits_services, revenue_client_visits.master AS revenue_client_visits_master, revenue_client_visits.amount AS revenue_client_visits_amount, revenue_client_visits.visit_status AS revenue_client_visits_visit_status, revenue_client_visits.raw_data AS revenue_client_visits_raw_data, revenue_client_visits.created_at AS revenue_client_visits_created_at, revenue_client_visits.updated_at AS revenue_client_visits_updated_at 
FROM revenue_client_visits 
WHERE revenue_client_visits.altegio_record_id = %(altegio_record_id_1)s::INTEGER 
 LIMIT %(param_1)s::INTEGER
2026-08-01 12:20:20,106 INFO sqlalchemy.engine.Engine [cached since 24.11s ago] {'altegio_record_id_1': 623347711, 'param_1': 1}
2026-08-01 12:20:20,107 INFO sqlalchemy.engine.Engine SELECT revenue_client_visits.id AS revenue_client_visits_id, revenue_client_visits.revenue_client_id AS revenue_client_visits_revenue_client_id, revenue_client_visits.altegio_record_id AS revenue_client_visits_altegio_record_id, revenue_client_visits.last_visit_date AS revenue_client_visits_last_visit_date, revenue_client_visits.previous_visit_date AS revenue_client_visits_previous_visit_date, revenue_client_visits.services AS revenue_client_visits_services, revenue_client_visits.master AS revenue_client_visits_master, revenue_client_visits.amount AS revenue_client_visits_amount, revenue_client_visits.visit_status AS revenue_client_visits_visit_status, revenue_client_visits.raw_data AS revenue_client_visits_raw_data, revenue_client_visits.created_at AS revenue_client_visits_created_at, revenue_client_visits.updated_at AS revenue_client_visits_updated_at 
FROM revenue_client_visits 
WHERE revenue_client_visits.revenue_client_id = %(revenue_client_id_1)s::INTEGER ORDER BY revenue_client_visits.last_visit_date ASC, revenue_client_visits.id ASC
2026-08-01 12:20:20,107 INFO sqlalchemy.engine.Engine [cached since 24.11s ago] {'revenue_client_id_1': 127}
2026-08-01 12:20:20,522 INFO sqlalchemy.engine.Engine SELECT revenue_client_visits.id AS revenue_client_visits_id, revenue_client_visits.revenue_client_id AS revenue_client_visits_revenue_client_id, revenue_client_visits.altegio_record_id AS revenue_client_visits_altegio_record_id, revenue_client_visits.last_visit_date AS revenue_client_visits_last_visit_date, revenue_client_visits.previous_visit_date AS revenue_client_visits_previous_visit_date, revenue_client_visits.services AS revenue_client_visits_services, revenue_client_visits.master AS revenue_client_visits_master, revenue_client_visits.amount AS revenue_client_visits_amount, revenue_client_visits.visit_status AS revenue_client_visits_visit_status, revenue_client_visits.raw_data AS revenue_client_visits_raw_data, revenue_client_visits.created_at AS revenue_client_visits_created_at, revenue_client_visits.updated_at AS revenue_client_visits_updated_at 
FROM revenue_client_visits 
WHERE revenue_client_visits.altegio_record_id = %(altegio_record_id_1)s::INTEGER 
 LIMIT %(param_1)s::INTEGER
2026-08-01 12:20:20,522 INFO sqlalchemy.engine.Engine [cached since 24.53s ago] {'altegio_record_id_1': 626689252, 'param_1': 1}
2026-08-01 12:20:20,524 INFO sqlalchemy.engine.Engine SELECT revenue_client_visits.id AS revenue_client_visits_id, revenue_client_visits.revenue_client_id AS revenue_client_visits_revenue_client_id, revenue_client_visits.altegio_record_id AS revenue_client_visits_altegio_record_id, revenue_client_visits.last_visit_date AS revenue_client_visits_last_visit_date, revenue_client_visits.previous_visit_date AS revenue_client_visits_previous_visit_date, revenue_client_visits.services AS revenue_client_visits_services, revenue_client_visits.master AS revenue_client_visits_master, revenue_client_visits.amount AS revenue_client_visits_amount, revenue_client_visits.visit_status AS revenue_client_visits_visit_status, revenue_client_visits.raw_data AS revenue_client_visits_raw_data, revenue_client_visits.created_at AS revenue_client_visits_created_at, revenue_client_visits.updated_at AS revenue_client_visits_updated_at 
FROM revenue_client_visits 
WHERE revenue_client_visits.revenue_client_id = %(revenue_client_id_1)s::INTEGER ORDER BY revenue_client_visits.last_visit_date ASC, revenue_client_visits.id ASC
2026-08-01 12:20:20,524 INFO sqlalchemy.engine.Engine [cached since 24.52s ago] {'revenue_client_id_1': 157}
2026-08-01 12:20:20,724 INFO sqlalchemy.engine.Engine SELECT revenue_client_visits.id AS revenue_client_visits_id, revenue_client_visits.revenue_client_id AS revenue_client_visits_revenue_client_id, revenue_client_visits.altegio_record_id AS revenue_client_visits_altegio_record_id, revenue_client_visits.last_visit_date AS revenue_client_visits_last_visit_date, revenue_client_visits.previous_visit_date AS revenue_client_visits_previous_visit_date, revenue_client_visits.services AS revenue_client_visits_services, revenue_client_visits.master AS revenue_client_visits_master, revenue_client_visits.amount AS revenue_client_visits_amount, revenue_client_visits.visit_status AS revenue_client_visits_visit_status, revenue_client_visits.raw_data AS revenue_client_visits_raw_data, revenue_client_visits.created_at AS revenue_client_visits_created_at, revenue_client_visits.updated_at AS revenue_client_visits_updated_at 
FROM revenue_client_visits 
WHERE revenue_client_visits.altegio_record_id = %(altegio_record_id_1)s::INTEGER 
 LIMIT %(param_1)s::INTEGER
2026-08-01 12:20:20,724 INFO sqlalchemy.engine.Engine [cached since 24.73s ago] {'altegio_record_id_1': 631787251, 'param_1': 1}
2026-08-01 12:20:20,726 INFO sqlalchemy.engine.Engine SELECT revenue_client_visits.id AS revenue_client_visits_id, revenue_client_visits.revenue_client_id AS revenue_client_visits_revenue_client_id, revenue_client_visits.altegio_record_id AS revenue_client_visits_altegio_record_id, revenue_client_visits.last_visit_date AS revenue_client_visits_last_visit_date, revenue_client_visits.previous_visit_date AS revenue_client_visits_previous_visit_date, revenue_client_visits.services AS revenue_client_visits_services, revenue_client_visits.master AS revenue_client_visits_master, revenue_client_visits.amount AS revenue_client_visits_amount, revenue_client_visits.visit_status AS revenue_client_visits_visit_status, revenue_client_visits.raw_data AS revenue_client_visits_raw_data, revenue_client_visits.created_at AS revenue_client_visits_created_at, revenue_client_visits.updated_at AS revenue_client_visits_updated_at 
FROM revenue_client_visits 
WHERE revenue_client_visits.altegio_record_id = %(altegio_record_id_1)s::INTEGER 
 LIMIT %(param_1)s::INTEGER
2026-08-01 12:20:20,726 INFO sqlalchemy.engine.Engine [cached since 24.73s ago] {'altegio_record_id_1': 623577783, 'param_1': 1}
2026-08-01 12:20:20,728 INFO sqlalchemy.engine.Engine SELECT revenue_client_visits.id AS revenue_client_visits_id, revenue_client_visits.revenue_client_id AS revenue_client_visits_revenue_client_id, revenue_client_visits.altegio_record_id AS revenue_client_visits_altegio_record_id, revenue_client_visits.last_visit_date AS revenue_client_visits_last_visit_date, revenue_client_visits.previous_visit_date AS revenue_client_visits_previous_visit_date, revenue_client_visits.services AS revenue_client_visits_services, revenue_client_visits.master AS revenue_client_visits_master, revenue_client_visits.amount AS revenue_client_visits_amount, revenue_client_visits.visit_status AS revenue_client_visits_visit_status, revenue_client_visits.raw_data AS revenue_client_visits_raw_data, revenue_client_visits.created_at AS revenue_client_visits_created_at, revenue_client_visits.updated_at AS revenue_client_visits_updated_at 
FROM revenue_client_visits 
WHERE revenue_client_visits.revenue_client_id = %(revenue_client_id_1)s::INTEGER ORDER BY revenue_client_visits.last_visit_date ASC, revenue_client_visits.id ASC
2026-08-01 12:20:20,728 INFO sqlalchemy.engine.Engine [cached since 24.73s ago] {'revenue_client_id_1': 129}
2026-08-01 12:20:21,348 INFO sqlalchemy.engine.Engine SELECT revenue_client_visits.id AS revenue_client_visits_id, revenue_client_visits.revenue_client_id AS revenue_client_visits_revenue_client_id, revenue_client_visits.altegio_record_id AS revenue_client_visits_altegio_record_id, revenue_client_visits.last_visit_date AS revenue_client_visits_last_visit_date, revenue_client_visits.previous_visit_date AS revenue_client_visits_previous_visit_date, revenue_client_visits.services AS revenue_client_visits_services, revenue_client_visits.master AS revenue_client_visits_master, revenue_client_visits.amount AS revenue_client_visits_amount, revenue_client_visits.visit_status AS revenue_client_visits_visit_status, revenue_client_visits.raw_data AS revenue_client_visits_raw_data, revenue_client_visits.created_at AS revenue_client_visits_created_at, revenue_client_visits.updated_at AS revenue_client_visits_updated_at 
FROM revenue_client_visits 
WHERE revenue_client_visits.altegio_record_id = %(altegio_record_id_1)s::INTEGER 
 LIMIT %(param_1)s::INTEGER
2026-08-01 12:20:21,348 INFO sqlalchemy.engine.Engine [cached since 25.36s ago] {'altegio_record_id_1': 637407237, 'param_1': 1}
2026-08-01 12:20:21,350 INFO sqlalchemy.engine.Engine SELECT revenue_client_visits.id AS revenue_client_visits_id, revenue_client_visits.revenue_client_id AS revenue_client_visits_revenue_client_id, revenue_client_visits.altegio_record_id AS revenue_client_visits_altegio_record_id, revenue_client_visits.last_visit_date AS revenue_client_visits_last_visit_date, revenue_client_visits.previous_visit_date AS revenue_client_visits_previous_visit_date, revenue_client_visits.services AS revenue_client_visits_services, revenue_client_visits.master AS revenue_client_visits_master, revenue_client_visits.amount AS revenue_client_visits_amount, revenue_client_visits.visit_status AS revenue_client_visits_visit_status, revenue_client_visits.raw_data AS revenue_client_visits_raw_data, revenue_client_visits.created_at AS revenue_client_visits_created_at, revenue_client_visits.updated_at AS revenue_client_visits_updated_at 
FROM revenue_client_visits 
WHERE revenue_client_visits.altegio_record_id = %(altegio_record_id_1)s::INTEGER 
 LIMIT %(param_1)s::INTEGER
2026-08-01 12:20:21,350 INFO sqlalchemy.engine.Engine [cached since 25.36s ago] {'altegio_record_id_1': 623945482, 'param_1': 1}
2026-08-01 12:20:21,351 INFO sqlalchemy.engine.Engine SELECT revenue_client_visits.id AS revenue_client_visits_id, revenue_client_visits.revenue_client_id AS revenue_client_visits_revenue_client_id, revenue_client_visits.altegio_record_id AS revenue_client_visits_altegio_record_id, revenue_client_visits.last_visit_date AS revenue_client_visits_last_visit_date, revenue_client_visits.previous_visit_date AS revenue_client_visits_previous_visit_date, revenue_client_visits.services AS revenue_client_visits_services, revenue_client_visits.master AS revenue_client_visits_master, revenue_client_visits.amount AS revenue_client_visits_amount, revenue_client_visits.visit_status AS revenue_client_visits_visit_status, revenue_client_visits.raw_data AS revenue_client_visits_raw_data, revenue_client_visits.created_at AS revenue_client_visits_created_at, revenue_client_visits.updated_at AS revenue_client_visits_updated_at 
FROM revenue_client_visits 
WHERE revenue_client_visits.revenue_client_id = %(revenue_client_id_1)s::INTEGER ORDER BY revenue_client_visits.last_visit_date ASC, revenue_client_visits.id ASC
2026-08-01 12:20:21,351 INFO sqlalchemy.engine.Engine [cached since 25.35s ago] {'revenue_client_id_1': 133}
2026-08-01 12:20:21,531 INFO sqlalchemy.engine.Engine SELECT revenue_client_visits.id AS revenue_client_visits_id, revenue_client_visits.revenue_client_id AS revenue_client_visits_revenue_client_id, revenue_client_visits.altegio_record_id AS revenue_client_visits_altegio_record_id, revenue_client_visits.last_visit_date AS revenue_client_visits_last_visit_date, revenue_client_visits.previous_visit_date AS revenue_client_visits_previous_visit_date, revenue_client_visits.services AS revenue_client_visits_services, revenue_client_visits.master AS revenue_client_visits_master, revenue_client_visits.amount AS revenue_client_visits_amount, revenue_client_visits.visit_status AS revenue_client_visits_visit_status, revenue_client_visits.raw_data AS revenue_client_visits_raw_data, revenue_client_visits.created_at AS revenue_client_visits_created_at, revenue_client_visits.updated_at AS revenue_client_visits_updated_at 
FROM revenue_client_visits 
WHERE revenue_client_visits.altegio_record_id = %(altegio_record_id_1)s::INTEGER 
 LIMIT %(param_1)s::INTEGER
2026-08-01 12:20:21,531 INFO sqlalchemy.engine.Engine [cached since 25.54s ago] {'altegio_record_id_1': 626550901, 'param_1': 1}
2026-08-01 12:20:21,533 INFO sqlalchemy.engine.Engine SELECT revenue_client_visits.id AS revenue_client_visits_id, revenue_client_visits.revenue_client_id AS revenue_client_visits_revenue_client_id, revenue_client_visits.altegio_record_id AS revenue_client_visits_altegio_record_id, revenue_client_visits.last_visit_date AS revenue_client_visits_last_visit_date, revenue_client_visits.previous_visit_date AS revenue_client_visits_previous_visit_date, revenue_client_visits.services AS revenue_client_visits_services, revenue_client_visits.master AS revenue_client_visits_master, revenue_client_visits.amount AS revenue_client_visits_amount, revenue_client_visits.visit_status AS revenue_client_visits_visit_status, revenue_client_visits.raw_data AS revenue_client_visits_raw_data, revenue_client_visits.created_at AS revenue_client_visits_created_at, revenue_client_visits.updated_at AS revenue_client_visits_updated_at 
FROM revenue_client_visits 
WHERE revenue_client_visits.altegio_record_id = %(altegio_record_id_1)s::INTEGER 
 LIMIT %(param_1)s::INTEGER
2026-08-01 12:20:21,533 INFO sqlalchemy.engine.Engine [cached since 25.54s ago] {'altegio_record_id_1': 626498128, 'param_1': 1}
2026-08-01 12:20:21,534 INFO sqlalchemy.engine.Engine SELECT revenue_client_visits.id AS revenue_client_visits_id, revenue_client_visits.revenue_client_id AS revenue_client_visits_revenue_client_id, revenue_client_visits.altegio_record_id AS revenue_client_visits_altegio_record_id, revenue_client_visits.last_visit_date AS revenue_client_visits_last_visit_date, revenue_client_visits.previous_visit_date AS revenue_client_visits_previous_visit_date, revenue_client_visits.services AS revenue_client_visits_services, revenue_client_visits.master AS revenue_client_visits_master, revenue_client_visits.amount AS revenue_client_visits_amount, revenue_client_visits.visit_status AS revenue_client_visits_visit_status, revenue_client_visits.raw_data AS revenue_client_visits_raw_data, revenue_client_visits.created_at AS revenue_client_visits_created_at, revenue_client_visits.updated_at AS revenue_client_visits_updated_at 
FROM revenue_client_visits 
WHERE revenue_client_visits.altegio_record_id = %(altegio_record_id_1)s::INTEGER 
 LIMIT %(param_1)s::INTEGER
2026-08-01 12:20:21,534 INFO sqlalchemy.engine.Engine [cached since 25.54s ago] {'altegio_record_id_1': 623948098, 'param_1': 1}
2026-08-01 12:20:21,535 INFO sqlalchemy.engine.Engine SELECT revenue_client_visits.id AS revenue_client_visits_id, revenue_client_visits.revenue_client_id AS revenue_client_visits_revenue_client_id, revenue_client_visits.altegio_record_id AS revenue_client_visits_altegio_record_id, revenue_client_visits.last_visit_date AS revenue_client_visits_last_visit_date, revenue_client_visits.previous_visit_date AS revenue_client_visits_previous_visit_date, revenue_client_visits.services AS revenue_client_visits_services, revenue_client_visits.master AS revenue_client_visits_master, revenue_client_visits.amount AS revenue_client_visits_amount, revenue_client_visits.visit_status AS revenue_client_visits_visit_status, revenue_client_visits.raw_data AS revenue_client_visits_raw_data, revenue_client_visits.created_at AS revenue_client_visits_created_at, revenue_client_visits.updated_at AS revenue_client_visits_updated_at 
FROM revenue_client_visits 
WHERE revenue_client_visits.revenue_client_id = %(revenue_client_id_1)s::INTEGER ORDER BY revenue_client_visits.last_visit_date ASC, revenue_client_visits.id ASC
2026-08-01 12:20:21,535 INFO sqlalchemy.engine.Engine [cached since 25.53s ago] {'revenue_client_id_1': 134}
2026-08-01 12:20:21,701 INFO sqlalchemy.engine.Engine SELECT revenue_client_visits.id AS revenue_client_visits_id, revenue_client_visits.revenue_client_id AS revenue_client_visits_revenue_client_id, revenue_client_visits.altegio_record_id AS revenue_client_visits_altegio_record_id, revenue_client_visits.last_visit_date AS revenue_client_visits_last_visit_date, revenue_client_visits.previous_visit_date AS revenue_client_visits_previous_visit_date, revenue_client_visits.services AS revenue_client_visits_services, revenue_client_visits.master AS revenue_client_visits_master, revenue_client_visits.amount AS revenue_client_visits_amount, revenue_client_visits.visit_status AS revenue_client_visits_visit_status, revenue_client_visits.raw_data AS revenue_client_visits_raw_data, revenue_client_visits.created_at AS revenue_client_visits_created_at, revenue_client_visits.updated_at AS revenue_client_visits_updated_at 
FROM revenue_client_visits 
WHERE revenue_client_visits.altegio_record_id = %(altegio_record_id_1)s::INTEGER 
 LIMIT %(param_1)s::INTEGER
2026-08-01 12:20:21,701 INFO sqlalchemy.engine.Engine [cached since 25.71s ago] {'altegio_record_id_1': 624261924, 'param_1': 1}
2026-08-01 12:20:21,703 INFO sqlalchemy.engine.Engine SELECT revenue_client_visits.id AS revenue_client_visits_id, revenue_client_visits.revenue_client_id AS revenue_client_visits_revenue_client_id, revenue_client_visits.altegio_record_id AS revenue_client_visits_altegio_record_id, revenue_client_visits.last_visit_date AS revenue_client_visits_last_visit_date, revenue_client_visits.previous_visit_date AS revenue_client_visits_previous_visit_date, revenue_client_visits.services AS revenue_client_visits_services, revenue_client_visits.master AS revenue_client_visits_master, revenue_client_visits.amount AS revenue_client_visits_amount, revenue_client_visits.visit_status AS revenue_client_visits_visit_status, revenue_client_visits.raw_data AS revenue_client_visits_raw_data, revenue_client_visits.created_at AS revenue_client_visits_created_at, revenue_client_visits.updated_at AS revenue_client_visits_updated_at 
FROM revenue_client_visits 
WHERE revenue_client_visits.revenue_client_id = %(revenue_client_id_1)s::INTEGER ORDER BY revenue_client_visits.last_visit_date ASC, revenue_client_visits.id ASC
2026-08-01 12:20:21,703 INFO sqlalchemy.engine.Engine [cached since 25.7s ago] {'revenue_client_id_1': 135}
2026-08-01 12:20:22,024 INFO sqlalchemy.engine.Engine SELECT revenue_client_visits.id AS revenue_client_visits_id, revenue_client_visits.revenue_client_id AS revenue_client_visits_revenue_client_id, revenue_client_visits.altegio_record_id AS revenue_client_visits_altegio_record_id, revenue_client_visits.last_visit_date AS revenue_client_visits_last_visit_date, revenue_client_visits.previous_visit_date AS revenue_client_visits_previous_visit_date, revenue_client_visits.services AS revenue_client_visits_services, revenue_client_visits.master AS revenue_client_visits_master, revenue_client_visits.amount AS revenue_client_visits_amount, revenue_client_visits.visit_status AS revenue_client_visits_visit_status, revenue_client_visits.raw_data AS revenue_client_visits_raw_data, revenue_client_visits.created_at AS revenue_client_visits_created_at, revenue_client_visits.updated_at AS revenue_client_visits_updated_at 
FROM revenue_client_visits 
WHERE revenue_client_visits.altegio_record_id = %(altegio_record_id_1)s::INTEGER 
 LIMIT %(param_1)s::INTEGER
2026-08-01 12:20:22,024 INFO sqlalchemy.engine.Engine [cached since 26.03s ago] {'altegio_record_id_1': 624446928, 'param_1': 1}
2026-08-01 12:20:22,026 INFO sqlalchemy.engine.Engine SELECT revenue_client_visits.id AS revenue_client_visits_id, revenue_client_visits.revenue_client_id AS revenue_client_visits_revenue_client_id, revenue_client_visits.altegio_record_id AS revenue_client_visits_altegio_record_id, revenue_client_visits.last_visit_date AS revenue_client_visits_last_visit_date, revenue_client_visits.previous_visit_date AS revenue_client_visits_previous_visit_date, revenue_client_visits.services AS revenue_client_visits_services, revenue_client_visits.master AS revenue_client_visits_master, revenue_client_visits.amount AS revenue_client_visits_amount, revenue_client_visits.visit_status AS revenue_client_visits_visit_status, revenue_client_visits.raw_data AS revenue_client_visits_raw_data, revenue_client_visits.created_at AS revenue_client_visits_created_at, revenue_client_visits.updated_at AS revenue_client_visits_updated_at 
FROM revenue_client_visits 
WHERE revenue_client_visits.revenue_client_id = %(revenue_client_id_1)s::INTEGER ORDER BY revenue_client_visits.last_visit_date ASC, revenue_client_visits.id ASC
2026-08-01 12:20:22,026 INFO sqlalchemy.engine.Engine [cached since 26.03s ago] {'revenue_client_id_1': 137}
2026-08-01 12:20:22,201 INFO sqlalchemy.engine.Engine SELECT revenue_client_visits.id AS revenue_client_visits_id, revenue_client_visits.revenue_client_id AS revenue_client_visits_revenue_client_id, revenue_client_visits.altegio_record_id AS revenue_client_visits_altegio_record_id, revenue_client_visits.last_visit_date AS revenue_client_visits_last_visit_date, revenue_client_visits.previous_visit_date AS revenue_client_visits_previous_visit_date, revenue_client_visits.services AS revenue_client_visits_services, revenue_client_visits.master AS revenue_client_visits_master, revenue_client_visits.amount AS revenue_client_visits_amount, revenue_client_visits.visit_status AS revenue_client_visits_visit_status, revenue_client_visits.raw_data AS revenue_client_visits_raw_data, revenue_client_visits.created_at AS revenue_client_visits_created_at, revenue_client_visits.updated_at AS revenue_client_visits_updated_at 
FROM revenue_client_visits 
WHERE revenue_client_visits.altegio_record_id = %(altegio_record_id_1)s::INTEGER 
 LIMIT %(param_1)s::INTEGER
2026-08-01 12:20:22,201 INFO sqlalchemy.engine.Engine [cached since 26.21s ago] {'altegio_record_id_1': 629073279, 'param_1': 1}
2026-08-01 12:20:22,202 INFO sqlalchemy.engine.Engine SELECT revenue_client_visits.id AS revenue_client_visits_id, revenue_client_visits.revenue_client_id AS revenue_client_visits_revenue_client_id, revenue_client_visits.altegio_record_id AS revenue_client_visits_altegio_record_id, revenue_client_visits.last_visit_date AS revenue_client_visits_last_visit_date, revenue_client_visits.previous_visit_date AS revenue_client_visits_previous_visit_date, revenue_client_visits.services AS revenue_client_visits_services, revenue_client_visits.master AS revenue_client_visits_master, revenue_client_visits.amount AS revenue_client_visits_amount, revenue_client_visits.visit_status AS revenue_client_visits_visit_status, revenue_client_visits.raw_data AS revenue_client_visits_raw_data, revenue_client_visits.created_at AS revenue_client_visits_created_at, revenue_client_visits.updated_at AS revenue_client_visits_updated_at 
FROM revenue_client_visits 
WHERE revenue_client_visits.altegio_record_id = %(altegio_record_id_1)s::INTEGER 
 LIMIT %(param_1)s::INTEGER
2026-08-01 12:20:22,203 INFO sqlalchemy.engine.Engine [cached since 26.21s ago] {'altegio_record_id_1': 624504049, 'param_1': 1}
2026-08-01 12:20:22,203 INFO sqlalchemy.engine.Engine SELECT revenue_client_visits.id AS revenue_client_visits_id, revenue_client_visits.revenue_client_id AS revenue_client_visits_revenue_client_id, revenue_client_visits.altegio_record_id AS revenue_client_visits_altegio_record_id, revenue_client_visits.last_visit_date AS revenue_client_visits_last_visit_date, revenue_client_visits.previous_visit_date AS revenue_client_visits_previous_visit_date, revenue_client_visits.services AS revenue_client_visits_services, revenue_client_visits.master AS revenue_client_visits_master, revenue_client_visits.amount AS revenue_client_visits_amount, revenue_client_visits.visit_status AS revenue_client_visits_visit_status, revenue_client_visits.raw_data AS revenue_client_visits_raw_data, revenue_client_visits.created_at AS revenue_client_visits_created_at, revenue_client_visits.updated_at AS revenue_client_visits_updated_at 
FROM revenue_client_visits 
WHERE revenue_client_visits.revenue_client_id = %(revenue_client_id_1)s::INTEGER ORDER BY revenue_client_visits.last_visit_date ASC, revenue_client_visits.id ASC
2026-08-01 12:20:22,203 INFO sqlalchemy.engine.Engine [cached since 26.2s ago] {'revenue_client_id_1': 138}
2026-08-01 12:20:22,388 INFO sqlalchemy.engine.Engine SELECT revenue_client_visits.id AS revenue_client_visits_id, revenue_client_visits.revenue_client_id AS revenue_client_visits_revenue_client_id, revenue_client_visits.altegio_record_id AS revenue_client_visits_altegio_record_id, revenue_client_visits.last_visit_date AS revenue_client_visits_last_visit_date, revenue_client_visits.previous_visit_date AS revenue_client_visits_previous_visit_date, revenue_client_visits.services AS revenue_client_visits_services, revenue_client_visits.master AS revenue_client_visits_master, revenue_client_visits.amount AS revenue_client_visits_amount, revenue_client_visits.visit_status AS revenue_client_visits_visit_status, revenue_client_visits.raw_data AS revenue_client_visits_raw_data, revenue_client_visits.created_at AS revenue_client_visits_created_at, revenue_client_visits.updated_at AS revenue_client_visits_updated_at 
FROM revenue_client_visits 
WHERE revenue_client_visits.altegio_record_id = %(altegio_record_id_1)s::INTEGER 
 LIMIT %(param_1)s::INTEGER
2026-08-01 12:20:22,388 INFO sqlalchemy.engine.Engine [cached since 26.4s ago] {'altegio_record_id_1': 647961485, 'param_1': 1}
2026-08-01 12:20:22,389 INFO sqlalchemy.engine.Engine SELECT revenue_client_visits.id AS revenue_client_visits_id, revenue_client_visits.revenue_client_id AS revenue_client_visits_revenue_client_id, revenue_client_visits.altegio_record_id AS revenue_client_visits_altegio_record_id, revenue_client_visits.last_visit_date AS revenue_client_visits_last_visit_date, revenue_client_visits.previous_visit_date AS revenue_client_visits_previous_visit_date, revenue_client_visits.services AS revenue_client_visits_services, revenue_client_visits.master AS revenue_client_visits_master, revenue_client_visits.amount AS revenue_client_visits_amount, revenue_client_visits.visit_status AS revenue_client_visits_visit_status, revenue_client_visits.raw_data AS revenue_client_visits_raw_data, revenue_client_visits.created_at AS revenue_client_visits_created_at, revenue_client_visits.updated_at AS revenue_client_visits_updated_at 
FROM revenue_client_visits 
WHERE revenue_client_visits.altegio_record_id = %(altegio_record_id_1)s::INTEGER 
 LIMIT %(param_1)s::INTEGER
2026-08-01 12:20:22,389 INFO sqlalchemy.engine.Engine [cached since 26.4s ago] {'altegio_record_id_1': 624749575, 'param_1': 1}
2026-08-01 12:20:22,390 INFO sqlalchemy.engine.Engine SELECT revenue_client_visits.id AS revenue_client_visits_id, revenue_client_visits.revenue_client_id AS revenue_client_visits_revenue_client_id, revenue_client_visits.altegio_record_id AS revenue_client_visits_altegio_record_id, revenue_client_visits.last_visit_date AS revenue_client_visits_last_visit_date, revenue_client_visits.previous_visit_date AS revenue_client_visits_previous_visit_date, revenue_client_visits.services AS revenue_client_visits_services, revenue_client_visits.master AS revenue_client_visits_master, revenue_client_visits.amount AS revenue_client_visits_amount, revenue_client_visits.visit_status AS revenue_client_visits_visit_status, revenue_client_visits.raw_data AS revenue_client_visits_raw_data, revenue_client_visits.created_at AS revenue_client_visits_created_at, revenue_client_visits.updated_at AS revenue_client_visits_updated_at 
FROM revenue_client_visits 
WHERE revenue_client_visits.revenue_client_id = %(revenue_client_id_1)s::INTEGER ORDER BY revenue_client_visits.last_visit_date ASC, revenue_client_visits.id ASC
2026-08-01 12:20:22,390 INFO sqlalchemy.engine.Engine [cached since 26.39s ago] {'revenue_client_id_1': 139}
2026-08-01 12:20:22,576 INFO sqlalchemy.engine.Engine SELECT revenue_client_visits.id AS revenue_client_visits_id, revenue_client_visits.revenue_client_id AS revenue_client_visits_revenue_client_id, revenue_client_visits.altegio_record_id AS revenue_client_visits_altegio_record_id, revenue_client_visits.last_visit_date AS revenue_client_visits_last_visit_date, revenue_client_visits.previous_visit_date AS revenue_client_visits_previous_visit_date, revenue_client_visits.services AS revenue_client_visits_services, revenue_client_visits.master AS revenue_client_visits_master, revenue_client_visits.amount AS revenue_client_visits_amount, revenue_client_visits.visit_status AS revenue_client_visits_visit_status, revenue_client_visits.raw_data AS revenue_client_visits_raw_data, revenue_client_visits.created_at AS revenue_client_visits_created_at, revenue_client_visits.updated_at AS revenue_client_visits_updated_at 
FROM revenue_client_visits 
WHERE revenue_client_visits.altegio_record_id = %(altegio_record_id_1)s::INTEGER 
 LIMIT %(param_1)s::INTEGER
2026-08-01 12:20:22,576 INFO sqlalchemy.engine.Engine [cached since 26.58s ago] {'altegio_record_id_1': 625684243, 'param_1': 1}
2026-08-01 12:20:22,578 INFO sqlalchemy.engine.Engine SELECT revenue_client_visits.id AS revenue_client_visits_id, revenue_client_visits.revenue_client_id AS revenue_client_visits_revenue_client_id, revenue_client_visits.altegio_record_id AS revenue_client_visits_altegio_record_id, revenue_client_visits.last_visit_date AS revenue_client_visits_last_visit_date, revenue_client_visits.previous_visit_date AS revenue_client_visits_previous_visit_date, revenue_client_visits.services AS revenue_client_visits_services, revenue_client_visits.master AS revenue_client_visits_master, revenue_client_visits.amount AS revenue_client_visits_amount, revenue_client_visits.visit_status AS revenue_client_visits_visit_status, revenue_client_visits.raw_data AS revenue_client_visits_raw_data, revenue_client_visits.created_at AS revenue_client_visits_created_at, revenue_client_visits.updated_at AS revenue_client_visits_updated_at 
FROM revenue_client_visits 
WHERE revenue_client_visits.revenue_client_id = %(revenue_client_id_1)s::INTEGER ORDER BY revenue_client_visits.last_visit_date ASC, revenue_client_visits.id ASC
2026-08-01 12:20:22,578 INFO sqlalchemy.engine.Engine [cached since 26.58s ago] {'revenue_client_id_1': 140}
2026-08-01 12:20:22,748 INFO sqlalchemy.engine.Engine SELECT revenue_client_visits.id AS revenue_client_visits_id, revenue_client_visits.revenue_client_id AS revenue_client_visits_revenue_client_id, revenue_client_visits.altegio_record_id AS revenue_client_visits_altegio_record_id, revenue_client_visits.last_visit_date AS revenue_client_visits_last_visit_date, revenue_client_visits.previous_visit_date AS revenue_client_visits_previous_visit_date, revenue_client_visits.services AS revenue_client_visits_services, revenue_client_visits.master AS revenue_client_visits_master, revenue_client_visits.amount AS revenue_client_visits_amount, revenue_client_visits.visit_status AS revenue_client_visits_visit_status, revenue_client_visits.raw_data AS revenue_client_visits_raw_data, revenue_client_visits.created_at AS revenue_client_visits_created_at, revenue_client_visits.updated_at AS revenue_client_visits_updated_at 
FROM revenue_client_visits 
WHERE revenue_client_visits.altegio_record_id = %(altegio_record_id_1)s::INTEGER 
 LIMIT %(param_1)s::INTEGER
2026-08-01 12:20:22,748 INFO sqlalchemy.engine.Engine [cached since 26.76s ago] {'altegio_record_id_1': 625860040, 'param_1': 1}
2026-08-01 12:20:22,750 INFO sqlalchemy.engine.Engine SELECT revenue_client_visits.id AS revenue_client_visits_id, revenue_client_visits.revenue_client_id AS revenue_client_visits_revenue_client_id, revenue_client_visits.altegio_record_id AS revenue_client_visits_altegio_record_id, revenue_client_visits.last_visit_date AS revenue_client_visits_last_visit_date, revenue_client_visits.previous_visit_date AS revenue_client_visits_previous_visit_date, revenue_client_visits.services AS revenue_client_visits_services, revenue_client_visits.master AS revenue_client_visits_master, revenue_client_visits.amount AS revenue_client_visits_amount, revenue_client_visits.visit_status AS revenue_client_visits_visit_status, revenue_client_visits.raw_data AS revenue_client_visits_raw_data, revenue_client_visits.created_at AS revenue_client_visits_created_at, revenue_client_visits.updated_at AS revenue_client_visits_updated_at 
FROM revenue_client_visits 
WHERE revenue_client_visits.revenue_client_id = %(revenue_client_id_1)s::INTEGER ORDER BY revenue_client_visits.last_visit_date ASC, revenue_client_visits.id ASC
2026-08-01 12:20:22,750 INFO sqlalchemy.engine.Engine [cached since 26.75s ago] {'revenue_client_id_1': 141}
2026-08-01 12:20:22,910 INFO sqlalchemy.engine.Engine SELECT revenue_client_visits.id AS revenue_client_visits_id, revenue_client_visits.revenue_client_id AS revenue_client_visits_revenue_client_id, revenue_client_visits.altegio_record_id AS revenue_client_visits_altegio_record_id, revenue_client_visits.last_visit_date AS revenue_client_visits_last_visit_date, revenue_client_visits.previous_visit_date AS revenue_client_visits_previous_visit_date, revenue_client_visits.services AS revenue_client_visits_services, revenue_client_visits.master AS revenue_client_visits_master, revenue_client_visits.amount AS revenue_client_visits_amount, revenue_client_visits.visit_status AS revenue_client_visits_visit_status, revenue_client_visits.raw_data AS revenue_client_visits_raw_data, revenue_client_visits.created_at AS revenue_client_visits_created_at, revenue_client_visits.updated_at AS revenue_client_visits_updated_at 
FROM revenue_client_visits 
WHERE revenue_client_visits.altegio_record_id = %(altegio_record_id_1)s::INTEGER 
 LIMIT %(param_1)s::INTEGER
2026-08-01 12:20:22,910 INFO sqlalchemy.engine.Engine [cached since 26.92s ago] {'altegio_record_id_1': 625873520, 'param_1': 1}
2026-08-01 12:20:22,911 INFO sqlalchemy.engine.Engine SELECT revenue_client_visits.id AS revenue_client_visits_id, revenue_client_visits.revenue_client_id AS revenue_client_visits_revenue_client_id, revenue_client_visits.altegio_record_id AS revenue_client_visits_altegio_record_id, revenue_client_visits.last_visit_date AS revenue_client_visits_last_visit_date, revenue_client_visits.previous_visit_date AS revenue_client_visits_previous_visit_date, revenue_client_visits.services AS revenue_client_visits_services, revenue_client_visits.master AS revenue_client_visits_master, revenue_client_visits.amount AS revenue_client_visits_amount, revenue_client_visits.visit_status AS revenue_client_visits_visit_status, revenue_client_visits.raw_data AS revenue_client_visits_raw_data, revenue_client_visits.created_at AS revenue_client_visits_created_at, revenue_client_visits.updated_at AS revenue_client_visits_updated_at 
FROM revenue_client_visits 
WHERE revenue_client_visits.revenue_client_id = %(revenue_client_id_1)s::INTEGER ORDER BY revenue_client_visits.last_visit_date ASC, revenue_client_visits.id ASC
2026-08-01 12:20:22,911 INFO sqlalchemy.engine.Engine [cached since 26.91s ago] {'revenue_client_id_1': 142}
2026-08-01 12:20:23,294 INFO sqlalchemy.engine.Engine SELECT revenue_client_visits.id AS revenue_client_visits_id, revenue_client_visits.revenue_client_id AS revenue_client_visits_revenue_client_id, revenue_client_visits.altegio_record_id AS revenue_client_visits_altegio_record_id, revenue_client_visits.last_visit_date AS revenue_client_visits_last_visit_date, revenue_client_visits.previous_visit_date AS revenue_client_visits_previous_visit_date, revenue_client_visits.services AS revenue_client_visits_services, revenue_client_visits.master AS revenue_client_visits_master, revenue_client_visits.amount AS revenue_client_visits_amount, revenue_client_visits.visit_status AS revenue_client_visits_visit_status, revenue_client_visits.raw_data AS revenue_client_visits_raw_data, revenue_client_visits.created_at AS revenue_client_visits_created_at, revenue_client_visits.updated_at AS revenue_client_visits_updated_at 
FROM revenue_client_visits 
WHERE revenue_client_visits.altegio_record_id = %(altegio_record_id_1)s::INTEGER 
 LIMIT %(param_1)s::INTEGER
2026-08-01 12:20:23,295 INFO sqlalchemy.engine.Engine [cached since 27.3s ago] {'altegio_record_id_1': 626000788, 'param_1': 1}
2026-08-01 12:20:23,296 INFO sqlalchemy.engine.Engine SELECT revenue_client_visits.id AS revenue_client_visits_id, revenue_client_visits.revenue_client_id AS revenue_client_visits_revenue_client_id, revenue_client_visits.altegio_record_id AS revenue_client_visits_altegio_record_id, revenue_client_visits.last_visit_date AS revenue_client_visits_last_visit_date, revenue_client_visits.previous_visit_date AS revenue_client_visits_previous_visit_date, revenue_client_visits.services AS revenue_client_visits_services, revenue_client_visits.master AS revenue_client_visits_master, revenue_client_visits.amount AS revenue_client_visits_amount, revenue_client_visits.visit_status AS revenue_client_visits_visit_status, revenue_client_visits.raw_data AS revenue_client_visits_raw_data, revenue_client_visits.created_at AS revenue_client_visits_created_at, revenue_client_visits.updated_at AS revenue_client_visits_updated_at 
FROM revenue_client_visits 
WHERE revenue_client_visits.revenue_client_id = %(revenue_client_id_1)s::INTEGER ORDER BY revenue_client_visits.last_visit_date ASC, revenue_client_visits.id ASC
2026-08-01 12:20:23,296 INFO sqlalchemy.engine.Engine [cached since 27.3s ago] {'revenue_client_id_1': 144}
2026-08-01 12:20:23,485 INFO sqlalchemy.engine.Engine SELECT revenue_client_visits.id AS revenue_client_visits_id, revenue_client_visits.revenue_client_id AS revenue_client_visits_revenue_client_id, revenue_client_visits.altegio_record_id AS revenue_client_visits_altegio_record_id, revenue_client_visits.last_visit_date AS revenue_client_visits_last_visit_date, revenue_client_visits.previous_visit_date AS revenue_client_visits_previous_visit_date, revenue_client_visits.services AS revenue_client_visits_services, revenue_client_visits.master AS revenue_client_visits_master, revenue_client_visits.amount AS revenue_client_visits_amount, revenue_client_visits.visit_status AS revenue_client_visits_visit_status, revenue_client_visits.raw_data AS revenue_client_visits_raw_data, revenue_client_visits.created_at AS revenue_client_visits_created_at, revenue_client_visits.updated_at AS revenue_client_visits_updated_at 
FROM revenue_client_visits 
WHERE revenue_client_visits.altegio_record_id = %(altegio_record_id_1)s::INTEGER 
 LIMIT %(param_1)s::INTEGER
2026-08-01 12:20:23,486 INFO sqlalchemy.engine.Engine [cached since 27.49s ago] {'altegio_record_id_1': 646376889, 'param_1': 1}
2026-08-01 12:20:23,487 INFO sqlalchemy.engine.Engine SELECT revenue_client_visits.id AS revenue_client_visits_id, revenue_client_visits.revenue_client_id AS revenue_client_visits_revenue_client_id, revenue_client_visits.altegio_record_id AS revenue_client_visits_altegio_record_id, revenue_client_visits.last_visit_date AS revenue_client_visits_last_visit_date, revenue_client_visits.previous_visit_date AS revenue_client_visits_previous_visit_date, revenue_client_visits.services AS revenue_client_visits_services, revenue_client_visits.master AS revenue_client_visits_master, revenue_client_visits.amount AS revenue_client_visits_amount, revenue_client_visits.visit_status AS revenue_client_visits_visit_status, revenue_client_visits.raw_data AS revenue_client_visits_raw_data, revenue_client_visits.created_at AS revenue_client_visits_created_at, revenue_client_visits.updated_at AS revenue_client_visits_updated_at 
FROM revenue_client_visits 
WHERE revenue_client_visits.altegio_record_id = %(altegio_record_id_1)s::INTEGER 
 LIMIT %(param_1)s::INTEGER
2026-08-01 12:20:23,487 INFO sqlalchemy.engine.Engine [cached since 27.5s ago] {'altegio_record_id_1': 626326246, 'param_1': 1}
2026-08-01 12:20:23,488 INFO sqlalchemy.engine.Engine SELECT revenue_client_visits.id AS revenue_client_visits_id, revenue_client_visits.revenue_client_id AS revenue_client_visits_revenue_client_id, revenue_client_visits.altegio_record_id AS revenue_client_visits_altegio_record_id, revenue_client_visits.last_visit_date AS revenue_client_visits_last_visit_date, revenue_client_visits.previous_visit_date AS revenue_client_visits_previous_visit_date, revenue_client_visits.services AS revenue_client_visits_services, revenue_client_visits.master AS revenue_client_visits_master, revenue_client_visits.amount AS revenue_client_visits_amount, revenue_client_visits.visit_status AS revenue_client_visits_visit_status, revenue_client_visits.raw_data AS revenue_client_visits_raw_data, revenue_client_visits.created_at AS revenue_client_visits_created_at, revenue_client_visits.updated_at AS revenue_client_visits_updated_at 
FROM revenue_client_visits 
WHERE revenue_client_visits.altegio_record_id = %(altegio_record_id_1)s::INTEGER 
 LIMIT %(param_1)s::INTEGER
2026-08-01 12:20:23,488 INFO sqlalchemy.engine.Engine [cached since 27.5s ago] {'altegio_record_id_1': 625939489, 'param_1': 1}
2026-08-01 12:20:23,489 INFO sqlalchemy.engine.Engine SELECT revenue_client_visits.id AS revenue_client_visits_id, revenue_client_visits.revenue_client_id AS revenue_client_visits_revenue_client_id, revenue_client_visits.altegio_record_id AS revenue_client_visits_altegio_record_id, revenue_client_visits.last_visit_date AS revenue_client_visits_last_visit_date, revenue_client_visits.previous_visit_date AS revenue_client_visits_previous_visit_date, revenue_client_visits.services AS revenue_client_visits_services, revenue_client_visits.master AS revenue_client_visits_master, revenue_client_visits.amount AS revenue_client_visits_amount, revenue_client_visits.visit_status AS revenue_client_visits_visit_status, revenue_client_visits.raw_data AS revenue_client_visits_raw_data, revenue_client_visits.created_at AS revenue_client_visits_created_at, revenue_client_visits.updated_at AS revenue_client_visits_updated_at 
FROM revenue_client_visits 
WHERE revenue_client_visits.revenue_client_id = %(revenue_client_id_1)s::INTEGER ORDER BY revenue_client_visits.last_visit_date ASC, revenue_client_visits.id ASC
2026-08-01 12:20:23,489 INFO sqlalchemy.engine.Engine [cached since 27.49s ago] {'revenue_client_id_1': 145}
2026-08-01 12:20:23,701 INFO sqlalchemy.engine.Engine SELECT revenue_client_visits.id AS revenue_client_visits_id, revenue_client_visits.revenue_client_id AS revenue_client_visits_revenue_client_id, revenue_client_visits.altegio_record_id AS revenue_client_visits_altegio_record_id, revenue_client_visits.last_visit_date AS revenue_client_visits_last_visit_date, revenue_client_visits.previous_visit_date AS revenue_client_visits_previous_visit_date, revenue_client_visits.services AS revenue_client_visits_services, revenue_client_visits.master AS revenue_client_visits_master, revenue_client_visits.amount AS revenue_client_visits_amount, revenue_client_visits.visit_status AS revenue_client_visits_visit_status, revenue_client_visits.raw_data AS revenue_client_visits_raw_data, revenue_client_visits.created_at AS revenue_client_visits_created_at, revenue_client_visits.updated_at AS revenue_client_visits_updated_at 
FROM revenue_client_visits 
WHERE revenue_client_visits.altegio_record_id = %(altegio_record_id_1)s::INTEGER 
 LIMIT %(param_1)s::INTEGER
2026-08-01 12:20:23,701 INFO sqlalchemy.engine.Engine [cached since 27.71s ago] {'altegio_record_id_1': 626250083, 'param_1': 1}
2026-08-01 12:20:23,702 INFO sqlalchemy.engine.Engine SELECT revenue_client_visits.id AS revenue_client_visits_id, revenue_client_visits.revenue_client_id AS revenue_client_visits_revenue_client_id, revenue_client_visits.altegio_record_id AS revenue_client_visits_altegio_record_id, revenue_client_visits.last_visit_date AS revenue_client_visits_last_visit_date, revenue_client_visits.previous_visit_date AS revenue_client_visits_previous_visit_date, revenue_client_visits.services AS revenue_client_visits_services, revenue_client_visits.master AS revenue_client_visits_master, revenue_client_visits.amount AS revenue_client_visits_amount, revenue_client_visits.visit_status AS revenue_client_visits_visit_status, revenue_client_visits.raw_data AS revenue_client_visits_raw_data, revenue_client_visits.created_at AS revenue_client_visits_created_at, revenue_client_visits.updated_at AS revenue_client_visits_updated_at 
FROM revenue_client_visits 
WHERE revenue_client_visits.revenue_client_id = %(revenue_client_id_1)s::INTEGER ORDER BY revenue_client_visits.last_visit_date ASC, revenue_client_visits.id ASC
2026-08-01 12:20:23,702 INFO sqlalchemy.engine.Engine [cached since 27.7s ago] {'revenue_client_id_1': 146}
2026-08-01 12:20:23,899 INFO sqlalchemy.engine.Engine SELECT revenue_client_visits.id AS revenue_client_visits_id, revenue_client_visits.revenue_client_id AS revenue_client_visits_revenue_client_id, revenue_client_visits.altegio_record_id AS revenue_client_visits_altegio_record_id, revenue_client_visits.last_visit_date AS revenue_client_visits_last_visit_date, revenue_client_visits.previous_visit_date AS revenue_client_visits_previous_visit_date, revenue_client_visits.services AS revenue_client_visits_services, revenue_client_visits.master AS revenue_client_visits_master, revenue_client_visits.amount AS revenue_client_visits_amount, revenue_client_visits.visit_status AS revenue_client_visits_visit_status, revenue_client_visits.raw_data AS revenue_client_visits_raw_data, revenue_client_visits.created_at AS revenue_client_visits_created_at, revenue_client_visits.updated_at AS revenue_client_visits_updated_at 
FROM revenue_client_visits 
WHERE revenue_client_visits.altegio_record_id = %(altegio_record_id_1)s::INTEGER 
 LIMIT %(param_1)s::INTEGER
2026-08-01 12:20:23,899 INFO sqlalchemy.engine.Engine [cached since 27.91s ago] {'altegio_record_id_1': 626319670, 'param_1': 1}
2026-08-01 12:20:23,901 INFO sqlalchemy.engine.Engine SELECT revenue_client_visits.id AS revenue_client_visits_id, revenue_client_visits.revenue_client_id AS revenue_client_visits_revenue_client_id, revenue_client_visits.altegio_record_id AS revenue_client_visits_altegio_record_id, revenue_client_visits.last_visit_date AS revenue_client_visits_last_visit_date, revenue_client_visits.previous_visit_date AS revenue_client_visits_previous_visit_date, revenue_client_visits.services AS revenue_client_visits_services, revenue_client_visits.master AS revenue_client_visits_master, revenue_client_visits.amount AS revenue_client_visits_amount, revenue_client_visits.visit_status AS revenue_client_visits_visit_status, revenue_client_visits.raw_data AS revenue_client_visits_raw_data, revenue_client_visits.created_at AS revenue_client_visits_created_at, revenue_client_visits.updated_at AS revenue_client_visits_updated_at 
FROM revenue_client_visits 
WHERE revenue_client_visits.revenue_client_id = %(revenue_client_id_1)s::INTEGER ORDER BY revenue_client_visits.last_visit_date ASC, revenue_client_visits.id ASC
2026-08-01 12:20:23,901 INFO sqlalchemy.engine.Engine [cached since 27.9s ago] {'revenue_client_id_1': 147}
2026-08-01 12:20:24,232 INFO sqlalchemy.engine.Engine SELECT revenue_client_visits.id AS revenue_client_visits_id, revenue_client_visits.revenue_client_id AS revenue_client_visits_revenue_client_id, revenue_client_visits.altegio_record_id AS revenue_client_visits_altegio_record_id, revenue_client_visits.last_visit_date AS revenue_client_visits_last_visit_date, revenue_client_visits.previous_visit_date AS revenue_client_visits_previous_visit_date, revenue_client_visits.services AS revenue_client_visits_services, revenue_client_visits.master AS revenue_client_visits_master, revenue_client_visits.amount AS revenue_client_visits_amount, revenue_client_visits.visit_status AS revenue_client_visits_visit_status, revenue_client_visits.raw_data AS revenue_client_visits_raw_data, revenue_client_visits.created_at AS revenue_client_visits_created_at, revenue_client_visits.updated_at AS revenue_client_visits_updated_at 
FROM revenue_client_visits 
WHERE revenue_client_visits.altegio_record_id = %(altegio_record_id_1)s::INTEGER 
 LIMIT %(param_1)s::INTEGER
2026-08-01 12:20:24,232 INFO sqlalchemy.engine.Engine [cached since 28.24s ago] {'altegio_record_id_1': 662713182, 'param_1': 1}
2026-08-01 12:20:24,234 INFO sqlalchemy.engine.Engine SELECT revenue_client_visits.id AS revenue_client_visits_id, revenue_client_visits.revenue_client_id AS revenue_client_visits_revenue_client_id, revenue_client_visits.altegio_record_id AS revenue_client_visits_altegio_record_id, revenue_client_visits.last_visit_date AS revenue_client_visits_last_visit_date, revenue_client_visits.previous_visit_date AS revenue_client_visits_previous_visit_date, revenue_client_visits.services AS revenue_client_visits_services, revenue_client_visits.master AS revenue_client_visits_master, revenue_client_visits.amount AS revenue_client_visits_amount, revenue_client_visits.visit_status AS revenue_client_visits_visit_status, revenue_client_visits.raw_data AS revenue_client_visits_raw_data, revenue_client_visits.created_at AS revenue_client_visits_created_at, revenue_client_visits.updated_at AS revenue_client_visits_updated_at 
FROM revenue_client_visits 
WHERE revenue_client_visits.altegio_record_id = %(altegio_record_id_1)s::INTEGER 
 LIMIT %(param_1)s::INTEGER
2026-08-01 12:20:24,234 INFO sqlalchemy.engine.Engine [cached since 28.24s ago] {'altegio_record_id_1': 660049144, 'param_1': 1}
2026-08-01 12:20:24,235 INFO sqlalchemy.engine.Engine SELECT revenue_client_visits.id AS revenue_client_visits_id, revenue_client_visits.revenue_client_id AS revenue_client_visits_revenue_client_id, revenue_client_visits.altegio_record_id AS revenue_client_visits_altegio_record_id, revenue_client_visits.last_visit_date AS revenue_client_visits_last_visit_date, revenue_client_visits.previous_visit_date AS revenue_client_visits_previous_visit_date, revenue_client_visits.services AS revenue_client_visits_services, revenue_client_visits.master AS revenue_client_visits_master, revenue_client_visits.amount AS revenue_client_visits_amount, revenue_client_visits.visit_status AS revenue_client_visits_visit_status, revenue_client_visits.raw_data AS revenue_client_visits_raw_data, revenue_client_visits.created_at AS revenue_client_visits_created_at, revenue_client_visits.updated_at AS revenue_client_visits_updated_at 
FROM revenue_client_visits 
WHERE revenue_client_visits.altegio_record_id = %(altegio_record_id_1)s::INTEGER 
 LIMIT %(param_1)s::INTEGER
2026-08-01 12:20:24,235 INFO sqlalchemy.engine.Engine [cached since 28.24s ago] {'altegio_record_id_1': 648329932, 'param_1': 1}
2026-08-01 12:20:24,236 INFO sqlalchemy.engine.Engine SELECT revenue_client_visits.id AS revenue_client_visits_id, revenue_client_visits.revenue_client_id AS revenue_client_visits_revenue_client_id, revenue_client_visits.altegio_record_id AS revenue_client_visits_altegio_record_id, revenue_client_visits.last_visit_date AS revenue_client_visits_last_visit_date, revenue_client_visits.previous_visit_date AS revenue_client_visits_previous_visit_date, revenue_client_visits.services AS revenue_client_visits_services, revenue_client_visits.master AS revenue_client_visits_master, revenue_client_visits.amount AS revenue_client_visits_amount, revenue_client_visits.visit_status AS revenue_client_visits_visit_status, revenue_client_visits.raw_data AS revenue_client_visits_raw_data, revenue_client_visits.created_at AS revenue_client_visits_created_at, revenue_client_visits.updated_at AS revenue_client_visits_updated_at 
FROM revenue_client_visits 
WHERE revenue_client_visits.altegio_record_id = %(altegio_record_id_1)s::INTEGER 
 LIMIT %(param_1)s::INTEGER
2026-08-01 12:20:24,236 INFO sqlalchemy.engine.Engine [cached since 28.24s ago] {'altegio_record_id_1': 643109898, 'param_1': 1}
2026-08-01 12:20:24,238 INFO sqlalchemy.engine.Engine SELECT revenue_client_visits.id AS revenue_client_visits_id, revenue_client_visits.revenue_client_id AS revenue_client_visits_revenue_client_id, revenue_client_visits.altegio_record_id AS revenue_client_visits_altegio_record_id, revenue_client_visits.last_visit_date AS revenue_client_visits_last_visit_date, revenue_client_visits.previous_visit_date AS revenue_client_visits_previous_visit_date, revenue_client_visits.services AS revenue_client_visits_services, revenue_client_visits.master AS revenue_client_visits_master, revenue_client_visits.amount AS revenue_client_visits_amount, revenue_client_visits.visit_status AS revenue_client_visits_visit_status, revenue_client_visits.raw_data AS revenue_client_visits_raw_data, revenue_client_visits.created_at AS revenue_client_visits_created_at, revenue_client_visits.updated_at AS revenue_client_visits_updated_at 
FROM revenue_client_visits 
WHERE revenue_client_visits.altegio_record_id = %(altegio_record_id_1)s::INTEGER 
 LIMIT %(param_1)s::INTEGER
2026-08-01 12:20:24,238 INFO sqlalchemy.engine.Engine [cached since 28.25s ago] {'altegio_record_id_1': 638112253, 'param_1': 1}
2026-08-01 12:20:24,239 INFO sqlalchemy.engine.Engine SELECT revenue_client_visits.id AS revenue_client_visits_id, revenue_client_visits.revenue_client_id AS revenue_client_visits_revenue_client_id, revenue_client_visits.altegio_record_id AS revenue_client_visits_altegio_record_id, revenue_client_visits.last_visit_date AS revenue_client_visits_last_visit_date, revenue_client_visits.previous_visit_date AS revenue_client_visits_previous_visit_date, revenue_client_visits.services AS revenue_client_visits_services, revenue_client_visits.master AS revenue_client_visits_master, revenue_client_visits.amount AS revenue_client_visits_amount, revenue_client_visits.visit_status AS revenue_client_visits_visit_status, revenue_client_visits.raw_data AS revenue_client_visits_raw_data, revenue_client_visits.created_at AS revenue_client_visits_created_at, revenue_client_visits.updated_at AS revenue_client_visits_updated_at 
FROM revenue_client_visits 
WHERE revenue_client_visits.altegio_record_id = %(altegio_record_id_1)s::INTEGER 
 LIMIT %(param_1)s::INTEGER
2026-08-01 12:20:24,239 INFO sqlalchemy.engine.Engine [cached since 28.25s ago] {'altegio_record_id_1': 629098427, 'param_1': 1}
2026-08-01 12:20:24,240 INFO sqlalchemy.engine.Engine SELECT revenue_client_visits.id AS revenue_client_visits_id, revenue_client_visits.revenue_client_id AS revenue_client_visits_revenue_client_id, revenue_client_visits.altegio_record_id AS revenue_client_visits_altegio_record_id, revenue_client_visits.last_visit_date AS revenue_client_visits_last_visit_date, revenue_client_visits.previous_visit_date AS revenue_client_visits_previous_visit_date, revenue_client_visits.services AS revenue_client_visits_services, revenue_client_visits.master AS revenue_client_visits_master, revenue_client_visits.amount AS revenue_client_visits_amount, revenue_client_visits.visit_status AS revenue_client_visits_visit_status, revenue_client_visits.raw_data AS revenue_client_visits_raw_data, revenue_client_visits.created_at AS revenue_client_visits_created_at, revenue_client_visits.updated_at AS revenue_client_visits_updated_at 
FROM revenue_client_visits 
WHERE revenue_client_visits.altegio_record_id = %(altegio_record_id_1)s::INTEGER 
 LIMIT %(param_1)s::INTEGER
2026-08-01 12:20:24,240 INFO sqlalchemy.engine.Engine [cached since 28.25s ago] {'altegio_record_id_1': 626552237, 'param_1': 1}
2026-08-01 12:20:24,241 INFO sqlalchemy.engine.Engine SELECT revenue_client_visits.id AS revenue_client_visits_id, revenue_client_visits.revenue_client_id AS revenue_client_visits_revenue_client_id, revenue_client_visits.altegio_record_id AS revenue_client_visits_altegio_record_id, revenue_client_visits.last_visit_date AS revenue_client_visits_last_visit_date, revenue_client_visits.previous_visit_date AS revenue_client_visits_previous_visit_date, revenue_client_visits.services AS revenue_client_visits_services, revenue_client_visits.master AS revenue_client_visits_master, revenue_client_visits.amount AS revenue_client_visits_amount, revenue_client_visits.visit_status AS revenue_client_visits_visit_status, revenue_client_visits.raw_data AS revenue_client_visits_raw_data, revenue_client_visits.created_at AS revenue_client_visits_created_at, revenue_client_visits.updated_at AS revenue_client_visits_updated_at 
FROM revenue_client_visits 
WHERE revenue_client_visits.revenue_client_id = %(revenue_client_id_1)s::INTEGER ORDER BY revenue_client_visits.last_visit_date ASC, revenue_client_visits.id ASC
2026-08-01 12:20:24,241 INFO sqlalchemy.engine.Engine [cached since 28.24s ago] {'revenue_client_id_1': 148}
2026-08-01 12:20:24,441 INFO sqlalchemy.engine.Engine SELECT revenue_client_visits.id AS revenue_client_visits_id, revenue_client_visits.revenue_client_id AS revenue_client_visits_revenue_client_id, revenue_client_visits.altegio_record_id AS revenue_client_visits_altegio_record_id, revenue_client_visits.last_visit_date AS revenue_client_visits_last_visit_date, revenue_client_visits.previous_visit_date AS revenue_client_visits_previous_visit_date, revenue_client_visits.services AS revenue_client_visits_services, revenue_client_visits.master AS revenue_client_visits_master, revenue_client_visits.amount AS revenue_client_visits_amount, revenue_client_visits.visit_status AS revenue_client_visits_visit_status, revenue_client_visits.raw_data AS revenue_client_visits_raw_data, revenue_client_visits.created_at AS revenue_client_visits_created_at, revenue_client_visits.updated_at AS revenue_client_visits_updated_at 
FROM revenue_client_visits 
WHERE revenue_client_visits.altegio_record_id = %(altegio_record_id_1)s::INTEGER 
 LIMIT %(param_1)s::INTEGER
2026-08-01 12:20:24,441 INFO sqlalchemy.engine.Engine [cached since 28.45s ago] {'altegio_record_id_1': 626472505, 'param_1': 1}
2026-08-01 12:20:24,442 INFO sqlalchemy.engine.Engine SELECT revenue_client_visits.id AS revenue_client_visits_id, revenue_client_visits.revenue_client_id AS revenue_client_visits_revenue_client_id, revenue_client_visits.altegio_record_id AS revenue_client_visits_altegio_record_id, revenue_client_visits.last_visit_date AS revenue_client_visits_last_visit_date, revenue_client_visits.previous_visit_date AS revenue_client_visits_previous_visit_date, revenue_client_visits.services AS revenue_client_visits_services, revenue_client_visits.master AS revenue_client_visits_master, revenue_client_visits.amount AS revenue_client_visits_amount, revenue_client_visits.visit_status AS revenue_client_visits_visit_status, revenue_client_visits.raw_data AS revenue_client_visits_raw_data, revenue_client_visits.created_at AS revenue_client_visits_created_at, revenue_client_visits.updated_at AS revenue_client_visits_updated_at 
FROM revenue_client_visits 
WHERE revenue_client_visits.revenue_client_id = %(revenue_client_id_1)s::INTEGER ORDER BY revenue_client_visits.last_visit_date ASC, revenue_client_visits.id ASC
2026-08-01 12:20:24,442 INFO sqlalchemy.engine.Engine [cached since 28.44s ago] {'revenue_client_id_1': 149}
2026-08-01 12:20:24,629 INFO sqlalchemy.engine.Engine SELECT revenue_client_visits.id AS revenue_client_visits_id, revenue_client_visits.revenue_client_id AS revenue_client_visits_revenue_client_id, revenue_client_visits.altegio_record_id AS revenue_client_visits_altegio_record_id, revenue_client_visits.last_visit_date AS revenue_client_visits_last_visit_date, revenue_client_visits.previous_visit_date AS revenue_client_visits_previous_visit_date, revenue_client_visits.services AS revenue_client_visits_services, revenue_client_visits.master AS revenue_client_visits_master, revenue_client_visits.amount AS revenue_client_visits_amount, revenue_client_visits.visit_status AS revenue_client_visits_visit_status, revenue_client_visits.raw_data AS revenue_client_visits_raw_data, revenue_client_visits.created_at AS revenue_client_visits_created_at, revenue_client_visits.updated_at AS revenue_client_visits_updated_at 
FROM revenue_client_visits 
WHERE revenue_client_visits.altegio_record_id = %(altegio_record_id_1)s::INTEGER 
 LIMIT %(param_1)s::INTEGER
2026-08-01 12:20:24,629 INFO sqlalchemy.engine.Engine [cached since 28.64s ago] {'altegio_record_id_1': 636072190, 'param_1': 1}
2026-08-01 12:20:24,630 INFO sqlalchemy.engine.Engine SELECT revenue_client_visits.id AS revenue_client_visits_id, revenue_client_visits.revenue_client_id AS revenue_client_visits_revenue_client_id, revenue_client_visits.altegio_record_id AS revenue_client_visits_altegio_record_id, revenue_client_visits.last_visit_date AS revenue_client_visits_last_visit_date, revenue_client_visits.previous_visit_date AS revenue_client_visits_previous_visit_date, revenue_client_visits.services AS revenue_client_visits_services, revenue_client_visits.master AS revenue_client_visits_master, revenue_client_visits.amount AS revenue_client_visits_amount, revenue_client_visits.visit_status AS revenue_client_visits_visit_status, revenue_client_visits.raw_data AS revenue_client_visits_raw_data, revenue_client_visits.created_at AS revenue_client_visits_created_at, revenue_client_visits.updated_at AS revenue_client_visits_updated_at 
FROM revenue_client_visits 
WHERE revenue_client_visits.altegio_record_id = %(altegio_record_id_1)s::INTEGER 
 LIMIT %(param_1)s::INTEGER
2026-08-01 12:20:24,630 INFO sqlalchemy.engine.Engine [cached since 28.64s ago] {'altegio_record_id_1': 635835597, 'param_1': 1}
2026-08-01 12:20:24,631 INFO sqlalchemy.engine.Engine SELECT revenue_client_visits.id AS revenue_client_visits_id, revenue_client_visits.revenue_client_id AS revenue_client_visits_revenue_client_id, revenue_client_visits.altegio_record_id AS revenue_client_visits_altegio_record_id, revenue_client_visits.last_visit_date AS revenue_client_visits_last_visit_date, revenue_client_visits.previous_visit_date AS revenue_client_visits_previous_visit_date, revenue_client_visits.services AS revenue_client_visits_services, revenue_client_visits.master AS revenue_client_visits_master, revenue_client_visits.amount AS revenue_client_visits_amount, revenue_client_visits.visit_status AS revenue_client_visits_visit_status, revenue_client_visits.raw_data AS revenue_client_visits_raw_data, revenue_client_visits.created_at AS revenue_client_visits_created_at, revenue_client_visits.updated_at AS revenue_client_visits_updated_at 
FROM revenue_client_visits 
WHERE revenue_client_visits.altegio_record_id = %(altegio_record_id_1)s::INTEGER 
 LIMIT %(param_1)s::INTEGER
2026-08-01 12:20:24,631 INFO sqlalchemy.engine.Engine [cached since 28.64s ago] {'altegio_record_id_1': 626483287, 'param_1': 1}
2026-08-01 12:20:24,632 INFO sqlalchemy.engine.Engine SELECT revenue_client_visits.id AS revenue_client_visits_id, revenue_client_visits.revenue_client_id AS revenue_client_visits_revenue_client_id, revenue_client_visits.altegio_record_id AS revenue_client_visits_altegio_record_id, revenue_client_visits.last_visit_date AS revenue_client_visits_last_visit_date, revenue_client_visits.previous_visit_date AS revenue_client_visits_previous_visit_date, revenue_client_visits.services AS revenue_client_visits_services, revenue_client_visits.master AS revenue_client_visits_master, revenue_client_visits.amount AS revenue_client_visits_amount, revenue_client_visits.visit_status AS revenue_client_visits_visit_status, revenue_client_visits.raw_data AS revenue_client_visits_raw_data, revenue_client_visits.created_at AS revenue_client_visits_created_at, revenue_client_visits.updated_at AS revenue_client_visits_updated_at 
FROM revenue_client_visits 
WHERE revenue_client_visits.revenue_client_id = %(revenue_client_id_1)s::INTEGER ORDER BY revenue_client_visits.last_visit_date ASC, revenue_client_visits.id ASC
2026-08-01 12:20:24,632 INFO sqlalchemy.engine.Engine [cached since 28.63s ago] {'revenue_client_id_1': 150}
2026-08-01 12:20:24,814 INFO sqlalchemy.engine.Engine SELECT revenue_client_visits.id AS revenue_client_visits_id, revenue_client_visits.revenue_client_id AS revenue_client_visits_revenue_client_id, revenue_client_visits.altegio_record_id AS revenue_client_visits_altegio_record_id, revenue_client_visits.last_visit_date AS revenue_client_visits_last_visit_date, revenue_client_visits.previous_visit_date AS revenue_client_visits_previous_visit_date, revenue_client_visits.services AS revenue_client_visits_services, revenue_client_visits.master AS revenue_client_visits_master, revenue_client_visits.amount AS revenue_client_visits_amount, revenue_client_visits.visit_status AS revenue_client_visits_visit_status, revenue_client_visits.raw_data AS revenue_client_visits_raw_data, revenue_client_visits.created_at AS revenue_client_visits_created_at, revenue_client_visits.updated_at AS revenue_client_visits_updated_at 
FROM revenue_client_visits 
WHERE revenue_client_visits.altegio_record_id = %(altegio_record_id_1)s::INTEGER 
 LIMIT %(param_1)s::INTEGER
2026-08-01 12:20:24,814 INFO sqlalchemy.engine.Engine [cached since 28.82s ago] {'altegio_record_id_1': 626549867, 'param_1': 1}
2026-08-01 12:20:24,815 INFO sqlalchemy.engine.Engine SELECT revenue_client_visits.id AS revenue_client_visits_id, revenue_client_visits.revenue_client_id AS revenue_client_visits_revenue_client_id, revenue_client_visits.altegio_record_id AS revenue_client_visits_altegio_record_id, revenue_client_visits.last_visit_date AS revenue_client_visits_last_visit_date, revenue_client_visits.previous_visit_date AS revenue_client_visits_previous_visit_date, revenue_client_visits.services AS revenue_client_visits_services, revenue_client_visits.master AS revenue_client_visits_master, revenue_client_visits.amount AS revenue_client_visits_amount, revenue_client_visits.visit_status AS revenue_client_visits_visit_status, revenue_client_visits.raw_data AS revenue_client_visits_raw_data, revenue_client_visits.created_at AS revenue_client_visits_created_at, revenue_client_visits.updated_at AS revenue_client_visits_updated_at 
FROM revenue_client_visits 
WHERE revenue_client_visits.revenue_client_id = %(revenue_client_id_1)s::INTEGER ORDER BY revenue_client_visits.last_visit_date ASC, revenue_client_visits.id ASC
2026-08-01 12:20:24,815 INFO sqlalchemy.engine.Engine [cached since 28.82s ago] {'revenue_client_id_1': 151}
2026-08-01 12:20:25,149 INFO sqlalchemy.engine.Engine SELECT revenue_client_visits.id AS revenue_client_visits_id, revenue_client_visits.revenue_client_id AS revenue_client_visits_revenue_client_id, revenue_client_visits.altegio_record_id AS revenue_client_visits_altegio_record_id, revenue_client_visits.last_visit_date AS revenue_client_visits_last_visit_date, revenue_client_visits.previous_visit_date AS revenue_client_visits_previous_visit_date, revenue_client_visits.services AS revenue_client_visits_services, revenue_client_visits.master AS revenue_client_visits_master, revenue_client_visits.amount AS revenue_client_visits_amount, revenue_client_visits.visit_status AS revenue_client_visits_visit_status, revenue_client_visits.raw_data AS revenue_client_visits_raw_data, revenue_client_visits.created_at AS revenue_client_visits_created_at, revenue_client_visits.updated_at AS revenue_client_visits_updated_at 
FROM revenue_client_visits 
WHERE revenue_client_visits.altegio_record_id = %(altegio_record_id_1)s::INTEGER 
 LIMIT %(param_1)s::INTEGER
2026-08-01 12:20:25,149 INFO sqlalchemy.engine.Engine [cached since 29.16s ago] {'altegio_record_id_1': 655150887, 'param_1': 1}
2026-08-01 12:20:25,150 INFO sqlalchemy.engine.Engine SELECT revenue_client_visits.id AS revenue_client_visits_id, revenue_client_visits.revenue_client_id AS revenue_client_visits_revenue_client_id, revenue_client_visits.altegio_record_id AS revenue_client_visits_altegio_record_id, revenue_client_visits.last_visit_date AS revenue_client_visits_last_visit_date, revenue_client_visits.previous_visit_date AS revenue_client_visits_previous_visit_date, revenue_client_visits.services AS revenue_client_visits_services, revenue_client_visits.master AS revenue_client_visits_master, revenue_client_visits.amount AS revenue_client_visits_amount, revenue_client_visits.visit_status AS revenue_client_visits_visit_status, revenue_client_visits.raw_data AS revenue_client_visits_raw_data, revenue_client_visits.created_at AS revenue_client_visits_created_at, revenue_client_visits.updated_at AS revenue_client_visits_updated_at 
FROM revenue_client_visits 
WHERE revenue_client_visits.altegio_record_id = %(altegio_record_id_1)s::INTEGER 
 LIMIT %(param_1)s::INTEGER
2026-08-01 12:20:25,150 INFO sqlalchemy.engine.Engine [cached since 29.16s ago] {'altegio_record_id_1': 651242070, 'param_1': 1}
2026-08-01 12:20:25,151 INFO sqlalchemy.engine.Engine SELECT revenue_client_visits.id AS revenue_client_visits_id, revenue_client_visits.revenue_client_id AS revenue_client_visits_revenue_client_id, revenue_client_visits.altegio_record_id AS revenue_client_visits_altegio_record_id, revenue_client_visits.last_visit_date AS revenue_client_visits_last_visit_date, revenue_client_visits.previous_visit_date AS revenue_client_visits_previous_visit_date, revenue_client_visits.services AS revenue_client_visits_services, revenue_client_visits.master AS revenue_client_visits_master, revenue_client_visits.amount AS revenue_client_visits_amount, revenue_client_visits.visit_status AS revenue_client_visits_visit_status, revenue_client_visits.raw_data AS revenue_client_visits_raw_data, revenue_client_visits.created_at AS revenue_client_visits_created_at, revenue_client_visits.updated_at AS revenue_client_visits_updated_at 
FROM revenue_client_visits 
WHERE revenue_client_visits.altegio_record_id = %(altegio_record_id_1)s::INTEGER 
 LIMIT %(param_1)s::INTEGER
2026-08-01 12:20:25,152 INFO sqlalchemy.engine.Engine [cached since 29.16s ago] {'altegio_record_id_1': 650586189, 'param_1': 1}
2026-08-01 12:20:25,153 INFO sqlalchemy.engine.Engine SELECT revenue_client_visits.id AS revenue_client_visits_id, revenue_client_visits.revenue_client_id AS revenue_client_visits_revenue_client_id, revenue_client_visits.altegio_record_id AS revenue_client_visits_altegio_record_id, revenue_client_visits.last_visit_date AS revenue_client_visits_last_visit_date, revenue_client_visits.previous_visit_date AS revenue_client_visits_previous_visit_date, revenue_client_visits.services AS revenue_client_visits_services, revenue_client_visits.master AS revenue_client_visits_master, revenue_client_visits.amount AS revenue_client_visits_amount, revenue_client_visits.visit_status AS revenue_client_visits_visit_status, revenue_client_visits.raw_data AS revenue_client_visits_raw_data, revenue_client_visits.created_at AS revenue_client_visits_created_at, revenue_client_visits.updated_at AS revenue_client_visits_updated_at 
FROM revenue_client_visits 
WHERE revenue_client_visits.altegio_record_id = %(altegio_record_id_1)s::INTEGER 
 LIMIT %(param_1)s::INTEGER
2026-08-01 12:20:25,153 INFO sqlalchemy.engine.Engine [cached since 29.16s ago] {'altegio_record_id_1': 641877981, 'param_1': 1}
2026-08-01 12:20:25,154 INFO sqlalchemy.engine.Engine SELECT revenue_client_visits.id AS revenue_client_visits_id, revenue_client_visits.revenue_client_id AS revenue_client_visits_revenue_client_id, revenue_client_visits.altegio_record_id AS revenue_client_visits_altegio_record_id, revenue_client_visits.last_visit_date AS revenue_client_visits_last_visit_date, revenue_client_visits.previous_visit_date AS revenue_client_visits_previous_visit_date, revenue_client_visits.services AS revenue_client_visits_services, revenue_client_visits.master AS revenue_client_visits_master, revenue_client_visits.amount AS revenue_client_visits_amount, revenue_client_visits.visit_status AS revenue_client_visits_visit_status, revenue_client_visits.raw_data AS revenue_client_visits_raw_data, revenue_client_visits.created_at AS revenue_client_visits_created_at, revenue_client_visits.updated_at AS revenue_client_visits_updated_at 
FROM revenue_client_visits 
WHERE revenue_client_visits.altegio_record_id = %(altegio_record_id_1)s::INTEGER 
 LIMIT %(param_1)s::INTEGER
2026-08-01 12:20:25,154 INFO sqlalchemy.engine.Engine [cached since 29.16s ago] {'altegio_record_id_1': 633981379, 'param_1': 1}
2026-08-01 12:20:25,155 INFO sqlalchemy.engine.Engine SELECT revenue_client_visits.id AS revenue_client_visits_id, revenue_client_visits.revenue_client_id AS revenue_client_visits_revenue_client_id, revenue_client_visits.altegio_record_id AS revenue_client_visits_altegio_record_id, revenue_client_visits.last_visit_date AS revenue_client_visits_last_visit_date, revenue_client_visits.previous_visit_date AS revenue_client_visits_previous_visit_date, revenue_client_visits.services AS revenue_client_visits_services, revenue_client_visits.master AS revenue_client_visits_master, revenue_client_visits.amount AS revenue_client_visits_amount, revenue_client_visits.visit_status AS revenue_client_visits_visit_status, revenue_client_visits.raw_data AS revenue_client_visits_raw_data, revenue_client_visits.created_at AS revenue_client_visits_created_at, revenue_client_visits.updated_at AS revenue_client_visits_updated_at 
FROM revenue_client_visits 
WHERE revenue_client_visits.altegio_record_id = %(altegio_record_id_1)s::INTEGER 
 LIMIT %(param_1)s::INTEGER
2026-08-01 12:20:25,155 INFO sqlalchemy.engine.Engine [cached since 29.16s ago] {'altegio_record_id_1': 626747493, 'param_1': 1}
2026-08-01 12:20:25,156 INFO sqlalchemy.engine.Engine SELECT revenue_client_visits.id AS revenue_client_visits_id, revenue_client_visits.revenue_client_id AS revenue_client_visits_revenue_client_id, revenue_client_visits.altegio_record_id AS revenue_client_visits_altegio_record_id, revenue_client_visits.last_visit_date AS revenue_client_visits_last_visit_date, revenue_client_visits.previous_visit_date AS revenue_client_visits_previous_visit_date, revenue_client_visits.services AS revenue_client_visits_services, revenue_client_visits.master AS revenue_client_visits_master, revenue_client_visits.amount AS revenue_client_visits_amount, revenue_client_visits.visit_status AS revenue_client_visits_visit_status, revenue_client_visits.raw_data AS revenue_client_visits_raw_data, revenue_client_visits.created_at AS revenue_client_visits_created_at, revenue_client_visits.updated_at AS revenue_client_visits_updated_at 
FROM revenue_client_visits 
WHERE revenue_client_visits.revenue_client_id = %(revenue_client_id_1)s::INTEGER ORDER BY revenue_client_visits.last_visit_date ASC, revenue_client_visits.id ASC
2026-08-01 12:20:25,157 INFO sqlalchemy.engine.Engine [cached since 29.16s ago] {'revenue_client_id_1': 153}
2026-08-01 12:20:25,336 INFO sqlalchemy.engine.Engine SELECT revenue_client_visits.id AS revenue_client_visits_id, revenue_client_visits.revenue_client_id AS revenue_client_visits_revenue_client_id, revenue_client_visits.altegio_record_id AS revenue_client_visits_altegio_record_id, revenue_client_visits.last_visit_date AS revenue_client_visits_last_visit_date, revenue_client_visits.previous_visit_date AS revenue_client_visits_previous_visit_date, revenue_client_visits.services AS revenue_client_visits_services, revenue_client_visits.master AS revenue_client_visits_master, revenue_client_visits.amount AS revenue_client_visits_amount, revenue_client_visits.visit_status AS revenue_client_visits_visit_status, revenue_client_visits.raw_data AS revenue_client_visits_raw_data, revenue_client_visits.created_at AS revenue_client_visits_created_at, revenue_client_visits.updated_at AS revenue_client_visits_updated_at 
FROM revenue_client_visits 
WHERE revenue_client_visits.altegio_record_id = %(altegio_record_id_1)s::INTEGER 
 LIMIT %(param_1)s::INTEGER
2026-08-01 12:20:25,336 INFO sqlalchemy.engine.Engine [cached since 29.34s ago] {'altegio_record_id_1': 628058405, 'param_1': 1}
2026-08-01 12:20:25,337 INFO sqlalchemy.engine.Engine SELECT revenue_client_visits.id AS revenue_client_visits_id, revenue_client_visits.revenue_client_id AS revenue_client_visits_revenue_client_id, revenue_client_visits.altegio_record_id AS revenue_client_visits_altegio_record_id, revenue_client_visits.last_visit_date AS revenue_client_visits_last_visit_date, revenue_client_visits.previous_visit_date AS revenue_client_visits_previous_visit_date, revenue_client_visits.services AS revenue_client_visits_services, revenue_client_visits.master AS revenue_client_visits_master, revenue_client_visits.amount AS revenue_client_visits_amount, revenue_client_visits.visit_status AS revenue_client_visits_visit_status, revenue_client_visits.raw_data AS revenue_client_visits_raw_data, revenue_client_visits.created_at AS revenue_client_visits_created_at, revenue_client_visits.updated_at AS revenue_client_visits_updated_at 
FROM revenue_client_visits 
WHERE revenue_client_visits.revenue_client_id = %(revenue_client_id_1)s::INTEGER ORDER BY revenue_client_visits.last_visit_date ASC, revenue_client_visits.id ASC
2026-08-01 12:20:25,337 INFO sqlalchemy.engine.Engine [cached since 29.34s ago] {'revenue_client_id_1': 154}
2026-08-01 12:20:25,512 INFO sqlalchemy.engine.Engine SELECT revenue_client_visits.id AS revenue_client_visits_id, revenue_client_visits.revenue_client_id AS revenue_client_visits_revenue_client_id, revenue_client_visits.altegio_record_id AS revenue_client_visits_altegio_record_id, revenue_client_visits.last_visit_date AS revenue_client_visits_last_visit_date, revenue_client_visits.previous_visit_date AS revenue_client_visits_previous_visit_date, revenue_client_visits.services AS revenue_client_visits_services, revenue_client_visits.master AS revenue_client_visits_master, revenue_client_visits.amount AS revenue_client_visits_amount, revenue_client_visits.visit_status AS revenue_client_visits_visit_status, revenue_client_visits.raw_data AS revenue_client_visits_raw_data, revenue_client_visits.created_at AS revenue_client_visits_created_at, revenue_client_visits.updated_at AS revenue_client_visits_updated_at 
FROM revenue_client_visits 
WHERE revenue_client_visits.altegio_record_id = %(altegio_record_id_1)s::INTEGER 
 LIMIT %(param_1)s::INTEGER
2026-08-01 12:20:25,512 INFO sqlalchemy.engine.Engine [cached since 29.52s ago] {'altegio_record_id_1': 658223057, 'param_1': 1}
2026-08-01 12:20:25,513 INFO sqlalchemy.engine.Engine SELECT revenue_client_visits.id AS revenue_client_visits_id, revenue_client_visits.revenue_client_id AS revenue_client_visits_revenue_client_id, revenue_client_visits.altegio_record_id AS revenue_client_visits_altegio_record_id, revenue_client_visits.last_visit_date AS revenue_client_visits_last_visit_date, revenue_client_visits.previous_visit_date AS revenue_client_visits_previous_visit_date, revenue_client_visits.services AS revenue_client_visits_services, revenue_client_visits.master AS revenue_client_visits_master, revenue_client_visits.amount AS revenue_client_visits_amount, revenue_client_visits.visit_status AS revenue_client_visits_visit_status, revenue_client_visits.raw_data AS revenue_client_visits_raw_data, revenue_client_visits.created_at AS revenue_client_visits_created_at, revenue_client_visits.updated_at AS revenue_client_visits_updated_at 
FROM revenue_client_visits 
WHERE revenue_client_visits.altegio_record_id = %(altegio_record_id_1)s::INTEGER 
 LIMIT %(param_1)s::INTEGER
2026-08-01 12:20:25,514 INFO sqlalchemy.engine.Engine [cached since 29.52s ago] {'altegio_record_id_1': 652094428, 'param_1': 1}
2026-08-01 12:20:25,515 INFO sqlalchemy.engine.Engine SELECT revenue_client_visits.id AS revenue_client_visits_id, revenue_client_visits.revenue_client_id AS revenue_client_visits_revenue_client_id, revenue_client_visits.altegio_record_id AS revenue_client_visits_altegio_record_id, revenue_client_visits.last_visit_date AS revenue_client_visits_last_visit_date, revenue_client_visits.previous_visit_date AS revenue_client_visits_previous_visit_date, revenue_client_visits.services AS revenue_client_visits_services, revenue_client_visits.master AS revenue_client_visits_master, revenue_client_visits.amount AS revenue_client_visits_amount, revenue_client_visits.visit_status AS revenue_client_visits_visit_status, revenue_client_visits.raw_data AS revenue_client_visits_raw_data, revenue_client_visits.created_at AS revenue_client_visits_created_at, revenue_client_visits.updated_at AS revenue_client_visits_updated_at 
FROM revenue_client_visits 
WHERE revenue_client_visits.altegio_record_id = %(altegio_record_id_1)s::INTEGER 
 LIMIT %(param_1)s::INTEGER
2026-08-01 12:20:25,515 INFO sqlalchemy.engine.Engine [cached since 29.52s ago] {'altegio_record_id_1': 626786485, 'param_1': 1}
2026-08-01 12:20:25,516 INFO sqlalchemy.engine.Engine SELECT revenue_client_visits.id AS revenue_client_visits_id, revenue_client_visits.revenue_client_id AS revenue_client_visits_revenue_client_id, revenue_client_visits.altegio_record_id AS revenue_client_visits_altegio_record_id, revenue_client_visits.last_visit_date AS revenue_client_visits_last_visit_date, revenue_client_visits.previous_visit_date AS revenue_client_visits_previous_visit_date, revenue_client_visits.services AS revenue_client_visits_services, revenue_client_visits.master AS revenue_client_visits_master, revenue_client_visits.amount AS revenue_client_visits_amount, revenue_client_visits.visit_status AS revenue_client_visits_visit_status, revenue_client_visits.raw_data AS revenue_client_visits_raw_data, revenue_client_visits.created_at AS revenue_client_visits_created_at, revenue_client_visits.updated_at AS revenue_client_visits_updated_at 
FROM revenue_client_visits 
WHERE revenue_client_visits.revenue_client_id = %(revenue_client_id_1)s::INTEGER ORDER BY revenue_client_visits.last_visit_date ASC, revenue_client_visits.id ASC
2026-08-01 12:20:25,516 INFO sqlalchemy.engine.Engine [cached since 29.52s ago] {'revenue_client_id_1': 155}
2026-08-01 12:20:25,816 INFO sqlalchemy.engine.Engine SELECT revenue_client_visits.id AS revenue_client_visits_id, revenue_client_visits.revenue_client_id AS revenue_client_visits_revenue_client_id, revenue_client_visits.altegio_record_id AS revenue_client_visits_altegio_record_id, revenue_client_visits.last_visit_date AS revenue_client_visits_last_visit_date, revenue_client_visits.previous_visit_date AS revenue_client_visits_previous_visit_date, revenue_client_visits.services AS revenue_client_visits_services, revenue_client_visits.master AS revenue_client_visits_master, revenue_client_visits.amount AS revenue_client_visits_amount, revenue_client_visits.visit_status AS revenue_client_visits_visit_status, revenue_client_visits.raw_data AS revenue_client_visits_raw_data, revenue_client_visits.created_at AS revenue_client_visits_created_at, revenue_client_visits.updated_at AS revenue_client_visits_updated_at 
FROM revenue_client_visits 
WHERE revenue_client_visits.altegio_record_id = %(altegio_record_id_1)s::INTEGER 
 LIMIT %(param_1)s::INTEGER
2026-08-01 12:20:25,816 INFO sqlalchemy.engine.Engine [cached since 29.82s ago] {'altegio_record_id_1': 659828076, 'param_1': 1}
2026-08-01 12:20:25,817 INFO sqlalchemy.engine.Engine SELECT revenue_client_visits.id AS revenue_client_visits_id, revenue_client_visits.revenue_client_id AS revenue_client_visits_revenue_client_id, revenue_client_visits.altegio_record_id AS revenue_client_visits_altegio_record_id, revenue_client_visits.last_visit_date AS revenue_client_visits_last_visit_date, revenue_client_visits.previous_visit_date AS revenue_client_visits_previous_visit_date, revenue_client_visits.services AS revenue_client_visits_services, revenue_client_visits.master AS revenue_client_visits_master, revenue_client_visits.amount AS revenue_client_visits_amount, revenue_client_visits.visit_status AS revenue_client_visits_visit_status, revenue_client_visits.raw_data AS revenue_client_visits_raw_data, revenue_client_visits.created_at AS revenue_client_visits_created_at, revenue_client_visits.updated_at AS revenue_client_visits_updated_at 
FROM revenue_client_visits 
WHERE revenue_client_visits.altegio_record_id = %(altegio_record_id_1)s::INTEGER 
 LIMIT %(param_1)s::INTEGER
2026-08-01 12:20:25,817 INFO sqlalchemy.engine.Engine [cached since 29.83s ago] {'altegio_record_id_1': 627052494, 'param_1': 1}
2026-08-01 12:20:25,818 INFO sqlalchemy.engine.Engine SELECT revenue_client_visits.id AS revenue_client_visits_id, revenue_client_visits.revenue_client_id AS revenue_client_visits_revenue_client_id, revenue_client_visits.altegio_record_id AS revenue_client_visits_altegio_record_id, revenue_client_visits.last_visit_date AS revenue_client_visits_last_visit_date, revenue_client_visits.previous_visit_date AS revenue_client_visits_previous_visit_date, revenue_client_visits.services AS revenue_client_visits_services, revenue_client_visits.master AS revenue_client_visits_master, revenue_client_visits.amount AS revenue_client_visits_amount, revenue_client_visits.visit_status AS revenue_client_visits_visit_status, revenue_client_visits.raw_data AS revenue_client_visits_raw_data, revenue_client_visits.created_at AS revenue_client_visits_created_at, revenue_client_visits.updated_at AS revenue_client_visits_updated_at 
FROM revenue_client_visits 
WHERE revenue_client_visits.revenue_client_id = %(revenue_client_id_1)s::INTEGER ORDER BY revenue_client_visits.last_visit_date ASC, revenue_client_visits.id ASC
2026-08-01 12:20:25,818 INFO sqlalchemy.engine.Engine [cached since 29.82s ago] {'revenue_client_id_1': 159}
2026-08-01 12:20:26,014 INFO sqlalchemy.engine.Engine SELECT revenue_client_visits.id AS revenue_client_visits_id, revenue_client_visits.revenue_client_id AS revenue_client_visits_revenue_client_id, revenue_client_visits.altegio_record_id AS revenue_client_visits_altegio_record_id, revenue_client_visits.last_visit_date AS revenue_client_visits_last_visit_date, revenue_client_visits.previous_visit_date AS revenue_client_visits_previous_visit_date, revenue_client_visits.services AS revenue_client_visits_services, revenue_client_visits.master AS revenue_client_visits_master, revenue_client_visits.amount AS revenue_client_visits_amount, revenue_client_visits.visit_status AS revenue_client_visits_visit_status, revenue_client_visits.raw_data AS revenue_client_visits_raw_data, revenue_client_visits.created_at AS revenue_client_visits_created_at, revenue_client_visits.updated_at AS revenue_client_visits_updated_at 
FROM revenue_client_visits 
WHERE revenue_client_visits.altegio_record_id = %(altegio_record_id_1)s::INTEGER 
 LIMIT %(param_1)s::INTEGER
2026-08-01 12:20:26,014 INFO sqlalchemy.engine.Engine [cached since 30.02s ago] {'altegio_record_id_1': 641854905, 'param_1': 1}
2026-08-01 12:20:26,016 INFO sqlalchemy.engine.Engine SELECT revenue_client_visits.id AS revenue_client_visits_id, revenue_client_visits.revenue_client_id AS revenue_client_visits_revenue_client_id, revenue_client_visits.altegio_record_id AS revenue_client_visits_altegio_record_id, revenue_client_visits.last_visit_date AS revenue_client_visits_last_visit_date, revenue_client_visits.previous_visit_date AS revenue_client_visits_previous_visit_date, revenue_client_visits.services AS revenue_client_visits_services, revenue_client_visits.master AS revenue_client_visits_master, revenue_client_visits.amount AS revenue_client_visits_amount, revenue_client_visits.visit_status AS revenue_client_visits_visit_status, revenue_client_visits.raw_data AS revenue_client_visits_raw_data, revenue_client_visits.created_at AS revenue_client_visits_created_at, revenue_client_visits.updated_at AS revenue_client_visits_updated_at 
FROM revenue_client_visits 
WHERE revenue_client_visits.altegio_record_id = %(altegio_record_id_1)s::INTEGER 
 LIMIT %(param_1)s::INTEGER
2026-08-01 12:20:26,016 INFO sqlalchemy.engine.Engine [cached since 30.02s ago] {'altegio_record_id_1': 627209683, 'param_1': 1}
2026-08-01 12:20:26,017 INFO sqlalchemy.engine.Engine SELECT revenue_client_visits.id AS revenue_client_visits_id, revenue_client_visits.revenue_client_id AS revenue_client_visits_revenue_client_id, revenue_client_visits.altegio_record_id AS revenue_client_visits_altegio_record_id, revenue_client_visits.last_visit_date AS revenue_client_visits_last_visit_date, revenue_client_visits.previous_visit_date AS revenue_client_visits_previous_visit_date, revenue_client_visits.services AS revenue_client_visits_services, revenue_client_visits.master AS revenue_client_visits_master, revenue_client_visits.amount AS revenue_client_visits_amount, revenue_client_visits.visit_status AS revenue_client_visits_visit_status, revenue_client_visits.raw_data AS revenue_client_visits_raw_data, revenue_client_visits.created_at AS revenue_client_visits_created_at, revenue_client_visits.updated_at AS revenue_client_visits_updated_at 
FROM revenue_client_visits 
WHERE revenue_client_visits.revenue_client_id = %(revenue_client_id_1)s::INTEGER ORDER BY revenue_client_visits.last_visit_date ASC, revenue_client_visits.id ASC
2026-08-01 12:20:26,017 INFO sqlalchemy.engine.Engine [cached since 30.02s ago] {'revenue_client_id_1': 160}
2026-08-01 12:20:26,185 INFO sqlalchemy.engine.Engine SELECT revenue_client_visits.id AS revenue_client_visits_id, revenue_client_visits.revenue_client_id AS revenue_client_visits_revenue_client_id, revenue_client_visits.altegio_record_id AS revenue_client_visits_altegio_record_id, revenue_client_visits.last_visit_date AS revenue_client_visits_last_visit_date, revenue_client_visits.previous_visit_date AS revenue_client_visits_previous_visit_date, revenue_client_visits.services AS revenue_client_visits_services, revenue_client_visits.master AS revenue_client_visits_master, revenue_client_visits.amount AS revenue_client_visits_amount, revenue_client_visits.visit_status AS revenue_client_visits_visit_status, revenue_client_visits.raw_data AS revenue_client_visits_raw_data, revenue_client_visits.created_at AS revenue_client_visits_created_at, revenue_client_visits.updated_at AS revenue_client_visits_updated_at 
FROM revenue_client_visits 
WHERE revenue_client_visits.altegio_record_id = %(altegio_record_id_1)s::INTEGER 
 LIMIT %(param_1)s::INTEGER
2026-08-01 12:20:26,186 INFO sqlalchemy.engine.Engine [cached since 30.19s ago] {'altegio_record_id_1': 627257093, 'param_1': 1}
2026-08-01 12:20:26,187 INFO sqlalchemy.engine.Engine SELECT revenue_client_visits.id AS revenue_client_visits_id, revenue_client_visits.revenue_client_id AS revenue_client_visits_revenue_client_id, revenue_client_visits.altegio_record_id AS revenue_client_visits_altegio_record_id, revenue_client_visits.last_visit_date AS revenue_client_visits_last_visit_date, revenue_client_visits.previous_visit_date AS revenue_client_visits_previous_visit_date, revenue_client_visits.services AS revenue_client_visits_services, revenue_client_visits.master AS revenue_client_visits_master, revenue_client_visits.amount AS revenue_client_visits_amount, revenue_client_visits.visit_status AS revenue_client_visits_visit_status, revenue_client_visits.raw_data AS revenue_client_visits_raw_data, revenue_client_visits.created_at AS revenue_client_visits_created_at, revenue_client_visits.updated_at AS revenue_client_visits_updated_at 
FROM revenue_client_visits 
WHERE revenue_client_visits.revenue_client_id = %(revenue_client_id_1)s::INTEGER ORDER BY revenue_client_visits.last_visit_date ASC, revenue_client_visits.id ASC
2026-08-01 12:20:26,187 INFO sqlalchemy.engine.Engine [cached since 30.19s ago] {'revenue_client_id_1': 161}
2026-08-01 12:20:26,352 INFO sqlalchemy.engine.Engine SELECT revenue_client_visits.id AS revenue_client_visits_id, revenue_client_visits.revenue_client_id AS revenue_client_visits_revenue_client_id, revenue_client_visits.altegio_record_id AS revenue_client_visits_altegio_record_id, revenue_client_visits.last_visit_date AS revenue_client_visits_last_visit_date, revenue_client_visits.previous_visit_date AS revenue_client_visits_previous_visit_date, revenue_client_visits.services AS revenue_client_visits_services, revenue_client_visits.master AS revenue_client_visits_master, revenue_client_visits.amount AS revenue_client_visits_amount, revenue_client_visits.visit_status AS revenue_client_visits_visit_status, revenue_client_visits.raw_data AS revenue_client_visits_raw_data, revenue_client_visits.created_at AS revenue_client_visits_created_at, revenue_client_visits.updated_at AS revenue_client_visits_updated_at 
FROM revenue_client_visits 
WHERE revenue_client_visits.altegio_record_id = %(altegio_record_id_1)s::INTEGER 
 LIMIT %(param_1)s::INTEGER
2026-08-01 12:20:26,352 INFO sqlalchemy.engine.Engine [cached since 30.36s ago] {'altegio_record_id_1': 627488118, 'param_1': 1}
2026-08-01 12:20:26,353 INFO sqlalchemy.engine.Engine SELECT revenue_client_visits.id AS revenue_client_visits_id, revenue_client_visits.revenue_client_id AS revenue_client_visits_revenue_client_id, revenue_client_visits.altegio_record_id AS revenue_client_visits_altegio_record_id, revenue_client_visits.last_visit_date AS revenue_client_visits_last_visit_date, revenue_client_visits.previous_visit_date AS revenue_client_visits_previous_visit_date, revenue_client_visits.services AS revenue_client_visits_services, revenue_client_visits.master AS revenue_client_visits_master, revenue_client_visits.amount AS revenue_client_visits_amount, revenue_client_visits.visit_status AS revenue_client_visits_visit_status, revenue_client_visits.raw_data AS revenue_client_visits_raw_data, revenue_client_visits.created_at AS revenue_client_visits_created_at, revenue_client_visits.updated_at AS revenue_client_visits_updated_at 
FROM revenue_client_visits 
WHERE revenue_client_visits.revenue_client_id = %(revenue_client_id_1)s::INTEGER ORDER BY revenue_client_visits.last_visit_date ASC, revenue_client_visits.id ASC
2026-08-01 12:20:26,353 INFO sqlalchemy.engine.Engine [cached since 30.35s ago] {'revenue_client_id_1': 162}
2026-08-01 12:20:26,509 INFO sqlalchemy.engine.Engine SELECT revenue_client_visits.id AS revenue_client_visits_id, revenue_client_visits.revenue_client_id AS revenue_client_visits_revenue_client_id, revenue_client_visits.altegio_record_id AS revenue_client_visits_altegio_record_id, revenue_client_visits.last_visit_date AS revenue_client_visits_last_visit_date, revenue_client_visits.previous_visit_date AS revenue_client_visits_previous_visit_date, revenue_client_visits.services AS revenue_client_visits_services, revenue_client_visits.master AS revenue_client_visits_master, revenue_client_visits.amount AS revenue_client_visits_amount, revenue_client_visits.visit_status AS revenue_client_visits_visit_status, revenue_client_visits.raw_data AS revenue_client_visits_raw_data, revenue_client_visits.created_at AS revenue_client_visits_created_at, revenue_client_visits.updated_at AS revenue_client_visits_updated_at 
FROM revenue_client_visits 
WHERE revenue_client_visits.altegio_record_id = %(altegio_record_id_1)s::INTEGER 
 LIMIT %(param_1)s::INTEGER
2026-08-01 12:20:26,510 INFO sqlalchemy.engine.Engine [cached since 30.52s ago] {'altegio_record_id_1': 627532288, 'param_1': 1}
2026-08-01 12:20:26,511 INFO sqlalchemy.engine.Engine SELECT revenue_client_visits.id AS revenue_client_visits_id, revenue_client_visits.revenue_client_id AS revenue_client_visits_revenue_client_id, revenue_client_visits.altegio_record_id AS revenue_client_visits_altegio_record_id, revenue_client_visits.last_visit_date AS revenue_client_visits_last_visit_date, revenue_client_visits.previous_visit_date AS revenue_client_visits_previous_visit_date, revenue_client_visits.services AS revenue_client_visits_services, revenue_client_visits.master AS revenue_client_visits_master, revenue_client_visits.amount AS revenue_client_visits_amount, revenue_client_visits.visit_status AS revenue_client_visits_visit_status, revenue_client_visits.raw_data AS revenue_client_visits_raw_data, revenue_client_visits.created_at AS revenue_client_visits_created_at, revenue_client_visits.updated_at AS revenue_client_visits_updated_at 
FROM revenue_client_visits 
WHERE revenue_client_visits.revenue_client_id = %(revenue_client_id_1)s::INTEGER ORDER BY revenue_client_visits.last_visit_date ASC, revenue_client_visits.id ASC
2026-08-01 12:20:26,511 INFO sqlalchemy.engine.Engine [cached since 30.51s ago] {'revenue_client_id_1': 163}
2026-08-01 12:20:26,683 INFO sqlalchemy.engine.Engine SELECT revenue_client_visits.id AS revenue_client_visits_id, revenue_client_visits.revenue_client_id AS revenue_client_visits_revenue_client_id, revenue_client_visits.altegio_record_id AS revenue_client_visits_altegio_record_id, revenue_client_visits.last_visit_date AS revenue_client_visits_last_visit_date, revenue_client_visits.previous_visit_date AS revenue_client_visits_previous_visit_date, revenue_client_visits.services AS revenue_client_visits_services, revenue_client_visits.master AS revenue_client_visits_master, revenue_client_visits.amount AS revenue_client_visits_amount, revenue_client_visits.visit_status AS revenue_client_visits_visit_status, revenue_client_visits.raw_data AS revenue_client_visits_raw_data, revenue_client_visits.created_at AS revenue_client_visits_created_at, revenue_client_visits.updated_at AS revenue_client_visits_updated_at 
FROM revenue_client_visits 
WHERE revenue_client_visits.altegio_record_id = %(altegio_record_id_1)s::INTEGER 
 LIMIT %(param_1)s::INTEGER
2026-08-01 12:20:26,683 INFO sqlalchemy.engine.Engine [cached since 30.69s ago] {'altegio_record_id_1': 628368891, 'param_1': 1}
2026-08-01 12:20:26,684 INFO sqlalchemy.engine.Engine SELECT revenue_client_visits.id AS revenue_client_visits_id, revenue_client_visits.revenue_client_id AS revenue_client_visits_revenue_client_id, revenue_client_visits.altegio_record_id AS revenue_client_visits_altegio_record_id, revenue_client_visits.last_visit_date AS revenue_client_visits_last_visit_date, revenue_client_visits.previous_visit_date AS revenue_client_visits_previous_visit_date, revenue_client_visits.services AS revenue_client_visits_services, revenue_client_visits.master AS revenue_client_visits_master, revenue_client_visits.amount AS revenue_client_visits_amount, revenue_client_visits.visit_status AS revenue_client_visits_visit_status, revenue_client_visits.raw_data AS revenue_client_visits_raw_data, revenue_client_visits.created_at AS revenue_client_visits_created_at, revenue_client_visits.updated_at AS revenue_client_visits_updated_at 
FROM revenue_client_visits 
WHERE revenue_client_visits.altegio_record_id = %(altegio_record_id_1)s::INTEGER 
 LIMIT %(param_1)s::INTEGER
2026-08-01 12:20:26,684 INFO sqlalchemy.engine.Engine [cached since 30.69s ago] {'altegio_record_id_1': 627712233, 'param_1': 1}
2026-08-01 12:20:26,685 INFO sqlalchemy.engine.Engine SELECT revenue_client_visits.id AS revenue_client_visits_id, revenue_client_visits.revenue_client_id AS revenue_client_visits_revenue_client_id, revenue_client_visits.altegio_record_id AS revenue_client_visits_altegio_record_id, revenue_client_visits.last_visit_date AS revenue_client_visits_last_visit_date, revenue_client_visits.previous_visit_date AS revenue_client_visits_previous_visit_date, revenue_client_visits.services AS revenue_client_visits_services, revenue_client_visits.master AS revenue_client_visits_master, revenue_client_visits.amount AS revenue_client_visits_amount, revenue_client_visits.visit_status AS revenue_client_visits_visit_status, revenue_client_visits.raw_data AS revenue_client_visits_raw_data, revenue_client_visits.created_at AS revenue_client_visits_created_at, revenue_client_visits.updated_at AS revenue_client_visits_updated_at 
FROM revenue_client_visits 
WHERE revenue_client_visits.revenue_client_id = %(revenue_client_id_1)s::INTEGER ORDER BY revenue_client_visits.last_visit_date ASC, revenue_client_visits.id ASC
2026-08-01 12:20:26,685 INFO sqlalchemy.engine.Engine [cached since 30.69s ago] {'revenue_client_id_1': 164}
2026-08-01 12:20:26,995 INFO sqlalchemy.engine.Engine SELECT revenue_client_visits.id AS revenue_client_visits_id, revenue_client_visits.revenue_client_id AS revenue_client_visits_revenue_client_id, revenue_client_visits.altegio_record_id AS revenue_client_visits_altegio_record_id, revenue_client_visits.last_visit_date AS revenue_client_visits_last_visit_date, revenue_client_visits.previous_visit_date AS revenue_client_visits_previous_visit_date, revenue_client_visits.services AS revenue_client_visits_services, revenue_client_visits.master AS revenue_client_visits_master, revenue_client_visits.amount AS revenue_client_visits_amount, revenue_client_visits.visit_status AS revenue_client_visits_visit_status, revenue_client_visits.raw_data AS revenue_client_visits_raw_data, revenue_client_visits.created_at AS revenue_client_visits_created_at, revenue_client_visits.updated_at AS revenue_client_visits_updated_at 
FROM revenue_client_visits 
WHERE revenue_client_visits.altegio_record_id = %(altegio_record_id_1)s::INTEGER 
 LIMIT %(param_1)s::INTEGER
2026-08-01 12:20:26,995 INFO sqlalchemy.engine.Engine [cached since 31s ago] {'altegio_record_id_1': 627795910, 'param_1': 1}
2026-08-01 12:20:26,997 INFO sqlalchemy.engine.Engine SELECT revenue_client_visits.id AS revenue_client_visits_id, revenue_client_visits.revenue_client_id AS revenue_client_visits_revenue_client_id, revenue_client_visits.altegio_record_id AS revenue_client_visits_altegio_record_id, revenue_client_visits.last_visit_date AS revenue_client_visits_last_visit_date, revenue_client_visits.previous_visit_date AS revenue_client_visits_previous_visit_date, revenue_client_visits.services AS revenue_client_visits_services, revenue_client_visits.master AS revenue_client_visits_master, revenue_client_visits.amount AS revenue_client_visits_amount, revenue_client_visits.visit_status AS revenue_client_visits_visit_status, revenue_client_visits.raw_data AS revenue_client_visits_raw_data, revenue_client_visits.created_at AS revenue_client_visits_created_at, revenue_client_visits.updated_at AS revenue_client_visits_updated_at 
FROM revenue_client_visits 
WHERE revenue_client_visits.revenue_client_id = %(revenue_client_id_1)s::INTEGER ORDER BY revenue_client_visits.last_visit_date ASC, revenue_client_visits.id ASC
2026-08-01 12:20:26,997 INFO sqlalchemy.engine.Engine [cached since 31s ago] {'revenue_client_id_1': 166}
2026-08-01 12:20:27,200 INFO sqlalchemy.engine.Engine SELECT revenue_client_visits.id AS revenue_client_visits_id, revenue_client_visits.revenue_client_id AS revenue_client_visits_revenue_client_id, revenue_client_visits.altegio_record_id AS revenue_client_visits_altegio_record_id, revenue_client_visits.last_visit_date AS revenue_client_visits_last_visit_date, revenue_client_visits.previous_visit_date AS revenue_client_visits_previous_visit_date, revenue_client_visits.services AS revenue_client_visits_services, revenue_client_visits.master AS revenue_client_visits_master, revenue_client_visits.amount AS revenue_client_visits_amount, revenue_client_visits.visit_status AS revenue_client_visits_visit_status, revenue_client_visits.raw_data AS revenue_client_visits_raw_data, revenue_client_visits.created_at AS revenue_client_visits_created_at, revenue_client_visits.updated_at AS revenue_client_visits_updated_at 
FROM revenue_client_visits 
WHERE revenue_client_visits.altegio_record_id = %(altegio_record_id_1)s::INTEGER 
 LIMIT %(param_1)s::INTEGER
2026-08-01 12:20:27,200 INFO sqlalchemy.engine.Engine [cached since 31.21s ago] {'altegio_record_id_1': 627838178, 'param_1': 1}
2026-08-01 12:20:27,202 INFO sqlalchemy.engine.Engine SELECT revenue_client_visits.id AS revenue_client_visits_id, revenue_client_visits.revenue_client_id AS revenue_client_visits_revenue_client_id, revenue_client_visits.altegio_record_id AS revenue_client_visits_altegio_record_id, revenue_client_visits.last_visit_date AS revenue_client_visits_last_visit_date, revenue_client_visits.previous_visit_date AS revenue_client_visits_previous_visit_date, revenue_client_visits.services AS revenue_client_visits_services, revenue_client_visits.master AS revenue_client_visits_master, revenue_client_visits.amount AS revenue_client_visits_amount, revenue_client_visits.visit_status AS revenue_client_visits_visit_status, revenue_client_visits.raw_data AS revenue_client_visits_raw_data, revenue_client_visits.created_at AS revenue_client_visits_created_at, revenue_client_visits.updated_at AS revenue_client_visits_updated_at 
FROM revenue_client_visits 
WHERE revenue_client_visits.revenue_client_id = %(revenue_client_id_1)s::INTEGER ORDER BY revenue_client_visits.last_visit_date ASC, revenue_client_visits.id ASC
2026-08-01 12:20:27,202 INFO sqlalchemy.engine.Engine [cached since 31.2s ago] {'revenue_client_id_1': 167}
2026-08-01 12:20:27,370 INFO sqlalchemy.engine.Engine SELECT revenue_client_visits.id AS revenue_client_visits_id, revenue_client_visits.revenue_client_id AS revenue_client_visits_revenue_client_id, revenue_client_visits.altegio_record_id AS revenue_client_visits_altegio_record_id, revenue_client_visits.last_visit_date AS revenue_client_visits_last_visit_date, revenue_client_visits.previous_visit_date AS revenue_client_visits_previous_visit_date, revenue_client_visits.services AS revenue_client_visits_services, revenue_client_visits.master AS revenue_client_visits_master, revenue_client_visits.amount AS revenue_client_visits_amount, revenue_client_visits.visit_status AS revenue_client_visits_visit_status, revenue_client_visits.raw_data AS revenue_client_visits_raw_data, revenue_client_visits.created_at AS revenue_client_visits_created_at, revenue_client_visits.updated_at AS revenue_client_visits_updated_at 
FROM revenue_client_visits 
WHERE revenue_client_visits.altegio_record_id = %(altegio_record_id_1)s::INTEGER 
 LIMIT %(param_1)s::INTEGER
2026-08-01 12:20:27,371 INFO sqlalchemy.engine.Engine [cached since 31.38s ago] {'altegio_record_id_1': 629879474, 'param_1': 1}
2026-08-01 12:20:27,372 INFO sqlalchemy.engine.Engine SELECT revenue_client_visits.id AS revenue_client_visits_id, revenue_client_visits.revenue_client_id AS revenue_client_visits_revenue_client_id, revenue_client_visits.altegio_record_id AS revenue_client_visits_altegio_record_id, revenue_client_visits.last_visit_date AS revenue_client_visits_last_visit_date, revenue_client_visits.previous_visit_date AS revenue_client_visits_previous_visit_date, revenue_client_visits.services AS revenue_client_visits_services, revenue_client_visits.master AS revenue_client_visits_master, revenue_client_visits.amount AS revenue_client_visits_amount, revenue_client_visits.visit_status AS revenue_client_visits_visit_status, revenue_client_visits.raw_data AS revenue_client_visits_raw_data, revenue_client_visits.created_at AS revenue_client_visits_created_at, revenue_client_visits.updated_at AS revenue_client_visits_updated_at 
FROM revenue_client_visits 
WHERE revenue_client_visits.altegio_record_id = %(altegio_record_id_1)s::INTEGER 
 LIMIT %(param_1)s::INTEGER
2026-08-01 12:20:27,372 INFO sqlalchemy.engine.Engine [cached since 31.38s ago] {'altegio_record_id_1': 628037856, 'param_1': 1}
2026-08-01 12:20:27,373 INFO sqlalchemy.engine.Engine SELECT revenue_client_visits.id AS revenue_client_visits_id, revenue_client_visits.revenue_client_id AS revenue_client_visits_revenue_client_id, revenue_client_visits.altegio_record_id AS revenue_client_visits_altegio_record_id, revenue_client_visits.last_visit_date AS revenue_client_visits_last_visit_date, revenue_client_visits.previous_visit_date AS revenue_client_visits_previous_visit_date, revenue_client_visits.services AS revenue_client_visits_services, revenue_client_visits.master AS revenue_client_visits_master, revenue_client_visits.amount AS revenue_client_visits_amount, revenue_client_visits.visit_status AS revenue_client_visits_visit_status, revenue_client_visits.raw_data AS revenue_client_visits_raw_data, revenue_client_visits.created_at AS revenue_client_visits_created_at, revenue_client_visits.updated_at AS revenue_client_visits_updated_at 
FROM revenue_client_visits 
WHERE revenue_client_visits.revenue_client_id = %(revenue_client_id_1)s::INTEGER ORDER BY revenue_client_visits.last_visit_date ASC, revenue_client_visits.id ASC
2026-08-01 12:20:27,373 INFO sqlalchemy.engine.Engine [cached since 31.37s ago] {'revenue_client_id_1': 168}
2026-08-01 12:20:27,585 INFO sqlalchemy.engine.Engine SELECT revenue_client_visits.id AS revenue_client_visits_id, revenue_client_visits.revenue_client_id AS revenue_client_visits_revenue_client_id, revenue_client_visits.altegio_record_id AS revenue_client_visits_altegio_record_id, revenue_client_visits.last_visit_date AS revenue_client_visits_last_visit_date, revenue_client_visits.previous_visit_date AS revenue_client_visits_previous_visit_date, revenue_client_visits.services AS revenue_client_visits_services, revenue_client_visits.master AS revenue_client_visits_master, revenue_client_visits.amount AS revenue_client_visits_amount, revenue_client_visits.visit_status AS revenue_client_visits_visit_status, revenue_client_visits.raw_data AS revenue_client_visits_raw_data, revenue_client_visits.created_at AS revenue_client_visits_created_at, revenue_client_visits.updated_at AS revenue_client_visits_updated_at 
FROM revenue_client_visits 
WHERE revenue_client_visits.altegio_record_id = %(altegio_record_id_1)s::INTEGER 
 LIMIT %(param_1)s::INTEGER
2026-08-01 12:20:27,585 INFO sqlalchemy.engine.Engine [cached since 31.59s ago] {'altegio_record_id_1': 652648585, 'param_1': 1}
2026-08-01 12:20:27,586 INFO sqlalchemy.engine.Engine SELECT revenue_client_visits.id AS revenue_client_visits_id, revenue_client_visits.revenue_client_id AS revenue_client_visits_revenue_client_id, revenue_client_visits.altegio_record_id AS revenue_client_visits_altegio_record_id, revenue_client_visits.last_visit_date AS revenue_client_visits_last_visit_date, revenue_client_visits.previous_visit_date AS revenue_client_visits_previous_visit_date, revenue_client_visits.services AS revenue_client_visits_services, revenue_client_visits.master AS revenue_client_visits_master, revenue_client_visits.amount AS revenue_client_visits_amount, revenue_client_visits.visit_status AS revenue_client_visits_visit_status, revenue_client_visits.raw_data AS revenue_client_visits_raw_data, revenue_client_visits.created_at AS revenue_client_visits_created_at, revenue_client_visits.updated_at AS revenue_client_visits_updated_at 
FROM revenue_client_visits 
WHERE revenue_client_visits.altegio_record_id = %(altegio_record_id_1)s::INTEGER 
 LIMIT %(param_1)s::INTEGER
2026-08-01 12:20:27,586 INFO sqlalchemy.engine.Engine [cached since 31.59s ago] {'altegio_record_id_1': 628056771, 'param_1': 1}
2026-08-01 12:20:27,587 INFO sqlalchemy.engine.Engine SELECT revenue_client_visits.id AS revenue_client_visits_id, revenue_client_visits.revenue_client_id AS revenue_client_visits_revenue_client_id, revenue_client_visits.altegio_record_id AS revenue_client_visits_altegio_record_id, revenue_client_visits.last_visit_date AS revenue_client_visits_last_visit_date, revenue_client_visits.previous_visit_date AS revenue_client_visits_previous_visit_date, revenue_client_visits.services AS revenue_client_visits_services, revenue_client_visits.master AS revenue_client_visits_master, revenue_client_visits.amount AS revenue_client_visits_amount, revenue_client_visits.visit_status AS revenue_client_visits_visit_status, revenue_client_visits.raw_data AS revenue_client_visits_raw_data, revenue_client_visits.created_at AS revenue_client_visits_created_at, revenue_client_visits.updated_at AS revenue_client_visits_updated_at 
FROM revenue_client_visits 
WHERE revenue_client_visits.revenue_client_id = %(revenue_client_id_1)s::INTEGER ORDER BY revenue_client_visits.last_visit_date ASC, revenue_client_visits.id ASC
2026-08-01 12:20:27,587 INFO sqlalchemy.engine.Engine [cached since 31.59s ago] {'revenue_client_id_1': 169}
2026-08-01 12:20:27,764 INFO sqlalchemy.engine.Engine SELECT revenue_client_visits.id AS revenue_client_visits_id, revenue_client_visits.revenue_client_id AS revenue_client_visits_revenue_client_id, revenue_client_visits.altegio_record_id AS revenue_client_visits_altegio_record_id, revenue_client_visits.last_visit_date AS revenue_client_visits_last_visit_date, revenue_client_visits.previous_visit_date AS revenue_client_visits_previous_visit_date, revenue_client_visits.services AS revenue_client_visits_services, revenue_client_visits.master AS revenue_client_visits_master, revenue_client_visits.amount AS revenue_client_visits_amount, revenue_client_visits.visit_status AS revenue_client_visits_visit_status, revenue_client_visits.raw_data AS revenue_client_visits_raw_data, revenue_client_visits.created_at AS revenue_client_visits_created_at, revenue_client_visits.updated_at AS revenue_client_visits_updated_at 
FROM revenue_client_visits 
WHERE revenue_client_visits.altegio_record_id = %(altegio_record_id_1)s::INTEGER 
 LIMIT %(param_1)s::INTEGER
2026-08-01 12:20:27,764 INFO sqlalchemy.engine.Engine [cached since 31.77s ago] {'altegio_record_id_1': 628204263, 'param_1': 1}
2026-08-01 12:20:27,765 INFO sqlalchemy.engine.Engine SELECT revenue_client_visits.id AS revenue_client_visits_id, revenue_client_visits.revenue_client_id AS revenue_client_visits_revenue_client_id, revenue_client_visits.altegio_record_id AS revenue_client_visits_altegio_record_id, revenue_client_visits.last_visit_date AS revenue_client_visits_last_visit_date, revenue_client_visits.previous_visit_date AS revenue_client_visits_previous_visit_date, revenue_client_visits.services AS revenue_client_visits_services, revenue_client_visits.master AS revenue_client_visits_master, revenue_client_visits.amount AS revenue_client_visits_amount, revenue_client_visits.visit_status AS revenue_client_visits_visit_status, revenue_client_visits.raw_data AS revenue_client_visits_raw_data, revenue_client_visits.created_at AS revenue_client_visits_created_at, revenue_client_visits.updated_at AS revenue_client_visits_updated_at 
FROM revenue_client_visits 
WHERE revenue_client_visits.revenue_client_id = %(revenue_client_id_1)s::INTEGER ORDER BY revenue_client_visits.last_visit_date ASC, revenue_client_visits.id ASC
2026-08-01 12:20:27,765 INFO sqlalchemy.engine.Engine [cached since 31.76s ago] {'revenue_client_id_1': 170}
2026-08-01 12:20:27,942 INFO sqlalchemy.engine.Engine SELECT revenue_client_visits.id AS revenue_client_visits_id, revenue_client_visits.revenue_client_id AS revenue_client_visits_revenue_client_id, revenue_client_visits.altegio_record_id AS revenue_client_visits_altegio_record_id, revenue_client_visits.last_visit_date AS revenue_client_visits_last_visit_date, revenue_client_visits.previous_visit_date AS revenue_client_visits_previous_visit_date, revenue_client_visits.services AS revenue_client_visits_services, revenue_client_visits.master AS revenue_client_visits_master, revenue_client_visits.amount AS revenue_client_visits_amount, revenue_client_visits.visit_status AS revenue_client_visits_visit_status, revenue_client_visits.raw_data AS revenue_client_visits_raw_data, revenue_client_visits.created_at AS revenue_client_visits_created_at, revenue_client_visits.updated_at AS revenue_client_visits_updated_at 
FROM revenue_client_visits 
WHERE revenue_client_visits.altegio_record_id = %(altegio_record_id_1)s::INTEGER 
 LIMIT %(param_1)s::INTEGER
2026-08-01 12:20:27,942 INFO sqlalchemy.engine.Engine [cached since 31.95s ago] {'altegio_record_id_1': 631197295, 'param_1': 1}
2026-08-01 12:20:27,943 INFO sqlalchemy.engine.Engine SELECT revenue_client_visits.id AS revenue_client_visits_id, revenue_client_visits.revenue_client_id AS revenue_client_visits_revenue_client_id, revenue_client_visits.altegio_record_id AS revenue_client_visits_altegio_record_id, revenue_client_visits.last_visit_date AS revenue_client_visits_last_visit_date, revenue_client_visits.previous_visit_date AS revenue_client_visits_previous_visit_date, revenue_client_visits.services AS revenue_client_visits_services, revenue_client_visits.master AS revenue_client_visits_master, revenue_client_visits.amount AS revenue_client_visits_amount, revenue_client_visits.visit_status AS revenue_client_visits_visit_status, revenue_client_visits.raw_data AS revenue_client_visits_raw_data, revenue_client_visits.created_at AS revenue_client_visits_created_at, revenue_client_visits.updated_at AS revenue_client_visits_updated_at 
FROM revenue_client_visits 
WHERE revenue_client_visits.altegio_record_id = %(altegio_record_id_1)s::INTEGER 
 LIMIT %(param_1)s::INTEGER
2026-08-01 12:20:27,943 INFO sqlalchemy.engine.Engine [cached since 31.95s ago] {'altegio_record_id_1': 628226501, 'param_1': 1}
2026-08-01 12:20:27,944 INFO sqlalchemy.engine.Engine SELECT revenue_client_visits.id AS revenue_client_visits_id, revenue_client_visits.revenue_client_id AS revenue_client_visits_revenue_client_id, revenue_client_visits.altegio_record_id AS revenue_client_visits_altegio_record_id, revenue_client_visits.last_visit_date AS revenue_client_visits_last_visit_date, revenue_client_visits.previous_visit_date AS revenue_client_visits_previous_visit_date, revenue_client_visits.services AS revenue_client_visits_services, revenue_client_visits.master AS revenue_client_visits_master, revenue_client_visits.amount AS revenue_client_visits_amount, revenue_client_visits.visit_status AS revenue_client_visits_visit_status, revenue_client_visits.raw_data AS revenue_client_visits_raw_data, revenue_client_visits.created_at AS revenue_client_visits_created_at, revenue_client_visits.updated_at AS revenue_client_visits_updated_at 
FROM revenue_client_visits 
WHERE revenue_client_visits.revenue_client_id = %(revenue_client_id_1)s::INTEGER ORDER BY revenue_client_visits.last_visit_date ASC, revenue_client_visits.id ASC
2026-08-01 12:20:27,944 INFO sqlalchemy.engine.Engine [cached since 31.94s ago] {'revenue_client_id_1': 171}
2026-08-01 12:20:28,140 INFO sqlalchemy.engine.Engine SELECT revenue_client_visits.id AS revenue_client_visits_id, revenue_client_visits.revenue_client_id AS revenue_client_visits_revenue_client_id, revenue_client_visits.altegio_record_id AS revenue_client_visits_altegio_record_id, revenue_client_visits.last_visit_date AS revenue_client_visits_last_visit_date, revenue_client_visits.previous_visit_date AS revenue_client_visits_previous_visit_date, revenue_client_visits.services AS revenue_client_visits_services, revenue_client_visits.master AS revenue_client_visits_master, revenue_client_visits.amount AS revenue_client_visits_amount, revenue_client_visits.visit_status AS revenue_client_visits_visit_status, revenue_client_visits.raw_data AS revenue_client_visits_raw_data, revenue_client_visits.created_at AS revenue_client_visits_created_at, revenue_client_visits.updated_at AS revenue_client_visits_updated_at 
FROM revenue_client_visits 
WHERE revenue_client_visits.altegio_record_id = %(altegio_record_id_1)s::INTEGER 
 LIMIT %(param_1)s::INTEGER
2026-08-01 12:20:28,140 INFO sqlalchemy.engine.Engine [cached since 32.15s ago] {'altegio_record_id_1': 628236691, 'param_1': 1}
2026-08-01 12:20:28,141 INFO sqlalchemy.engine.Engine SELECT revenue_client_visits.id AS revenue_client_visits_id, revenue_client_visits.revenue_client_id AS revenue_client_visits_revenue_client_id, revenue_client_visits.altegio_record_id AS revenue_client_visits_altegio_record_id, revenue_client_visits.last_visit_date AS revenue_client_visits_last_visit_date, revenue_client_visits.previous_visit_date AS revenue_client_visits_previous_visit_date, revenue_client_visits.services AS revenue_client_visits_services, revenue_client_visits.master AS revenue_client_visits_master, revenue_client_visits.amount AS revenue_client_visits_amount, revenue_client_visits.visit_status AS revenue_client_visits_visit_status, revenue_client_visits.raw_data AS revenue_client_visits_raw_data, revenue_client_visits.created_at AS revenue_client_visits_created_at, revenue_client_visits.updated_at AS revenue_client_visits_updated_at 
FROM revenue_client_visits 
WHERE revenue_client_visits.revenue_client_id = %(revenue_client_id_1)s::INTEGER ORDER BY revenue_client_visits.last_visit_date ASC, revenue_client_visits.id ASC
2026-08-01 12:20:28,141 INFO sqlalchemy.engine.Engine [cached since 32.14s ago] {'revenue_client_id_1': 172}
2026-08-01 12:20:28,318 INFO sqlalchemy.engine.Engine SELECT revenue_client_visits.id AS revenue_client_visits_id, revenue_client_visits.revenue_client_id AS revenue_client_visits_revenue_client_id, revenue_client_visits.altegio_record_id AS revenue_client_visits_altegio_record_id, revenue_client_visits.last_visit_date AS revenue_client_visits_last_visit_date, revenue_client_visits.previous_visit_date AS revenue_client_visits_previous_visit_date, revenue_client_visits.services AS revenue_client_visits_services, revenue_client_visits.master AS revenue_client_visits_master, revenue_client_visits.amount AS revenue_client_visits_amount, revenue_client_visits.visit_status AS revenue_client_visits_visit_status, revenue_client_visits.raw_data AS revenue_client_visits_raw_data, revenue_client_visits.created_at AS revenue_client_visits_created_at, revenue_client_visits.updated_at AS revenue_client_visits_updated_at 
FROM revenue_client_visits 
WHERE revenue_client_visits.altegio_record_id = %(altegio_record_id_1)s::INTEGER 
 LIMIT %(param_1)s::INTEGER
2026-08-01 12:20:28,318 INFO sqlalchemy.engine.Engine [cached since 32.33s ago] {'altegio_record_id_1': 628340573, 'param_1': 1}
2026-08-01 12:20:28,319 INFO sqlalchemy.engine.Engine SELECT revenue_client_visits.id AS revenue_client_visits_id, revenue_client_visits.revenue_client_id AS revenue_client_visits_revenue_client_id, revenue_client_visits.altegio_record_id AS revenue_client_visits_altegio_record_id, revenue_client_visits.last_visit_date AS revenue_client_visits_last_visit_date, revenue_client_visits.previous_visit_date AS revenue_client_visits_previous_visit_date, revenue_client_visits.services AS revenue_client_visits_services, revenue_client_visits.master AS revenue_client_visits_master, revenue_client_visits.amount AS revenue_client_visits_amount, revenue_client_visits.visit_status AS revenue_client_visits_visit_status, revenue_client_visits.raw_data AS revenue_client_visits_raw_data, revenue_client_visits.created_at AS revenue_client_visits_created_at, revenue_client_visits.updated_at AS revenue_client_visits_updated_at 
FROM revenue_client_visits 
WHERE revenue_client_visits.revenue_client_id = %(revenue_client_id_1)s::INTEGER ORDER BY revenue_client_visits.last_visit_date ASC, revenue_client_visits.id ASC
2026-08-01 12:20:28,319 INFO sqlalchemy.engine.Engine [cached since 32.32s ago] {'revenue_client_id_1': 173}
2026-08-01 12:20:28,623 INFO sqlalchemy.engine.Engine SELECT revenue_client_visits.id AS revenue_client_visits_id, revenue_client_visits.revenue_client_id AS revenue_client_visits_revenue_client_id, revenue_client_visits.altegio_record_id AS revenue_client_visits_altegio_record_id, revenue_client_visits.last_visit_date AS revenue_client_visits_last_visit_date, revenue_client_visits.previous_visit_date AS revenue_client_visits_previous_visit_date, revenue_client_visits.services AS revenue_client_visits_services, revenue_client_visits.master AS revenue_client_visits_master, revenue_client_visits.amount AS revenue_client_visits_amount, revenue_client_visits.visit_status AS revenue_client_visits_visit_status, revenue_client_visits.raw_data AS revenue_client_visits_raw_data, revenue_client_visits.created_at AS revenue_client_visits_created_at, revenue_client_visits.updated_at AS revenue_client_visits_updated_at 
FROM revenue_client_visits 
WHERE revenue_client_visits.altegio_record_id = %(altegio_record_id_1)s::INTEGER 
 LIMIT %(param_1)s::INTEGER
2026-08-01 12:20:28,623 INFO sqlalchemy.engine.Engine [cached since 32.63s ago] {'altegio_record_id_1': 628857040, 'param_1': 1}
2026-08-01 12:20:28,624 INFO sqlalchemy.engine.Engine SELECT revenue_client_visits.id AS revenue_client_visits_id, revenue_client_visits.revenue_client_id AS revenue_client_visits_revenue_client_id, revenue_client_visits.altegio_record_id AS revenue_client_visits_altegio_record_id, revenue_client_visits.last_visit_date AS revenue_client_visits_last_visit_date, revenue_client_visits.previous_visit_date AS revenue_client_visits_previous_visit_date, revenue_client_visits.services AS revenue_client_visits_services, revenue_client_visits.master AS revenue_client_visits_master, revenue_client_visits.amount AS revenue_client_visits_amount, revenue_client_visits.visit_status AS revenue_client_visits_visit_status, revenue_client_visits.raw_data AS revenue_client_visits_raw_data, revenue_client_visits.created_at AS revenue_client_visits_created_at, revenue_client_visits.updated_at AS revenue_client_visits_updated_at 
FROM revenue_client_visits 
WHERE revenue_client_visits.revenue_client_id = %(revenue_client_id_1)s::INTEGER ORDER BY revenue_client_visits.last_visit_date ASC, revenue_client_visits.id ASC
2026-08-01 12:20:28,624 INFO sqlalchemy.engine.Engine [cached since 32.62s ago] {'revenue_client_id_1': 175}
2026-08-01 12:20:28,805 INFO sqlalchemy.engine.Engine SELECT revenue_client_visits.id AS revenue_client_visits_id, revenue_client_visits.revenue_client_id AS revenue_client_visits_revenue_client_id, revenue_client_visits.altegio_record_id AS revenue_client_visits_altegio_record_id, revenue_client_visits.last_visit_date AS revenue_client_visits_last_visit_date, revenue_client_visits.previous_visit_date AS revenue_client_visits_previous_visit_date, revenue_client_visits.services AS revenue_client_visits_services, revenue_client_visits.master AS revenue_client_visits_master, revenue_client_visits.amount AS revenue_client_visits_amount, revenue_client_visits.visit_status AS revenue_client_visits_visit_status, revenue_client_visits.raw_data AS revenue_client_visits_raw_data, revenue_client_visits.created_at AS revenue_client_visits_created_at, revenue_client_visits.updated_at AS revenue_client_visits_updated_at 
FROM revenue_client_visits 
WHERE revenue_client_visits.altegio_record_id = %(altegio_record_id_1)s::INTEGER 
 LIMIT %(param_1)s::INTEGER
2026-08-01 12:20:28,805 INFO sqlalchemy.engine.Engine [cached since 32.81s ago] {'altegio_record_id_1': 637889372, 'param_1': 1}
2026-08-01 12:20:28,806 INFO sqlalchemy.engine.Engine SELECT revenue_client_visits.id AS revenue_client_visits_id, revenue_client_visits.revenue_client_id AS revenue_client_visits_revenue_client_id, revenue_client_visits.altegio_record_id AS revenue_client_visits_altegio_record_id, revenue_client_visits.last_visit_date AS revenue_client_visits_last_visit_date, revenue_client_visits.previous_visit_date AS revenue_client_visits_previous_visit_date, revenue_client_visits.services AS revenue_client_visits_services, revenue_client_visits.master AS revenue_client_visits_master, revenue_client_visits.amount AS revenue_client_visits_amount, revenue_client_visits.visit_status AS revenue_client_visits_visit_status, revenue_client_visits.raw_data AS revenue_client_visits_raw_data, revenue_client_visits.created_at AS revenue_client_visits_created_at, revenue_client_visits.updated_at AS revenue_client_visits_updated_at 
FROM revenue_client_visits 
WHERE revenue_client_visits.altegio_record_id = %(altegio_record_id_1)s::INTEGER 
 LIMIT %(param_1)s::INTEGER
2026-08-01 12:20:28,806 INFO sqlalchemy.engine.Engine [cached since 32.82s ago] {'altegio_record_id_1': 628859095, 'param_1': 1}
2026-08-01 12:20:28,807 INFO sqlalchemy.engine.Engine SELECT revenue_client_visits.id AS revenue_client_visits_id, revenue_client_visits.revenue_client_id AS revenue_client_visits_revenue_client_id, revenue_client_visits.altegio_record_id AS revenue_client_visits_altegio_record_id, revenue_client_visits.last_visit_date AS revenue_client_visits_last_visit_date, revenue_client_visits.previous_visit_date AS revenue_client_visits_previous_visit_date, revenue_client_visits.services AS revenue_client_visits_services, revenue_client_visits.master AS revenue_client_visits_master, revenue_client_visits.amount AS revenue_client_visits_amount, revenue_client_visits.visit_status AS revenue_client_visits_visit_status, revenue_client_visits.raw_data AS revenue_client_visits_raw_data, revenue_client_visits.created_at AS revenue_client_visits_created_at, revenue_client_visits.updated_at AS revenue_client_visits_updated_at 
FROM revenue_client_visits 
WHERE revenue_client_visits.revenue_client_id = %(revenue_client_id_1)s::INTEGER ORDER BY revenue_client_visits.last_visit_date ASC, revenue_client_visits.id ASC
2026-08-01 12:20:28,807 INFO sqlalchemy.engine.Engine [cached since 32.81s ago] {'revenue_client_id_1': 176}
2026-08-01 12:20:28,975 INFO sqlalchemy.engine.Engine SELECT revenue_client_visits.id AS revenue_client_visits_id, revenue_client_visits.revenue_client_id AS revenue_client_visits_revenue_client_id, revenue_client_visits.altegio_record_id AS revenue_client_visits_altegio_record_id, revenue_client_visits.last_visit_date AS revenue_client_visits_last_visit_date, revenue_client_visits.previous_visit_date AS revenue_client_visits_previous_visit_date, revenue_client_visits.services AS revenue_client_visits_services, revenue_client_visits.master AS revenue_client_visits_master, revenue_client_visits.amount AS revenue_client_visits_amount, revenue_client_visits.visit_status AS revenue_client_visits_visit_status, revenue_client_visits.raw_data AS revenue_client_visits_raw_data, revenue_client_visits.created_at AS revenue_client_visits_created_at, revenue_client_visits.updated_at AS revenue_client_visits_updated_at 
FROM revenue_client_visits 
WHERE revenue_client_visits.altegio_record_id = %(altegio_record_id_1)s::INTEGER 
 LIMIT %(param_1)s::INTEGER
2026-08-01 12:20:28,975 INFO sqlalchemy.engine.Engine [cached since 32.98s ago] {'altegio_record_id_1': 628952506, 'param_1': 1}
2026-08-01 12:20:28,976 INFO sqlalchemy.engine.Engine SELECT revenue_client_visits.id AS revenue_client_visits_id, revenue_client_visits.revenue_client_id AS revenue_client_visits_revenue_client_id, revenue_client_visits.altegio_record_id AS revenue_client_visits_altegio_record_id, revenue_client_visits.last_visit_date AS revenue_client_visits_last_visit_date, revenue_client_visits.previous_visit_date AS revenue_client_visits_previous_visit_date, revenue_client_visits.services AS revenue_client_visits_services, revenue_client_visits.master AS revenue_client_visits_master, revenue_client_visits.amount AS revenue_client_visits_amount, revenue_client_visits.visit_status AS revenue_client_visits_visit_status, revenue_client_visits.raw_data AS revenue_client_visits_raw_data, revenue_client_visits.created_at AS revenue_client_visits_created_at, revenue_client_visits.updated_at AS revenue_client_visits_updated_at 
FROM revenue_client_visits 
WHERE revenue_client_visits.revenue_client_id = %(revenue_client_id_1)s::INTEGER ORDER BY revenue_client_visits.last_visit_date ASC, revenue_client_visits.id ASC
2026-08-01 12:20:28,977 INFO sqlalchemy.engine.Engine [cached since 32.98s ago] {'revenue_client_id_1': 177}
2026-08-01 12:20:29,140 INFO sqlalchemy.engine.Engine SELECT revenue_client_visits.id AS revenue_client_visits_id, revenue_client_visits.revenue_client_id AS revenue_client_visits_revenue_client_id, revenue_client_visits.altegio_record_id AS revenue_client_visits_altegio_record_id, revenue_client_visits.last_visit_date AS revenue_client_visits_last_visit_date, revenue_client_visits.previous_visit_date AS revenue_client_visits_previous_visit_date, revenue_client_visits.services AS revenue_client_visits_services, revenue_client_visits.master AS revenue_client_visits_master, revenue_client_visits.amount AS revenue_client_visits_amount, revenue_client_visits.visit_status AS revenue_client_visits_visit_status, revenue_client_visits.raw_data AS revenue_client_visits_raw_data, revenue_client_visits.created_at AS revenue_client_visits_created_at, revenue_client_visits.updated_at AS revenue_client_visits_updated_at 
FROM revenue_client_visits 
WHERE revenue_client_visits.altegio_record_id = %(altegio_record_id_1)s::INTEGER 
 LIMIT %(param_1)s::INTEGER
2026-08-01 12:20:29,140 INFO sqlalchemy.engine.Engine [cached since 33.15s ago] {'altegio_record_id_1': 628999632, 'param_1': 1}
2026-08-01 12:20:29,142 INFO sqlalchemy.engine.Engine SELECT revenue_client_visits.id AS revenue_client_visits_id, revenue_client_visits.revenue_client_id AS revenue_client_visits_revenue_client_id, revenue_client_visits.altegio_record_id AS revenue_client_visits_altegio_record_id, revenue_client_visits.last_visit_date AS revenue_client_visits_last_visit_date, revenue_client_visits.previous_visit_date AS revenue_client_visits_previous_visit_date, revenue_client_visits.services AS revenue_client_visits_services, revenue_client_visits.master AS revenue_client_visits_master, revenue_client_visits.amount AS revenue_client_visits_amount, revenue_client_visits.visit_status AS revenue_client_visits_visit_status, revenue_client_visits.raw_data AS revenue_client_visits_raw_data, revenue_client_visits.created_at AS revenue_client_visits_created_at, revenue_client_visits.updated_at AS revenue_client_visits_updated_at 
FROM revenue_client_visits 
WHERE revenue_client_visits.revenue_client_id = %(revenue_client_id_1)s::INTEGER ORDER BY revenue_client_visits.last_visit_date ASC, revenue_client_visits.id ASC
2026-08-01 12:20:29,142 INFO sqlalchemy.engine.Engine [cached since 33.14s ago] {'revenue_client_id_1': 178}
2026-08-01 12:20:29,332 INFO sqlalchemy.engine.Engine SELECT revenue_client_visits.id AS revenue_client_visits_id, revenue_client_visits.revenue_client_id AS revenue_client_visits_revenue_client_id, revenue_client_visits.altegio_record_id AS revenue_client_visits_altegio_record_id, revenue_client_visits.last_visit_date AS revenue_client_visits_last_visit_date, revenue_client_visits.previous_visit_date AS revenue_client_visits_previous_visit_date, revenue_client_visits.services AS revenue_client_visits_services, revenue_client_visits.master AS revenue_client_visits_master, revenue_client_visits.amount AS revenue_client_visits_amount, revenue_client_visits.visit_status AS revenue_client_visits_visit_status, revenue_client_visits.raw_data AS revenue_client_visits_raw_data, revenue_client_visits.created_at AS revenue_client_visits_created_at, revenue_client_visits.updated_at AS revenue_client_visits_updated_at 
FROM revenue_client_visits 
WHERE revenue_client_visits.altegio_record_id = %(altegio_record_id_1)s::INTEGER 
 LIMIT %(param_1)s::INTEGER
2026-08-01 12:20:29,333 INFO sqlalchemy.engine.Engine [cached since 33.34s ago] {'altegio_record_id_1': 629028674, 'param_1': 1}
2026-08-01 12:20:29,334 INFO sqlalchemy.engine.Engine SELECT revenue_client_visits.id AS revenue_client_visits_id, revenue_client_visits.revenue_client_id AS revenue_client_visits_revenue_client_id, revenue_client_visits.altegio_record_id AS revenue_client_visits_altegio_record_id, revenue_client_visits.last_visit_date AS revenue_client_visits_last_visit_date, revenue_client_visits.previous_visit_date AS revenue_client_visits_previous_visit_date, revenue_client_visits.services AS revenue_client_visits_services, revenue_client_visits.master AS revenue_client_visits_master, revenue_client_visits.amount AS revenue_client_visits_amount, revenue_client_visits.visit_status AS revenue_client_visits_visit_status, revenue_client_visits.raw_data AS revenue_client_visits_raw_data, revenue_client_visits.created_at AS revenue_client_visits_created_at, revenue_client_visits.updated_at AS revenue_client_visits_updated_at 
FROM revenue_client_visits 
WHERE revenue_client_visits.revenue_client_id = %(revenue_client_id_1)s::INTEGER ORDER BY revenue_client_visits.last_visit_date ASC, revenue_client_visits.id ASC
2026-08-01 12:20:29,334 INFO sqlalchemy.engine.Engine [cached since 33.33s ago] {'revenue_client_id_1': 179}
2026-08-01 12:20:29,512 INFO sqlalchemy.engine.Engine SELECT revenue_client_visits.id AS revenue_client_visits_id, revenue_client_visits.revenue_client_id AS revenue_client_visits_revenue_client_id, revenue_client_visits.altegio_record_id AS revenue_client_visits_altegio_record_id, revenue_client_visits.last_visit_date AS revenue_client_visits_last_visit_date, revenue_client_visits.previous_visit_date AS revenue_client_visits_previous_visit_date, revenue_client_visits.services AS revenue_client_visits_services, revenue_client_visits.master AS revenue_client_visits_master, revenue_client_visits.amount AS revenue_client_visits_amount, revenue_client_visits.visit_status AS revenue_client_visits_visit_status, revenue_client_visits.raw_data AS revenue_client_visits_raw_data, revenue_client_visits.created_at AS revenue_client_visits_created_at, revenue_client_visits.updated_at AS revenue_client_visits_updated_at 
FROM revenue_client_visits 
WHERE revenue_client_visits.altegio_record_id = %(altegio_record_id_1)s::INTEGER 
 LIMIT %(param_1)s::INTEGER
2026-08-01 12:20:29,512 INFO sqlalchemy.engine.Engine [cached since 33.52s ago] {'altegio_record_id_1': 629405187, 'param_1': 1}
2026-08-01 12:20:29,513 INFO sqlalchemy.engine.Engine SELECT revenue_client_visits.id AS revenue_client_visits_id, revenue_client_visits.revenue_client_id AS revenue_client_visits_revenue_client_id, revenue_client_visits.altegio_record_id AS revenue_client_visits_altegio_record_id, revenue_client_visits.last_visit_date AS revenue_client_visits_last_visit_date, revenue_client_visits.previous_visit_date AS revenue_client_visits_previous_visit_date, revenue_client_visits.services AS revenue_client_visits_services, revenue_client_visits.master AS revenue_client_visits_master, revenue_client_visits.amount AS revenue_client_visits_amount, revenue_client_visits.visit_status AS revenue_client_visits_visit_status, revenue_client_visits.raw_data AS revenue_client_visits_raw_data, revenue_client_visits.created_at AS revenue_client_visits_created_at, revenue_client_visits.updated_at AS revenue_client_visits_updated_at 
FROM revenue_client_visits 
WHERE revenue_client_visits.revenue_client_id = %(revenue_client_id_1)s::INTEGER ORDER BY revenue_client_visits.last_visit_date ASC, revenue_client_visits.id ASC
2026-08-01 12:20:29,514 INFO sqlalchemy.engine.Engine [cached since 33.51s ago] {'revenue_client_id_1': 180}
2026-08-01 12:20:29,684 INFO sqlalchemy.engine.Engine SELECT revenue_client_visits.id AS revenue_client_visits_id, revenue_client_visits.revenue_client_id AS revenue_client_visits_revenue_client_id, revenue_client_visits.altegio_record_id AS revenue_client_visits_altegio_record_id, revenue_client_visits.last_visit_date AS revenue_client_visits_last_visit_date, revenue_client_visits.previous_visit_date AS revenue_client_visits_previous_visit_date, revenue_client_visits.services AS revenue_client_visits_services, revenue_client_visits.master AS revenue_client_visits_master, revenue_client_visits.amount AS revenue_client_visits_amount, revenue_client_visits.visit_status AS revenue_client_visits_visit_status, revenue_client_visits.raw_data AS revenue_client_visits_raw_data, revenue_client_visits.created_at AS revenue_client_visits_created_at, revenue_client_visits.updated_at AS revenue_client_visits_updated_at 
FROM revenue_client_visits 
WHERE revenue_client_visits.altegio_record_id = %(altegio_record_id_1)s::INTEGER 
 LIMIT %(param_1)s::INTEGER
2026-08-01 12:20:29,684 INFO sqlalchemy.engine.Engine [cached since 33.69s ago] {'altegio_record_id_1': 629597667, 'param_1': 1}
2026-08-01 12:20:29,685 INFO sqlalchemy.engine.Engine SELECT revenue_client_visits.id AS revenue_client_visits_id, revenue_client_visits.revenue_client_id AS revenue_client_visits_revenue_client_id, revenue_client_visits.altegio_record_id AS revenue_client_visits_altegio_record_id, revenue_client_visits.last_visit_date AS revenue_client_visits_last_visit_date, revenue_client_visits.previous_visit_date AS revenue_client_visits_previous_visit_date, revenue_client_visits.services AS revenue_client_visits_services, revenue_client_visits.master AS revenue_client_visits_master, revenue_client_visits.amount AS revenue_client_visits_amount, revenue_client_visits.visit_status AS revenue_client_visits_visit_status, revenue_client_visits.raw_data AS revenue_client_visits_raw_data, revenue_client_visits.created_at AS revenue_client_visits_created_at, revenue_client_visits.updated_at AS revenue_client_visits_updated_at 
FROM revenue_client_visits 
WHERE revenue_client_visits.altegio_record_id = %(altegio_record_id_1)s::INTEGER 
 LIMIT %(param_1)s::INTEGER
2026-08-01 12:20:29,686 INFO sqlalchemy.engine.Engine [cached since 33.69s ago] {'altegio_record_id_1': 629421270, 'param_1': 1}
2026-08-01 12:20:29,687 INFO sqlalchemy.engine.Engine SELECT revenue_client_visits.id AS revenue_client_visits_id, revenue_client_visits.revenue_client_id AS revenue_client_visits_revenue_client_id, revenue_client_visits.altegio_record_id AS revenue_client_visits_altegio_record_id, revenue_client_visits.last_visit_date AS revenue_client_visits_last_visit_date, revenue_client_visits.previous_visit_date AS revenue_client_visits_previous_visit_date, revenue_client_visits.services AS revenue_client_visits_services, revenue_client_visits.master AS revenue_client_visits_master, revenue_client_visits.amount AS revenue_client_visits_amount, revenue_client_visits.visit_status AS revenue_client_visits_visit_status, revenue_client_visits.raw_data AS revenue_client_visits_raw_data, revenue_client_visits.created_at AS revenue_client_visits_created_at, revenue_client_visits.updated_at AS revenue_client_visits_updated_at 
FROM revenue_client_visits 
WHERE revenue_client_visits.revenue_client_id = %(revenue_client_id_1)s::INTEGER ORDER BY revenue_client_visits.last_visit_date ASC, revenue_client_visits.id ASC
2026-08-01 12:20:29,687 INFO sqlalchemy.engine.Engine [cached since 33.69s ago] {'revenue_client_id_1': 181}
2026-08-01 12:20:29,858 INFO sqlalchemy.engine.Engine SELECT revenue_client_visits.id AS revenue_client_visits_id, revenue_client_visits.revenue_client_id AS revenue_client_visits_revenue_client_id, revenue_client_visits.altegio_record_id AS revenue_client_visits_altegio_record_id, revenue_client_visits.last_visit_date AS revenue_client_visits_last_visit_date, revenue_client_visits.previous_visit_date AS revenue_client_visits_previous_visit_date, revenue_client_visits.services AS revenue_client_visits_services, revenue_client_visits.master AS revenue_client_visits_master, revenue_client_visits.amount AS revenue_client_visits_amount, revenue_client_visits.visit_status AS revenue_client_visits_visit_status, revenue_client_visits.raw_data AS revenue_client_visits_raw_data, revenue_client_visits.created_at AS revenue_client_visits_created_at, revenue_client_visits.updated_at AS revenue_client_visits_updated_at 
FROM revenue_client_visits 
WHERE revenue_client_visits.altegio_record_id = %(altegio_record_id_1)s::INTEGER 
 LIMIT %(param_1)s::INTEGER
2026-08-01 12:20:29,858 INFO sqlalchemy.engine.Engine [cached since 33.87s ago] {'altegio_record_id_1': 651694059, 'param_1': 1}
2026-08-01 12:20:29,859 INFO sqlalchemy.engine.Engine SELECT revenue_client_visits.id AS revenue_client_visits_id, revenue_client_visits.revenue_client_id AS revenue_client_visits_revenue_client_id, revenue_client_visits.altegio_record_id AS revenue_client_visits_altegio_record_id, revenue_client_visits.last_visit_date AS revenue_client_visits_last_visit_date, revenue_client_visits.previous_visit_date AS revenue_client_visits_previous_visit_date, revenue_client_visits.services AS revenue_client_visits_services, revenue_client_visits.master AS revenue_client_visits_master, revenue_client_visits.amount AS revenue_client_visits_amount, revenue_client_visits.visit_status AS revenue_client_visits_visit_status, revenue_client_visits.raw_data AS revenue_client_visits_raw_data, revenue_client_visits.created_at AS revenue_client_visits_created_at, revenue_client_visits.updated_at AS revenue_client_visits_updated_at 
FROM revenue_client_visits 
WHERE revenue_client_visits.altegio_record_id = %(altegio_record_id_1)s::INTEGER 
 LIMIT %(param_1)s::INTEGER
2026-08-01 12:20:29,859 INFO sqlalchemy.engine.Engine [cached since 33.87s ago] {'altegio_record_id_1': 642293566, 'param_1': 1}
2026-08-01 12:20:29,860 INFO sqlalchemy.engine.Engine SELECT revenue_client_visits.id AS revenue_client_visits_id, revenue_client_visits.revenue_client_id AS revenue_client_visits_revenue_client_id, revenue_client_visits.altegio_record_id AS revenue_client_visits_altegio_record_id, revenue_client_visits.last_visit_date AS revenue_client_visits_last_visit_date, revenue_client_visits.previous_visit_date AS revenue_client_visits_previous_visit_date, revenue_client_visits.services AS revenue_client_visits_services, revenue_client_visits.master AS revenue_client_visits_master, revenue_client_visits.amount AS revenue_client_visits_amount, revenue_client_visits.visit_status AS revenue_client_visits_visit_status, revenue_client_visits.raw_data AS revenue_client_visits_raw_data, revenue_client_visits.created_at AS revenue_client_visits_created_at, revenue_client_visits.updated_at AS revenue_client_visits_updated_at 
FROM revenue_client_visits 
WHERE revenue_client_visits.altegio_record_id = %(altegio_record_id_1)s::INTEGER 
 LIMIT %(param_1)s::INTEGER
2026-08-01 12:20:29,860 INFO sqlalchemy.engine.Engine [cached since 33.87s ago] {'altegio_record_id_1': 633066463, 'param_1': 1}
2026-08-01 12:20:29,861 INFO sqlalchemy.engine.Engine SELECT revenue_client_visits.id AS revenue_client_visits_id, revenue_client_visits.revenue_client_id AS revenue_client_visits_revenue_client_id, revenue_client_visits.altegio_record_id AS revenue_client_visits_altegio_record_id, revenue_client_visits.last_visit_date AS revenue_client_visits_last_visit_date, revenue_client_visits.previous_visit_date AS revenue_client_visits_previous_visit_date, revenue_client_visits.services AS revenue_client_visits_services, revenue_client_visits.master AS revenue_client_visits_master, revenue_client_visits.amount AS revenue_client_visits_amount, revenue_client_visits.visit_status AS revenue_client_visits_visit_status, revenue_client_visits.raw_data AS revenue_client_visits_raw_data, revenue_client_visits.created_at AS revenue_client_visits_created_at, revenue_client_visits.updated_at AS revenue_client_visits_updated_at 
FROM revenue_client_visits 
WHERE revenue_client_visits.altegio_record_id = %(altegio_record_id_1)s::INTEGER 
 LIMIT %(param_1)s::INTEGER
2026-08-01 12:20:29,861 INFO sqlalchemy.engine.Engine [cached since 33.87s ago] {'altegio_record_id_1': 629581061, 'param_1': 1}
2026-08-01 12:20:29,861 INFO sqlalchemy.engine.Engine SELECT revenue_client_visits.id AS revenue_client_visits_id, revenue_client_visits.revenue_client_id AS revenue_client_visits_revenue_client_id, revenue_client_visits.altegio_record_id AS revenue_client_visits_altegio_record_id, revenue_client_visits.last_visit_date AS revenue_client_visits_last_visit_date, revenue_client_visits.previous_visit_date AS revenue_client_visits_previous_visit_date, revenue_client_visits.services AS revenue_client_visits_services, revenue_client_visits.master AS revenue_client_visits_master, revenue_client_visits.amount AS revenue_client_visits_amount, revenue_client_visits.visit_status AS revenue_client_visits_visit_status, revenue_client_visits.raw_data AS revenue_client_visits_raw_data, revenue_client_visits.created_at AS revenue_client_visits_created_at, revenue_client_visits.updated_at AS revenue_client_visits_updated_at 
FROM revenue_client_visits 
WHERE revenue_client_visits.revenue_client_id = %(revenue_client_id_1)s::INTEGER ORDER BY revenue_client_visits.last_visit_date ASC, revenue_client_visits.id ASC
2026-08-01 12:20:29,861 INFO sqlalchemy.engine.Engine [cached since 33.86s ago] {'revenue_client_id_1': 182}
2026-08-01 12:20:30,047 INFO sqlalchemy.engine.Engine SELECT revenue_client_visits.id AS revenue_client_visits_id, revenue_client_visits.revenue_client_id AS revenue_client_visits_revenue_client_id, revenue_client_visits.altegio_record_id AS revenue_client_visits_altegio_record_id, revenue_client_visits.last_visit_date AS revenue_client_visits_last_visit_date, revenue_client_visits.previous_visit_date AS revenue_client_visits_previous_visit_date, revenue_client_visits.services AS revenue_client_visits_services, revenue_client_visits.master AS revenue_client_visits_master, revenue_client_visits.amount AS revenue_client_visits_amount, revenue_client_visits.visit_status AS revenue_client_visits_visit_status, revenue_client_visits.raw_data AS revenue_client_visits_raw_data, revenue_client_visits.created_at AS revenue_client_visits_created_at, revenue_client_visits.updated_at AS revenue_client_visits_updated_at 
FROM revenue_client_visits 
WHERE revenue_client_visits.altegio_record_id = %(altegio_record_id_1)s::INTEGER 
 LIMIT %(param_1)s::INTEGER
2026-08-01 12:20:30,047 INFO sqlalchemy.engine.Engine [cached since 34.06s ago] {'altegio_record_id_1': 644122570, 'param_1': 1}
2026-08-01 12:20:30,049 INFO sqlalchemy.engine.Engine SELECT revenue_client_visits.id AS revenue_client_visits_id, revenue_client_visits.revenue_client_id AS revenue_client_visits_revenue_client_id, revenue_client_visits.altegio_record_id AS revenue_client_visits_altegio_record_id, revenue_client_visits.last_visit_date AS revenue_client_visits_last_visit_date, revenue_client_visits.previous_visit_date AS revenue_client_visits_previous_visit_date, revenue_client_visits.services AS revenue_client_visits_services, revenue_client_visits.master AS revenue_client_visits_master, revenue_client_visits.amount AS revenue_client_visits_amount, revenue_client_visits.visit_status AS revenue_client_visits_visit_status, revenue_client_visits.raw_data AS revenue_client_visits_raw_data, revenue_client_visits.created_at AS revenue_client_visits_created_at, revenue_client_visits.updated_at AS revenue_client_visits_updated_at 
FROM revenue_client_visits 
WHERE revenue_client_visits.altegio_record_id = %(altegio_record_id_1)s::INTEGER 
 LIMIT %(param_1)s::INTEGER
2026-08-01 12:20:30,049 INFO sqlalchemy.engine.Engine [cached since 34.06s ago] {'altegio_record_id_1': 629691953, 'param_1': 1}
2026-08-01 12:20:30,050 INFO sqlalchemy.engine.Engine SELECT revenue_client_visits.id AS revenue_client_visits_id, revenue_client_visits.revenue_client_id AS revenue_client_visits_revenue_client_id, revenue_client_visits.altegio_record_id AS revenue_client_visits_altegio_record_id, revenue_client_visits.last_visit_date AS revenue_client_visits_last_visit_date, revenue_client_visits.previous_visit_date AS revenue_client_visits_previous_visit_date, revenue_client_visits.services AS revenue_client_visits_services, revenue_client_visits.master AS revenue_client_visits_master, revenue_client_visits.amount AS revenue_client_visits_amount, revenue_client_visits.visit_status AS revenue_client_visits_visit_status, revenue_client_visits.raw_data AS revenue_client_visits_raw_data, revenue_client_visits.created_at AS revenue_client_visits_created_at, revenue_client_visits.updated_at AS revenue_client_visits_updated_at 
FROM revenue_client_visits 
WHERE revenue_client_visits.revenue_client_id = %(revenue_client_id_1)s::INTEGER ORDER BY revenue_client_visits.last_visit_date ASC, revenue_client_visits.id ASC
2026-08-01 12:20:30,050 INFO sqlalchemy.engine.Engine [cached since 34.05s ago] {'revenue_client_id_1': 183}
2026-08-01 12:20:30,223 INFO sqlalchemy.engine.Engine SELECT revenue_client_visits.id AS revenue_client_visits_id, revenue_client_visits.revenue_client_id AS revenue_client_visits_revenue_client_id, revenue_client_visits.altegio_record_id AS revenue_client_visits_altegio_record_id, revenue_client_visits.last_visit_date AS revenue_client_visits_last_visit_date, revenue_client_visits.previous_visit_date AS revenue_client_visits_previous_visit_date, revenue_client_visits.services AS revenue_client_visits_services, revenue_client_visits.master AS revenue_client_visits_master, revenue_client_visits.amount AS revenue_client_visits_amount, revenue_client_visits.visit_status AS revenue_client_visits_visit_status, revenue_client_visits.raw_data AS revenue_client_visits_raw_data, revenue_client_visits.created_at AS revenue_client_visits_created_at, revenue_client_visits.updated_at AS revenue_client_visits_updated_at 
FROM revenue_client_visits 
WHERE revenue_client_visits.altegio_record_id = %(altegio_record_id_1)s::INTEGER 
 LIMIT %(param_1)s::INTEGER
2026-08-01 12:20:30,224 INFO sqlalchemy.engine.Engine [cached since 34.23s ago] {'altegio_record_id_1': 629720651, 'param_1': 1}
2026-08-01 12:20:30,225 INFO sqlalchemy.engine.Engine SELECT revenue_client_visits.id AS revenue_client_visits_id, revenue_client_visits.revenue_client_id AS revenue_client_visits_revenue_client_id, revenue_client_visits.altegio_record_id AS revenue_client_visits_altegio_record_id, revenue_client_visits.last_visit_date AS revenue_client_visits_last_visit_date, revenue_client_visits.previous_visit_date AS revenue_client_visits_previous_visit_date, revenue_client_visits.services AS revenue_client_visits_services, revenue_client_visits.master AS revenue_client_visits_master, revenue_client_visits.amount AS revenue_client_visits_amount, revenue_client_visits.visit_status AS revenue_client_visits_visit_status, revenue_client_visits.raw_data AS revenue_client_visits_raw_data, revenue_client_visits.created_at AS revenue_client_visits_created_at, revenue_client_visits.updated_at AS revenue_client_visits_updated_at 
FROM revenue_client_visits 
WHERE revenue_client_visits.revenue_client_id = %(revenue_client_id_1)s::INTEGER ORDER BY revenue_client_visits.last_visit_date ASC, revenue_client_visits.id ASC
2026-08-01 12:20:30,225 INFO sqlalchemy.engine.Engine [cached since 34.23s ago] {'revenue_client_id_1': 184}
2026-08-01 12:20:30,383 INFO sqlalchemy.engine.Engine SELECT revenue_client_visits.id AS revenue_client_visits_id, revenue_client_visits.revenue_client_id AS revenue_client_visits_revenue_client_id, revenue_client_visits.altegio_record_id AS revenue_client_visits_altegio_record_id, revenue_client_visits.last_visit_date AS revenue_client_visits_last_visit_date, revenue_client_visits.previous_visit_date AS revenue_client_visits_previous_visit_date, revenue_client_visits.services AS revenue_client_visits_services, revenue_client_visits.master AS revenue_client_visits_master, revenue_client_visits.amount AS revenue_client_visits_amount, revenue_client_visits.visit_status AS revenue_client_visits_visit_status, revenue_client_visits.raw_data AS revenue_client_visits_raw_data, revenue_client_visits.created_at AS revenue_client_visits_created_at, revenue_client_visits.updated_at AS revenue_client_visits_updated_at 
FROM revenue_client_visits 
WHERE revenue_client_visits.altegio_record_id = %(altegio_record_id_1)s::INTEGER 
 LIMIT %(param_1)s::INTEGER
2026-08-01 12:20:30,383 INFO sqlalchemy.engine.Engine [cached since 34.39s ago] {'altegio_record_id_1': 629723571, 'param_1': 1}
2026-08-01 12:20:30,385 INFO sqlalchemy.engine.Engine SELECT revenue_client_visits.id AS revenue_client_visits_id, revenue_client_visits.revenue_client_id AS revenue_client_visits_revenue_client_id, revenue_client_visits.altegio_record_id AS revenue_client_visits_altegio_record_id, revenue_client_visits.last_visit_date AS revenue_client_visits_last_visit_date, revenue_client_visits.previous_visit_date AS revenue_client_visits_previous_visit_date, revenue_client_visits.services AS revenue_client_visits_services, revenue_client_visits.master AS revenue_client_visits_master, revenue_client_visits.amount AS revenue_client_visits_amount, revenue_client_visits.visit_status AS revenue_client_visits_visit_status, revenue_client_visits.raw_data AS revenue_client_visits_raw_data, revenue_client_visits.created_at AS revenue_client_visits_created_at, revenue_client_visits.updated_at AS revenue_client_visits_updated_at 
FROM revenue_client_visits 
WHERE revenue_client_visits.revenue_client_id = %(revenue_client_id_1)s::INTEGER ORDER BY revenue_client_visits.last_visit_date ASC, revenue_client_visits.id ASC
2026-08-01 12:20:30,385 INFO sqlalchemy.engine.Engine [cached since 34.38s ago] {'revenue_client_id_1': 185}
2026-08-01 12:20:30,574 INFO sqlalchemy.engine.Engine SELECT revenue_client_visits.id AS revenue_client_visits_id, revenue_client_visits.revenue_client_id AS revenue_client_visits_revenue_client_id, revenue_client_visits.altegio_record_id AS revenue_client_visits_altegio_record_id, revenue_client_visits.last_visit_date AS revenue_client_visits_last_visit_date, revenue_client_visits.previous_visit_date AS revenue_client_visits_previous_visit_date, revenue_client_visits.services AS revenue_client_visits_services, revenue_client_visits.master AS revenue_client_visits_master, revenue_client_visits.amount AS revenue_client_visits_amount, revenue_client_visits.visit_status AS revenue_client_visits_visit_status, revenue_client_visits.raw_data AS revenue_client_visits_raw_data, revenue_client_visits.created_at AS revenue_client_visits_created_at, revenue_client_visits.updated_at AS revenue_client_visits_updated_at 
FROM revenue_client_visits 
WHERE revenue_client_visits.altegio_record_id = %(altegio_record_id_1)s::INTEGER 
 LIMIT %(param_1)s::INTEGER
2026-08-01 12:20:30,574 INFO sqlalchemy.engine.Engine [cached since 34.58s ago] {'altegio_record_id_1': 650648596, 'param_1': 1}
2026-08-01 12:20:30,576 INFO sqlalchemy.engine.Engine SELECT revenue_client_visits.id AS revenue_client_visits_id, revenue_client_visits.revenue_client_id AS revenue_client_visits_revenue_client_id, revenue_client_visits.altegio_record_id AS revenue_client_visits_altegio_record_id, revenue_client_visits.last_visit_date AS revenue_client_visits_last_visit_date, revenue_client_visits.previous_visit_date AS revenue_client_visits_previous_visit_date, revenue_client_visits.services AS revenue_client_visits_services, revenue_client_visits.master AS revenue_client_visits_master, revenue_client_visits.amount AS revenue_client_visits_amount, revenue_client_visits.visit_status AS revenue_client_visits_visit_status, revenue_client_visits.raw_data AS revenue_client_visits_raw_data, revenue_client_visits.created_at AS revenue_client_visits_created_at, revenue_client_visits.updated_at AS revenue_client_visits_updated_at 
FROM revenue_client_visits 
WHERE revenue_client_visits.altegio_record_id = %(altegio_record_id_1)s::INTEGER 
 LIMIT %(param_1)s::INTEGER
2026-08-01 12:20:30,576 INFO sqlalchemy.engine.Engine [cached since 34.58s ago] {'altegio_record_id_1': 639157263, 'param_1': 1}
2026-08-01 12:20:30,577 INFO sqlalchemy.engine.Engine SELECT revenue_client_visits.id AS revenue_client_visits_id, revenue_client_visits.revenue_client_id AS revenue_client_visits_revenue_client_id, revenue_client_visits.altegio_record_id AS revenue_client_visits_altegio_record_id, revenue_client_visits.last_visit_date AS revenue_client_visits_last_visit_date, revenue_client_visits.previous_visit_date AS revenue_client_visits_previous_visit_date, revenue_client_visits.services AS revenue_client_visits_services, revenue_client_visits.master AS revenue_client_visits_master, revenue_client_visits.amount AS revenue_client_visits_amount, revenue_client_visits.visit_status AS revenue_client_visits_visit_status, revenue_client_visits.raw_data AS revenue_client_visits_raw_data, revenue_client_visits.created_at AS revenue_client_visits_created_at, revenue_client_visits.updated_at AS revenue_client_visits_updated_at 
FROM revenue_client_visits 
WHERE revenue_client_visits.altegio_record_id = %(altegio_record_id_1)s::INTEGER 
 LIMIT %(param_1)s::INTEGER
2026-08-01 12:20:30,577 INFO sqlalchemy.engine.Engine [cached since 34.59s ago] {'altegio_record_id_1': 630235116, 'param_1': 1}
2026-08-01 12:20:30,578 INFO sqlalchemy.engine.Engine SELECT revenue_client_visits.id AS revenue_client_visits_id, revenue_client_visits.revenue_client_id AS revenue_client_visits_revenue_client_id, revenue_client_visits.altegio_record_id AS revenue_client_visits_altegio_record_id, revenue_client_visits.last_visit_date AS revenue_client_visits_last_visit_date, revenue_client_visits.previous_visit_date AS revenue_client_visits_previous_visit_date, revenue_client_visits.services AS revenue_client_visits_services, revenue_client_visits.master AS revenue_client_visits_master, revenue_client_visits.amount AS revenue_client_visits_amount, revenue_client_visits.visit_status AS revenue_client_visits_visit_status, revenue_client_visits.raw_data AS revenue_client_visits_raw_data, revenue_client_visits.created_at AS revenue_client_visits_created_at, revenue_client_visits.updated_at AS revenue_client_visits_updated_at 
FROM revenue_client_visits 
WHERE revenue_client_visits.altegio_record_id = %(altegio_record_id_1)s::INTEGER 
 LIMIT %(param_1)s::INTEGER
2026-08-01 12:20:30,578 INFO sqlalchemy.engine.Engine [cached since 34.59s ago] {'altegio_record_id_1': 629981432, 'param_1': 1}
2026-08-01 12:20:30,579 INFO sqlalchemy.engine.Engine SELECT revenue_client_visits.id AS revenue_client_visits_id, revenue_client_visits.revenue_client_id AS revenue_client_visits_revenue_client_id, revenue_client_visits.altegio_record_id AS revenue_client_visits_altegio_record_id, revenue_client_visits.last_visit_date AS revenue_client_visits_last_visit_date, revenue_client_visits.previous_visit_date AS revenue_client_visits_previous_visit_date, revenue_client_visits.services AS revenue_client_visits_services, revenue_client_visits.master AS revenue_client_visits_master, revenue_client_visits.amount AS revenue_client_visits_amount, revenue_client_visits.visit_status AS revenue_client_visits_visit_status, revenue_client_visits.raw_data AS revenue_client_visits_raw_data, revenue_client_visits.created_at AS revenue_client_visits_created_at, revenue_client_visits.updated_at AS revenue_client_visits_updated_at 
FROM revenue_client_visits 
WHERE revenue_client_visits.revenue_client_id = %(revenue_client_id_1)s::INTEGER ORDER BY revenue_client_visits.last_visit_date ASC, revenue_client_visits.id ASC
2026-08-01 12:20:30,579 INFO sqlalchemy.engine.Engine [cached since 34.58s ago] {'revenue_client_id_1': 186}
2026-08-01 12:20:30,794 INFO sqlalchemy.engine.Engine SELECT revenue_client_visits.id AS revenue_client_visits_id, revenue_client_visits.revenue_client_id AS revenue_client_visits_revenue_client_id, revenue_client_visits.altegio_record_id AS revenue_client_visits_altegio_record_id, revenue_client_visits.last_visit_date AS revenue_client_visits_last_visit_date, revenue_client_visits.previous_visit_date AS revenue_client_visits_previous_visit_date, revenue_client_visits.services AS revenue_client_visits_services, revenue_client_visits.master AS revenue_client_visits_master, revenue_client_visits.amount AS revenue_client_visits_amount, revenue_client_visits.visit_status AS revenue_client_visits_visit_status, revenue_client_visits.raw_data AS revenue_client_visits_raw_data, revenue_client_visits.created_at AS revenue_client_visits_created_at, revenue_client_visits.updated_at AS revenue_client_visits_updated_at 
FROM revenue_client_visits 
WHERE revenue_client_visits.altegio_record_id = %(altegio_record_id_1)s::INTEGER 
 LIMIT %(param_1)s::INTEGER
2026-08-01 12:20:30,794 INFO sqlalchemy.engine.Engine [cached since 34.8s ago] {'altegio_record_id_1': 648320346, 'param_1': 1}
2026-08-01 12:20:30,795 INFO sqlalchemy.engine.Engine SELECT revenue_client_visits.id AS revenue_client_visits_id, revenue_client_visits.revenue_client_id AS revenue_client_visits_revenue_client_id, revenue_client_visits.altegio_record_id AS revenue_client_visits_altegio_record_id, revenue_client_visits.last_visit_date AS revenue_client_visits_last_visit_date, revenue_client_visits.previous_visit_date AS revenue_client_visits_previous_visit_date, revenue_client_visits.services AS revenue_client_visits_services, revenue_client_visits.master AS revenue_client_visits_master, revenue_client_visits.amount AS revenue_client_visits_amount, revenue_client_visits.visit_status AS revenue_client_visits_visit_status, revenue_client_visits.raw_data AS revenue_client_visits_raw_data, revenue_client_visits.created_at AS revenue_client_visits_created_at, revenue_client_visits.updated_at AS revenue_client_visits_updated_at 
FROM revenue_client_visits 
WHERE revenue_client_visits.altegio_record_id = %(altegio_record_id_1)s::INTEGER 
 LIMIT %(param_1)s::INTEGER
2026-08-01 12:20:30,795 INFO sqlalchemy.engine.Engine [cached since 34.8s ago] {'altegio_record_id_1': 637518629, 'param_1': 1}
2026-08-01 12:20:30,796 INFO sqlalchemy.engine.Engine SELECT revenue_client_visits.id AS revenue_client_visits_id, revenue_client_visits.revenue_client_id AS revenue_client_visits_revenue_client_id, revenue_client_visits.altegio_record_id AS revenue_client_visits_altegio_record_id, revenue_client_visits.last_visit_date AS revenue_client_visits_last_visit_date, revenue_client_visits.previous_visit_date AS revenue_client_visits_previous_visit_date, revenue_client_visits.services AS revenue_client_visits_services, revenue_client_visits.master AS revenue_client_visits_master, revenue_client_visits.amount AS revenue_client_visits_amount, revenue_client_visits.visit_status AS revenue_client_visits_visit_status, revenue_client_visits.raw_data AS revenue_client_visits_raw_data, revenue_client_visits.created_at AS revenue_client_visits_created_at, revenue_client_visits.updated_at AS revenue_client_visits_updated_at 
FROM revenue_client_visits 
WHERE revenue_client_visits.altegio_record_id = %(altegio_record_id_1)s::INTEGER 
 LIMIT %(param_1)s::INTEGER
2026-08-01 12:20:30,796 INFO sqlalchemy.engine.Engine [cached since 34.8s ago] {'altegio_record_id_1': 630072430, 'param_1': 1}
2026-08-01 12:20:30,797 INFO sqlalchemy.engine.Engine SELECT revenue_client_visits.id AS revenue_client_visits_id, revenue_client_visits.revenue_client_id AS revenue_client_visits_revenue_client_id, revenue_client_visits.altegio_record_id AS revenue_client_visits_altegio_record_id, revenue_client_visits.last_visit_date AS revenue_client_visits_last_visit_date, revenue_client_visits.previous_visit_date AS revenue_client_visits_previous_visit_date, revenue_client_visits.services AS revenue_client_visits_services, revenue_client_visits.master AS revenue_client_visits_master, revenue_client_visits.amount AS revenue_client_visits_amount, revenue_client_visits.visit_status AS revenue_client_visits_visit_status, revenue_client_visits.raw_data AS revenue_client_visits_raw_data, revenue_client_visits.created_at AS revenue_client_visits_created_at, revenue_client_visits.updated_at AS revenue_client_visits_updated_at 
FROM revenue_client_visits 
WHERE revenue_client_visits.revenue_client_id = %(revenue_client_id_1)s::INTEGER ORDER BY revenue_client_visits.last_visit_date ASC, revenue_client_visits.id ASC
2026-08-01 12:20:30,797 INFO sqlalchemy.engine.Engine [cached since 34.8s ago] {'revenue_client_id_1': 187}
2026-08-01 12:20:30,975 INFO sqlalchemy.engine.Engine SELECT revenue_client_visits.id AS revenue_client_visits_id, revenue_client_visits.revenue_client_id AS revenue_client_visits_revenue_client_id, revenue_client_visits.altegio_record_id AS revenue_client_visits_altegio_record_id, revenue_client_visits.last_visit_date AS revenue_client_visits_last_visit_date, revenue_client_visits.previous_visit_date AS revenue_client_visits_previous_visit_date, revenue_client_visits.services AS revenue_client_visits_services, revenue_client_visits.master AS revenue_client_visits_master, revenue_client_visits.amount AS revenue_client_visits_amount, revenue_client_visits.visit_status AS revenue_client_visits_visit_status, revenue_client_visits.raw_data AS revenue_client_visits_raw_data, revenue_client_visits.created_at AS revenue_client_visits_created_at, revenue_client_visits.updated_at AS revenue_client_visits_updated_at 
FROM revenue_client_visits 
WHERE revenue_client_visits.altegio_record_id = %(altegio_record_id_1)s::INTEGER 
 LIMIT %(param_1)s::INTEGER
2026-08-01 12:20:30,975 INFO sqlalchemy.engine.Engine [cached since 34.98s ago] {'altegio_record_id_1': 630479671, 'param_1': 1}
2026-08-01 12:20:30,977 INFO sqlalchemy.engine.Engine SELECT revenue_client_visits.id AS revenue_client_visits_id, revenue_client_visits.revenue_client_id AS revenue_client_visits_revenue_client_id, revenue_client_visits.altegio_record_id AS revenue_client_visits_altegio_record_id, revenue_client_visits.last_visit_date AS revenue_client_visits_last_visit_date, revenue_client_visits.previous_visit_date AS revenue_client_visits_previous_visit_date, revenue_client_visits.services AS revenue_client_visits_services, revenue_client_visits.master AS revenue_client_visits_master, revenue_client_visits.amount AS revenue_client_visits_amount, revenue_client_visits.visit_status AS revenue_client_visits_visit_status, revenue_client_visits.raw_data AS revenue_client_visits_raw_data, revenue_client_visits.created_at AS revenue_client_visits_created_at, revenue_client_visits.updated_at AS revenue_client_visits_updated_at 
FROM revenue_client_visits 
WHERE revenue_client_visits.revenue_client_id = %(revenue_client_id_1)s::INTEGER ORDER BY revenue_client_visits.last_visit_date ASC, revenue_client_visits.id ASC
2026-08-01 12:20:30,977 INFO sqlalchemy.engine.Engine [cached since 34.98s ago] {'revenue_client_id_1': 188}
2026-08-01 12:20:31,322 INFO sqlalchemy.engine.Engine SELECT revenue_client_visits.id AS revenue_client_visits_id, revenue_client_visits.revenue_client_id AS revenue_client_visits_revenue_client_id, revenue_client_visits.altegio_record_id AS revenue_client_visits_altegio_record_id, revenue_client_visits.last_visit_date AS revenue_client_visits_last_visit_date, revenue_client_visits.previous_visit_date AS revenue_client_visits_previous_visit_date, revenue_client_visits.services AS revenue_client_visits_services, revenue_client_visits.master AS revenue_client_visits_master, revenue_client_visits.amount AS revenue_client_visits_amount, revenue_client_visits.visit_status AS revenue_client_visits_visit_status, revenue_client_visits.raw_data AS revenue_client_visits_raw_data, revenue_client_visits.created_at AS revenue_client_visits_created_at, revenue_client_visits.updated_at AS revenue_client_visits_updated_at 
FROM revenue_client_visits 
WHERE revenue_client_visits.altegio_record_id = %(altegio_record_id_1)s::INTEGER 
 LIMIT %(param_1)s::INTEGER
2026-08-01 12:20:31,322 INFO sqlalchemy.engine.Engine [cached since 35.33s ago] {'altegio_record_id_1': 630568605, 'param_1': 1}
2026-08-01 12:20:31,323 INFO sqlalchemy.engine.Engine SELECT revenue_client_visits.id AS revenue_client_visits_id, revenue_client_visits.revenue_client_id AS revenue_client_visits_revenue_client_id, revenue_client_visits.altegio_record_id AS revenue_client_visits_altegio_record_id, revenue_client_visits.last_visit_date AS revenue_client_visits_last_visit_date, revenue_client_visits.previous_visit_date AS revenue_client_visits_previous_visit_date, revenue_client_visits.services AS revenue_client_visits_services, revenue_client_visits.master AS revenue_client_visits_master, revenue_client_visits.amount AS revenue_client_visits_amount, revenue_client_visits.visit_status AS revenue_client_visits_visit_status, revenue_client_visits.raw_data AS revenue_client_visits_raw_data, revenue_client_visits.created_at AS revenue_client_visits_created_at, revenue_client_visits.updated_at AS revenue_client_visits_updated_at 
FROM revenue_client_visits 
WHERE revenue_client_visits.revenue_client_id = %(revenue_client_id_1)s::INTEGER ORDER BY revenue_client_visits.last_visit_date ASC, revenue_client_visits.id ASC
2026-08-01 12:20:31,324 INFO sqlalchemy.engine.Engine [cached since 35.32s ago] {'revenue_client_id_1': 190}
2026-08-01 12:20:31,546 INFO sqlalchemy.engine.Engine SELECT revenue_client_visits.id AS revenue_client_visits_id, revenue_client_visits.revenue_client_id AS revenue_client_visits_revenue_client_id, revenue_client_visits.altegio_record_id AS revenue_client_visits_altegio_record_id, revenue_client_visits.last_visit_date AS revenue_client_visits_last_visit_date, revenue_client_visits.previous_visit_date AS revenue_client_visits_previous_visit_date, revenue_client_visits.services AS revenue_client_visits_services, revenue_client_visits.master AS revenue_client_visits_master, revenue_client_visits.amount AS revenue_client_visits_amount, revenue_client_visits.visit_status AS revenue_client_visits_visit_status, revenue_client_visits.raw_data AS revenue_client_visits_raw_data, revenue_client_visits.created_at AS revenue_client_visits_created_at, revenue_client_visits.updated_at AS revenue_client_visits_updated_at 
FROM revenue_client_visits 
WHERE revenue_client_visits.altegio_record_id = %(altegio_record_id_1)s::INTEGER 
 LIMIT %(param_1)s::INTEGER
2026-08-01 12:20:31,546 INFO sqlalchemy.engine.Engine [cached since 35.55s ago] {'altegio_record_id_1': 631338411, 'param_1': 1}
2026-08-01 12:20:31,547 INFO sqlalchemy.engine.Engine SELECT revenue_client_visits.id AS revenue_client_visits_id, revenue_client_visits.revenue_client_id AS revenue_client_visits_revenue_client_id, revenue_client_visits.altegio_record_id AS revenue_client_visits_altegio_record_id, revenue_client_visits.last_visit_date AS revenue_client_visits_last_visit_date, revenue_client_visits.previous_visit_date AS revenue_client_visits_previous_visit_date, revenue_client_visits.services AS revenue_client_visits_services, revenue_client_visits.master AS revenue_client_visits_master, revenue_client_visits.amount AS revenue_client_visits_amount, revenue_client_visits.visit_status AS revenue_client_visits_visit_status, revenue_client_visits.raw_data AS revenue_client_visits_raw_data, revenue_client_visits.created_at AS revenue_client_visits_created_at, revenue_client_visits.updated_at AS revenue_client_visits_updated_at 
FROM revenue_client_visits 
WHERE revenue_client_visits.revenue_client_id = %(revenue_client_id_1)s::INTEGER ORDER BY revenue_client_visits.last_visit_date ASC, revenue_client_visits.id ASC
2026-08-01 12:20:31,547 INFO sqlalchemy.engine.Engine [cached since 35.55s ago] {'revenue_client_id_1': 191}
2026-08-01 12:20:31,736 INFO sqlalchemy.engine.Engine SELECT revenue_client_visits.id AS revenue_client_visits_id, revenue_client_visits.revenue_client_id AS revenue_client_visits_revenue_client_id, revenue_client_visits.altegio_record_id AS revenue_client_visits_altegio_record_id, revenue_client_visits.last_visit_date AS revenue_client_visits_last_visit_date, revenue_client_visits.previous_visit_date AS revenue_client_visits_previous_visit_date, revenue_client_visits.services AS revenue_client_visits_services, revenue_client_visits.master AS revenue_client_visits_master, revenue_client_visits.amount AS revenue_client_visits_amount, revenue_client_visits.visit_status AS revenue_client_visits_visit_status, revenue_client_visits.raw_data AS revenue_client_visits_raw_data, revenue_client_visits.created_at AS revenue_client_visits_created_at, revenue_client_visits.updated_at AS revenue_client_visits_updated_at 
FROM revenue_client_visits 
WHERE revenue_client_visits.altegio_record_id = %(altegio_record_id_1)s::INTEGER 
 LIMIT %(param_1)s::INTEGER
2026-08-01 12:20:31,736 INFO sqlalchemy.engine.Engine [cached since 35.74s ago] {'altegio_record_id_1': 655740167, 'param_1': 1}
2026-08-01 12:20:31,737 INFO sqlalchemy.engine.Engine SELECT revenue_client_visits.id AS revenue_client_visits_id, revenue_client_visits.revenue_client_id AS revenue_client_visits_revenue_client_id, revenue_client_visits.altegio_record_id AS revenue_client_visits_altegio_record_id, revenue_client_visits.last_visit_date AS revenue_client_visits_last_visit_date, revenue_client_visits.previous_visit_date AS revenue_client_visits_previous_visit_date, revenue_client_visits.services AS revenue_client_visits_services, revenue_client_visits.master AS revenue_client_visits_master, revenue_client_visits.amount AS revenue_client_visits_amount, revenue_client_visits.visit_status AS revenue_client_visits_visit_status, revenue_client_visits.raw_data AS revenue_client_visits_raw_data, revenue_client_visits.created_at AS revenue_client_visits_created_at, revenue_client_visits.updated_at AS revenue_client_visits_updated_at 
FROM revenue_client_visits 
WHERE revenue_client_visits.altegio_record_id = %(altegio_record_id_1)s::INTEGER 
 LIMIT %(param_1)s::INTEGER
2026-08-01 12:20:31,738 INFO sqlalchemy.engine.Engine [cached since 35.75s ago] {'altegio_record_id_1': 639204207, 'param_1': 1}
2026-08-01 12:20:31,738 INFO sqlalchemy.engine.Engine SELECT revenue_client_visits.id AS revenue_client_visits_id, revenue_client_visits.revenue_client_id AS revenue_client_visits_revenue_client_id, revenue_client_visits.altegio_record_id AS revenue_client_visits_altegio_record_id, revenue_client_visits.last_visit_date AS revenue_client_visits_last_visit_date, revenue_client_visits.previous_visit_date AS revenue_client_visits_previous_visit_date, revenue_client_visits.services AS revenue_client_visits_services, revenue_client_visits.master AS revenue_client_visits_master, revenue_client_visits.amount AS revenue_client_visits_amount, revenue_client_visits.visit_status AS revenue_client_visits_visit_status, revenue_client_visits.raw_data AS revenue_client_visits_raw_data, revenue_client_visits.created_at AS revenue_client_visits_created_at, revenue_client_visits.updated_at AS revenue_client_visits_updated_at 
FROM revenue_client_visits 
WHERE revenue_client_visits.altegio_record_id = %(altegio_record_id_1)s::INTEGER 
 LIMIT %(param_1)s::INTEGER
2026-08-01 12:20:31,739 INFO sqlalchemy.engine.Engine [cached since 35.75s ago] {'altegio_record_id_1': 631374369, 'param_1': 1}
2026-08-01 12:20:31,739 INFO sqlalchemy.engine.Engine SELECT revenue_client_visits.id AS revenue_client_visits_id, revenue_client_visits.revenue_client_id AS revenue_client_visits_revenue_client_id, revenue_client_visits.altegio_record_id AS revenue_client_visits_altegio_record_id, revenue_client_visits.last_visit_date AS revenue_client_visits_last_visit_date, revenue_client_visits.previous_visit_date AS revenue_client_visits_previous_visit_date, revenue_client_visits.services AS revenue_client_visits_services, revenue_client_visits.master AS revenue_client_visits_master, revenue_client_visits.amount AS revenue_client_visits_amount, revenue_client_visits.visit_status AS revenue_client_visits_visit_status, revenue_client_visits.raw_data AS revenue_client_visits_raw_data, revenue_client_visits.created_at AS revenue_client_visits_created_at, revenue_client_visits.updated_at AS revenue_client_visits_updated_at 
FROM revenue_client_visits 
WHERE revenue_client_visits.revenue_client_id = %(revenue_client_id_1)s::INTEGER ORDER BY revenue_client_visits.last_visit_date ASC, revenue_client_visits.id ASC
2026-08-01 12:20:31,740 INFO sqlalchemy.engine.Engine [cached since 35.74s ago] {'revenue_client_id_1': 192}
2026-08-01 12:20:31,916 INFO sqlalchemy.engine.Engine SELECT revenue_client_visits.id AS revenue_client_visits_id, revenue_client_visits.revenue_client_id AS revenue_client_visits_revenue_client_id, revenue_client_visits.altegio_record_id AS revenue_client_visits_altegio_record_id, revenue_client_visits.last_visit_date AS revenue_client_visits_last_visit_date, revenue_client_visits.previous_visit_date AS revenue_client_visits_previous_visit_date, revenue_client_visits.services AS revenue_client_visits_services, revenue_client_visits.master AS revenue_client_visits_master, revenue_client_visits.amount AS revenue_client_visits_amount, revenue_client_visits.visit_status AS revenue_client_visits_visit_status, revenue_client_visits.raw_data AS revenue_client_visits_raw_data, revenue_client_visits.created_at AS revenue_client_visits_created_at, revenue_client_visits.updated_at AS revenue_client_visits_updated_at 
FROM revenue_client_visits 
WHERE revenue_client_visits.altegio_record_id = %(altegio_record_id_1)s::INTEGER 
 LIMIT %(param_1)s::INTEGER
2026-08-01 12:20:31,916 INFO sqlalchemy.engine.Engine [cached since 35.92s ago] {'altegio_record_id_1': 631692905, 'param_1': 1}
2026-08-01 12:20:31,918 INFO sqlalchemy.engine.Engine SELECT revenue_client_visits.id AS revenue_client_visits_id, revenue_client_visits.revenue_client_id AS revenue_client_visits_revenue_client_id, revenue_client_visits.altegio_record_id AS revenue_client_visits_altegio_record_id, revenue_client_visits.last_visit_date AS revenue_client_visits_last_visit_date, revenue_client_visits.previous_visit_date AS revenue_client_visits_previous_visit_date, revenue_client_visits.services AS revenue_client_visits_services, revenue_client_visits.master AS revenue_client_visits_master, revenue_client_visits.amount AS revenue_client_visits_amount, revenue_client_visits.visit_status AS revenue_client_visits_visit_status, revenue_client_visits.raw_data AS revenue_client_visits_raw_data, revenue_client_visits.created_at AS revenue_client_visits_created_at, revenue_client_visits.updated_at AS revenue_client_visits_updated_at 
FROM revenue_client_visits 
WHERE revenue_client_visits.revenue_client_id = %(revenue_client_id_1)s::INTEGER ORDER BY revenue_client_visits.last_visit_date ASC, revenue_client_visits.id ASC
2026-08-01 12:20:31,918 INFO sqlalchemy.engine.Engine [cached since 35.92s ago] {'revenue_client_id_1': 193}
2026-08-01 12:20:32,098 INFO sqlalchemy.engine.Engine SELECT revenue_client_visits.id AS revenue_client_visits_id, revenue_client_visits.revenue_client_id AS revenue_client_visits_revenue_client_id, revenue_client_visits.altegio_record_id AS revenue_client_visits_altegio_record_id, revenue_client_visits.last_visit_date AS revenue_client_visits_last_visit_date, revenue_client_visits.previous_visit_date AS revenue_client_visits_previous_visit_date, revenue_client_visits.services AS revenue_client_visits_services, revenue_client_visits.master AS revenue_client_visits_master, revenue_client_visits.amount AS revenue_client_visits_amount, revenue_client_visits.visit_status AS revenue_client_visits_visit_status, revenue_client_visits.raw_data AS revenue_client_visits_raw_data, revenue_client_visits.created_at AS revenue_client_visits_created_at, revenue_client_visits.updated_at AS revenue_client_visits_updated_at 
FROM revenue_client_visits 
WHERE revenue_client_visits.altegio_record_id = %(altegio_record_id_1)s::INTEGER 
 LIMIT %(param_1)s::INTEGER
2026-08-01 12:20:32,098 INFO sqlalchemy.engine.Engine [cached since 36.11s ago] {'altegio_record_id_1': 631786057, 'param_1': 1}
2026-08-01 12:20:32,099 INFO sqlalchemy.engine.Engine SELECT revenue_client_visits.id AS revenue_client_visits_id, revenue_client_visits.revenue_client_id AS revenue_client_visits_revenue_client_id, revenue_client_visits.altegio_record_id AS revenue_client_visits_altegio_record_id, revenue_client_visits.last_visit_date AS revenue_client_visits_last_visit_date, revenue_client_visits.previous_visit_date AS revenue_client_visits_previous_visit_date, revenue_client_visits.services AS revenue_client_visits_services, revenue_client_visits.master AS revenue_client_visits_master, revenue_client_visits.amount AS revenue_client_visits_amount, revenue_client_visits.visit_status AS revenue_client_visits_visit_status, revenue_client_visits.raw_data AS revenue_client_visits_raw_data, revenue_client_visits.created_at AS revenue_client_visits_created_at, revenue_client_visits.updated_at AS revenue_client_visits_updated_at 
FROM revenue_client_visits 
WHERE revenue_client_visits.revenue_client_id = %(revenue_client_id_1)s::INTEGER ORDER BY revenue_client_visits.last_visit_date ASC, revenue_client_visits.id ASC
2026-08-01 12:20:32,099 INFO sqlalchemy.engine.Engine [cached since 36.1s ago] {'revenue_client_id_1': 194}
2026-08-01 12:20:32,426 INFO sqlalchemy.engine.Engine SELECT revenue_client_visits.id AS revenue_client_visits_id, revenue_client_visits.revenue_client_id AS revenue_client_visits_revenue_client_id, revenue_client_visits.altegio_record_id AS revenue_client_visits_altegio_record_id, revenue_client_visits.last_visit_date AS revenue_client_visits_last_visit_date, revenue_client_visits.previous_visit_date AS revenue_client_visits_previous_visit_date, revenue_client_visits.services AS revenue_client_visits_services, revenue_client_visits.master AS revenue_client_visits_master, revenue_client_visits.amount AS revenue_client_visits_amount, revenue_client_visits.visit_status AS revenue_client_visits_visit_status, revenue_client_visits.raw_data AS revenue_client_visits_raw_data, revenue_client_visits.created_at AS revenue_client_visits_created_at, revenue_client_visits.updated_at AS revenue_client_visits_updated_at 
FROM revenue_client_visits 
WHERE revenue_client_visits.altegio_record_id = %(altegio_record_id_1)s::INTEGER 
 LIMIT %(param_1)s::INTEGER
2026-08-01 12:20:32,427 INFO sqlalchemy.engine.Engine [cached since 36.44s ago] {'altegio_record_id_1': 632304027, 'param_1': 1}
2026-08-01 12:20:32,428 INFO sqlalchemy.engine.Engine SELECT revenue_client_visits.id AS revenue_client_visits_id, revenue_client_visits.revenue_client_id AS revenue_client_visits_revenue_client_id, revenue_client_visits.altegio_record_id AS revenue_client_visits_altegio_record_id, revenue_client_visits.last_visit_date AS revenue_client_visits_last_visit_date, revenue_client_visits.previous_visit_date AS revenue_client_visits_previous_visit_date, revenue_client_visits.services AS revenue_client_visits_services, revenue_client_visits.master AS revenue_client_visits_master, revenue_client_visits.amount AS revenue_client_visits_amount, revenue_client_visits.visit_status AS revenue_client_visits_visit_status, revenue_client_visits.raw_data AS revenue_client_visits_raw_data, revenue_client_visits.created_at AS revenue_client_visits_created_at, revenue_client_visits.updated_at AS revenue_client_visits_updated_at 
FROM revenue_client_visits 
WHERE revenue_client_visits.revenue_client_id = %(revenue_client_id_1)s::INTEGER ORDER BY revenue_client_visits.last_visit_date ASC, revenue_client_visits.id ASC
2026-08-01 12:20:32,428 INFO sqlalchemy.engine.Engine [cached since 36.43s ago] {'revenue_client_id_1': 196}
2026-08-01 12:20:32,747 INFO sqlalchemy.engine.Engine SELECT revenue_client_visits.id AS revenue_client_visits_id, revenue_client_visits.revenue_client_id AS revenue_client_visits_revenue_client_id, revenue_client_visits.altegio_record_id AS revenue_client_visits_altegio_record_id, revenue_client_visits.last_visit_date AS revenue_client_visits_last_visit_date, revenue_client_visits.previous_visit_date AS revenue_client_visits_previous_visit_date, revenue_client_visits.services AS revenue_client_visits_services, revenue_client_visits.master AS revenue_client_visits_master, revenue_client_visits.amount AS revenue_client_visits_amount, revenue_client_visits.visit_status AS revenue_client_visits_visit_status, revenue_client_visits.raw_data AS revenue_client_visits_raw_data, revenue_client_visits.created_at AS revenue_client_visits_created_at, revenue_client_visits.updated_at AS revenue_client_visits_updated_at 
FROM revenue_client_visits 
WHERE revenue_client_visits.altegio_record_id = %(altegio_record_id_1)s::INTEGER 
 LIMIT %(param_1)s::INTEGER
2026-08-01 12:20:32,747 INFO sqlalchemy.engine.Engine [cached since 36.76s ago] {'altegio_record_id_1': 649091938, 'param_1': 1}
2026-08-01 12:20:32,748 INFO sqlalchemy.engine.Engine SELECT revenue_client_visits.id AS revenue_client_visits_id, revenue_client_visits.revenue_client_id AS revenue_client_visits_revenue_client_id, revenue_client_visits.altegio_record_id AS revenue_client_visits_altegio_record_id, revenue_client_visits.last_visit_date AS revenue_client_visits_last_visit_date, revenue_client_visits.previous_visit_date AS revenue_client_visits_previous_visit_date, revenue_client_visits.services AS revenue_client_visits_services, revenue_client_visits.master AS revenue_client_visits_master, revenue_client_visits.amount AS revenue_client_visits_amount, revenue_client_visits.visit_status AS revenue_client_visits_visit_status, revenue_client_visits.raw_data AS revenue_client_visits_raw_data, revenue_client_visits.created_at AS revenue_client_visits_created_at, revenue_client_visits.updated_at AS revenue_client_visits_updated_at 
FROM revenue_client_visits 
WHERE revenue_client_visits.altegio_record_id = %(altegio_record_id_1)s::INTEGER 
 LIMIT %(param_1)s::INTEGER
2026-08-01 12:20:32,749 INFO sqlalchemy.engine.Engine [cached since 36.76s ago] {'altegio_record_id_1': 632563419, 'param_1': 1}
2026-08-01 12:20:32,750 INFO sqlalchemy.engine.Engine SELECT revenue_client_visits.id AS revenue_client_visits_id, revenue_client_visits.revenue_client_id AS revenue_client_visits_revenue_client_id, revenue_client_visits.altegio_record_id AS revenue_client_visits_altegio_record_id, revenue_client_visits.last_visit_date AS revenue_client_visits_last_visit_date, revenue_client_visits.previous_visit_date AS revenue_client_visits_previous_visit_date, revenue_client_visits.services AS revenue_client_visits_services, revenue_client_visits.master AS revenue_client_visits_master, revenue_client_visits.amount AS revenue_client_visits_amount, revenue_client_visits.visit_status AS revenue_client_visits_visit_status, revenue_client_visits.raw_data AS revenue_client_visits_raw_data, revenue_client_visits.created_at AS revenue_client_visits_created_at, revenue_client_visits.updated_at AS revenue_client_visits_updated_at 
FROM revenue_client_visits 
WHERE revenue_client_visits.revenue_client_id = %(revenue_client_id_1)s::INTEGER ORDER BY revenue_client_visits.last_visit_date ASC, revenue_client_visits.id ASC
2026-08-01 12:20:32,750 INFO sqlalchemy.engine.Engine [cached since 36.75s ago] {'revenue_client_id_1': 198}
2026-08-01 12:20:32,932 INFO sqlalchemy.engine.Engine SELECT revenue_client_visits.id AS revenue_client_visits_id, revenue_client_visits.revenue_client_id AS revenue_client_visits_revenue_client_id, revenue_client_visits.altegio_record_id AS revenue_client_visits_altegio_record_id, revenue_client_visits.last_visit_date AS revenue_client_visits_last_visit_date, revenue_client_visits.previous_visit_date AS revenue_client_visits_previous_visit_date, revenue_client_visits.services AS revenue_client_visits_services, revenue_client_visits.master AS revenue_client_visits_master, revenue_client_visits.amount AS revenue_client_visits_amount, revenue_client_visits.visit_status AS revenue_client_visits_visit_status, revenue_client_visits.raw_data AS revenue_client_visits_raw_data, revenue_client_visits.created_at AS revenue_client_visits_created_at, revenue_client_visits.updated_at AS revenue_client_visits_updated_at 
FROM revenue_client_visits 
WHERE revenue_client_visits.altegio_record_id = %(altegio_record_id_1)s::INTEGER 
 LIMIT %(param_1)s::INTEGER
2026-08-01 12:20:32,932 INFO sqlalchemy.engine.Engine [cached since 36.94s ago] {'altegio_record_id_1': 650144867, 'param_1': 1}
2026-08-01 12:20:32,934 INFO sqlalchemy.engine.Engine SELECT revenue_client_visits.id AS revenue_client_visits_id, revenue_client_visits.revenue_client_id AS revenue_client_visits_revenue_client_id, revenue_client_visits.altegio_record_id AS revenue_client_visits_altegio_record_id, revenue_client_visits.last_visit_date AS revenue_client_visits_last_visit_date, revenue_client_visits.previous_visit_date AS revenue_client_visits_previous_visit_date, revenue_client_visits.services AS revenue_client_visits_services, revenue_client_visits.master AS revenue_client_visits_master, revenue_client_visits.amount AS revenue_client_visits_amount, revenue_client_visits.visit_status AS revenue_client_visits_visit_status, revenue_client_visits.raw_data AS revenue_client_visits_raw_data, revenue_client_visits.created_at AS revenue_client_visits_created_at, revenue_client_visits.updated_at AS revenue_client_visits_updated_at 
FROM revenue_client_visits 
WHERE revenue_client_visits.altegio_record_id = %(altegio_record_id_1)s::INTEGER 
 LIMIT %(param_1)s::INTEGER
2026-08-01 12:20:32,934 INFO sqlalchemy.engine.Engine [cached since 36.94s ago] {'altegio_record_id_1': 642036476, 'param_1': 1}
2026-08-01 12:20:32,935 INFO sqlalchemy.engine.Engine SELECT revenue_client_visits.id AS revenue_client_visits_id, revenue_client_visits.revenue_client_id AS revenue_client_visits_revenue_client_id, revenue_client_visits.altegio_record_id AS revenue_client_visits_altegio_record_id, revenue_client_visits.last_visit_date AS revenue_client_visits_last_visit_date, revenue_client_visits.previous_visit_date AS revenue_client_visits_previous_visit_date, revenue_client_visits.services AS revenue_client_visits_services, revenue_client_visits.master AS revenue_client_visits_master, revenue_client_visits.amount AS revenue_client_visits_amount, revenue_client_visits.visit_status AS revenue_client_visits_visit_status, revenue_client_visits.raw_data AS revenue_client_visits_raw_data, revenue_client_visits.created_at AS revenue_client_visits_created_at, revenue_client_visits.updated_at AS revenue_client_visits_updated_at 
FROM revenue_client_visits 
WHERE revenue_client_visits.altegio_record_id = %(altegio_record_id_1)s::INTEGER 
 LIMIT %(param_1)s::INTEGER
2026-08-01 12:20:32,935 INFO sqlalchemy.engine.Engine [cached since 36.94s ago] {'altegio_record_id_1': 635159087, 'param_1': 1}
2026-08-01 12:20:32,936 INFO sqlalchemy.engine.Engine SELECT revenue_client_visits.id AS revenue_client_visits_id, revenue_client_visits.revenue_client_id AS revenue_client_visits_revenue_client_id, revenue_client_visits.altegio_record_id AS revenue_client_visits_altegio_record_id, revenue_client_visits.last_visit_date AS revenue_client_visits_last_visit_date, revenue_client_visits.previous_visit_date AS revenue_client_visits_previous_visit_date, revenue_client_visits.services AS revenue_client_visits_services, revenue_client_visits.master AS revenue_client_visits_master, revenue_client_visits.amount AS revenue_client_visits_amount, revenue_client_visits.visit_status AS revenue_client_visits_visit_status, revenue_client_visits.raw_data AS revenue_client_visits_raw_data, revenue_client_visits.created_at AS revenue_client_visits_created_at, revenue_client_visits.updated_at AS revenue_client_visits_updated_at 
FROM revenue_client_visits 
WHERE revenue_client_visits.altegio_record_id = %(altegio_record_id_1)s::INTEGER 
 LIMIT %(param_1)s::INTEGER
2026-08-01 12:20:32,936 INFO sqlalchemy.engine.Engine [cached since 36.94s ago] {'altegio_record_id_1': 632571863, 'param_1': 1}
2026-08-01 12:20:32,936 INFO sqlalchemy.engine.Engine SELECT revenue_client_visits.id AS revenue_client_visits_id, revenue_client_visits.revenue_client_id AS revenue_client_visits_revenue_client_id, revenue_client_visits.altegio_record_id AS revenue_client_visits_altegio_record_id, revenue_client_visits.last_visit_date AS revenue_client_visits_last_visit_date, revenue_client_visits.previous_visit_date AS revenue_client_visits_previous_visit_date, revenue_client_visits.services AS revenue_client_visits_services, revenue_client_visits.master AS revenue_client_visits_master, revenue_client_visits.amount AS revenue_client_visits_amount, revenue_client_visits.visit_status AS revenue_client_visits_visit_status, revenue_client_visits.raw_data AS revenue_client_visits_raw_data, revenue_client_visits.created_at AS revenue_client_visits_created_at, revenue_client_visits.updated_at AS revenue_client_visits_updated_at 
FROM revenue_client_visits 
WHERE revenue_client_visits.revenue_client_id = %(revenue_client_id_1)s::INTEGER ORDER BY revenue_client_visits.last_visit_date ASC, revenue_client_visits.id ASC
2026-08-01 12:20:32,937 INFO sqlalchemy.engine.Engine [cached since 36.94s ago] {'revenue_client_id_1': 199}
2026-08-01 12:20:33,109 INFO sqlalchemy.engine.Engine SELECT revenue_client_visits.id AS revenue_client_visits_id, revenue_client_visits.revenue_client_id AS revenue_client_visits_revenue_client_id, revenue_client_visits.altegio_record_id AS revenue_client_visits_altegio_record_id, revenue_client_visits.last_visit_date AS revenue_client_visits_last_visit_date, revenue_client_visits.previous_visit_date AS revenue_client_visits_previous_visit_date, revenue_client_visits.services AS revenue_client_visits_services, revenue_client_visits.master AS revenue_client_visits_master, revenue_client_visits.amount AS revenue_client_visits_amount, revenue_client_visits.visit_status AS revenue_client_visits_visit_status, revenue_client_visits.raw_data AS revenue_client_visits_raw_data, revenue_client_visits.created_at AS revenue_client_visits_created_at, revenue_client_visits.updated_at AS revenue_client_visits_updated_at 
FROM revenue_client_visits 
WHERE revenue_client_visits.altegio_record_id = %(altegio_record_id_1)s::INTEGER 
 LIMIT %(param_1)s::INTEGER
2026-08-01 12:20:33,109 INFO sqlalchemy.engine.Engine [cached since 37.12s ago] {'altegio_record_id_1': 632634273, 'param_1': 1}
2026-08-01 12:20:33,111 INFO sqlalchemy.engine.Engine SELECT revenue_client_visits.id AS revenue_client_visits_id, revenue_client_visits.revenue_client_id AS revenue_client_visits_revenue_client_id, revenue_client_visits.altegio_record_id AS revenue_client_visits_altegio_record_id, revenue_client_visits.last_visit_date AS revenue_client_visits_last_visit_date, revenue_client_visits.previous_visit_date AS revenue_client_visits_previous_visit_date, revenue_client_visits.services AS revenue_client_visits_services, revenue_client_visits.master AS revenue_client_visits_master, revenue_client_visits.amount AS revenue_client_visits_amount, revenue_client_visits.visit_status AS revenue_client_visits_visit_status, revenue_client_visits.raw_data AS revenue_client_visits_raw_data, revenue_client_visits.created_at AS revenue_client_visits_created_at, revenue_client_visits.updated_at AS revenue_client_visits_updated_at 
FROM revenue_client_visits 
WHERE revenue_client_visits.revenue_client_id = %(revenue_client_id_1)s::INTEGER ORDER BY revenue_client_visits.last_visit_date ASC, revenue_client_visits.id ASC
2026-08-01 12:20:33,111 INFO sqlalchemy.engine.Engine [cached since 37.11s ago] {'revenue_client_id_1': 200}
2026-08-01 12:20:33,285 INFO sqlalchemy.engine.Engine SELECT revenue_client_visits.id AS revenue_client_visits_id, revenue_client_visits.revenue_client_id AS revenue_client_visits_revenue_client_id, revenue_client_visits.altegio_record_id AS revenue_client_visits_altegio_record_id, revenue_client_visits.last_visit_date AS revenue_client_visits_last_visit_date, revenue_client_visits.previous_visit_date AS revenue_client_visits_previous_visit_date, revenue_client_visits.services AS revenue_client_visits_services, revenue_client_visits.master AS revenue_client_visits_master, revenue_client_visits.amount AS revenue_client_visits_amount, revenue_client_visits.visit_status AS revenue_client_visits_visit_status, revenue_client_visits.raw_data AS revenue_client_visits_raw_data, revenue_client_visits.created_at AS revenue_client_visits_created_at, revenue_client_visits.updated_at AS revenue_client_visits_updated_at 
FROM revenue_client_visits 
WHERE revenue_client_visits.altegio_record_id = %(altegio_record_id_1)s::INTEGER 
 LIMIT %(param_1)s::INTEGER
2026-08-01 12:20:33,285 INFO sqlalchemy.engine.Engine [cached since 37.29s ago] {'altegio_record_id_1': 660687090, 'param_1': 1}
2026-08-01 12:20:33,286 INFO sqlalchemy.engine.Engine SELECT revenue_client_visits.id AS revenue_client_visits_id, revenue_client_visits.revenue_client_id AS revenue_client_visits_revenue_client_id, revenue_client_visits.altegio_record_id AS revenue_client_visits_altegio_record_id, revenue_client_visits.last_visit_date AS revenue_client_visits_last_visit_date, revenue_client_visits.previous_visit_date AS revenue_client_visits_previous_visit_date, revenue_client_visits.services AS revenue_client_visits_services, revenue_client_visits.master AS revenue_client_visits_master, revenue_client_visits.amount AS revenue_client_visits_amount, revenue_client_visits.visit_status AS revenue_client_visits_visit_status, revenue_client_visits.raw_data AS revenue_client_visits_raw_data, revenue_client_visits.created_at AS revenue_client_visits_created_at, revenue_client_visits.updated_at AS revenue_client_visits_updated_at 
FROM revenue_client_visits 
WHERE revenue_client_visits.altegio_record_id = %(altegio_record_id_1)s::INTEGER 
 LIMIT %(param_1)s::INTEGER
2026-08-01 12:20:33,286 INFO sqlalchemy.engine.Engine [cached since 37.3s ago] {'altegio_record_id_1': 649532886, 'param_1': 1}
2026-08-01 12:20:33,287 INFO sqlalchemy.engine.Engine SELECT revenue_client_visits.id AS revenue_client_visits_id, revenue_client_visits.revenue_client_id AS revenue_client_visits_revenue_client_id, revenue_client_visits.altegio_record_id AS revenue_client_visits_altegio_record_id, revenue_client_visits.last_visit_date AS revenue_client_visits_last_visit_date, revenue_client_visits.previous_visit_date AS revenue_client_visits_previous_visit_date, revenue_client_visits.services AS revenue_client_visits_services, revenue_client_visits.master AS revenue_client_visits_master, revenue_client_visits.amount AS revenue_client_visits_amount, revenue_client_visits.visit_status AS revenue_client_visits_visit_status, revenue_client_visits.raw_data AS revenue_client_visits_raw_data, revenue_client_visits.created_at AS revenue_client_visits_created_at, revenue_client_visits.updated_at AS revenue_client_visits_updated_at 
FROM revenue_client_visits 
WHERE revenue_client_visits.altegio_record_id = %(altegio_record_id_1)s::INTEGER 
 LIMIT %(param_1)s::INTEGER
2026-08-01 12:20:33,287 INFO sqlalchemy.engine.Engine [cached since 37.3s ago] {'altegio_record_id_1': 642455939, 'param_1': 1}
2026-08-01 12:20:33,288 INFO sqlalchemy.engine.Engine SELECT revenue_client_visits.id AS revenue_client_visits_id, revenue_client_visits.revenue_client_id AS revenue_client_visits_revenue_client_id, revenue_client_visits.altegio_record_id AS revenue_client_visits_altegio_record_id, revenue_client_visits.last_visit_date AS revenue_client_visits_last_visit_date, revenue_client_visits.previous_visit_date AS revenue_client_visits_previous_visit_date, revenue_client_visits.services AS revenue_client_visits_services, revenue_client_visits.master AS revenue_client_visits_master, revenue_client_visits.amount AS revenue_client_visits_amount, revenue_client_visits.visit_status AS revenue_client_visits_visit_status, revenue_client_visits.raw_data AS revenue_client_visits_raw_data, revenue_client_visits.created_at AS revenue_client_visits_created_at, revenue_client_visits.updated_at AS revenue_client_visits_updated_at 
FROM revenue_client_visits 
WHERE revenue_client_visits.altegio_record_id = %(altegio_record_id_1)s::INTEGER 
 LIMIT %(param_1)s::INTEGER
2026-08-01 12:20:33,288 INFO sqlalchemy.engine.Engine [cached since 37.3s ago] {'altegio_record_id_1': 633412309, 'param_1': 1}
2026-08-01 12:20:33,289 INFO sqlalchemy.engine.Engine SELECT revenue_client_visits.id AS revenue_client_visits_id, revenue_client_visits.revenue_client_id AS revenue_client_visits_revenue_client_id, revenue_client_visits.altegio_record_id AS revenue_client_visits_altegio_record_id, revenue_client_visits.last_visit_date AS revenue_client_visits_last_visit_date, revenue_client_visits.previous_visit_date AS revenue_client_visits_previous_visit_date, revenue_client_visits.services AS revenue_client_visits_services, revenue_client_visits.master AS revenue_client_visits_master, revenue_client_visits.amount AS revenue_client_visits_amount, revenue_client_visits.visit_status AS revenue_client_visits_visit_status, revenue_client_visits.raw_data AS revenue_client_visits_raw_data, revenue_client_visits.created_at AS revenue_client_visits_created_at, revenue_client_visits.updated_at AS revenue_client_visits_updated_at 
FROM revenue_client_visits 
WHERE revenue_client_visits.altegio_record_id = %(altegio_record_id_1)s::INTEGER 
 LIMIT %(param_1)s::INTEGER
2026-08-01 12:20:33,289 INFO sqlalchemy.engine.Engine [cached since 37.3s ago] {'altegio_record_id_1': 632805598, 'param_1': 1}
2026-08-01 12:20:33,290 INFO sqlalchemy.engine.Engine SELECT revenue_client_visits.id AS revenue_client_visits_id, revenue_client_visits.revenue_client_id AS revenue_client_visits_revenue_client_id, revenue_client_visits.altegio_record_id AS revenue_client_visits_altegio_record_id, revenue_client_visits.last_visit_date AS revenue_client_visits_last_visit_date, revenue_client_visits.previous_visit_date AS revenue_client_visits_previous_visit_date, revenue_client_visits.services AS revenue_client_visits_services, revenue_client_visits.master AS revenue_client_visits_master, revenue_client_visits.amount AS revenue_client_visits_amount, revenue_client_visits.visit_status AS revenue_client_visits_visit_status, revenue_client_visits.raw_data AS revenue_client_visits_raw_data, revenue_client_visits.created_at AS revenue_client_visits_created_at, revenue_client_visits.updated_at AS revenue_client_visits_updated_at 
FROM revenue_client_visits 
WHERE revenue_client_visits.revenue_client_id = %(revenue_client_id_1)s::INTEGER ORDER BY revenue_client_visits.last_visit_date ASC, revenue_client_visits.id ASC
2026-08-01 12:20:33,290 INFO sqlalchemy.engine.Engine [cached since 37.29s ago] {'revenue_client_id_1': 201}
2026-08-01 12:20:33,513 INFO sqlalchemy.engine.Engine SELECT revenue_client_visits.id AS revenue_client_visits_id, revenue_client_visits.revenue_client_id AS revenue_client_visits_revenue_client_id, revenue_client_visits.altegio_record_id AS revenue_client_visits_altegio_record_id, revenue_client_visits.last_visit_date AS revenue_client_visits_last_visit_date, revenue_client_visits.previous_visit_date AS revenue_client_visits_previous_visit_date, revenue_client_visits.services AS revenue_client_visits_services, revenue_client_visits.master AS revenue_client_visits_master, revenue_client_visits.amount AS revenue_client_visits_amount, revenue_client_visits.visit_status AS revenue_client_visits_visit_status, revenue_client_visits.raw_data AS revenue_client_visits_raw_data, revenue_client_visits.created_at AS revenue_client_visits_created_at, revenue_client_visits.updated_at AS revenue_client_visits_updated_at 
FROM revenue_client_visits 
WHERE revenue_client_visits.altegio_record_id = %(altegio_record_id_1)s::INTEGER 
 LIMIT %(param_1)s::INTEGER
2026-08-01 12:20:33,513 INFO sqlalchemy.engine.Engine [cached since 37.52s ago] {'altegio_record_id_1': 632913828, 'param_1': 1}
2026-08-01 12:20:33,514 INFO sqlalchemy.engine.Engine SELECT revenue_client_visits.id AS revenue_client_visits_id, revenue_client_visits.revenue_client_id AS revenue_client_visits_revenue_client_id, revenue_client_visits.altegio_record_id AS revenue_client_visits_altegio_record_id, revenue_client_visits.last_visit_date AS revenue_client_visits_last_visit_date, revenue_client_visits.previous_visit_date AS revenue_client_visits_previous_visit_date, revenue_client_visits.services AS revenue_client_visits_services, revenue_client_visits.master AS revenue_client_visits_master, revenue_client_visits.amount AS revenue_client_visits_amount, revenue_client_visits.visit_status AS revenue_client_visits_visit_status, revenue_client_visits.raw_data AS revenue_client_visits_raw_data, revenue_client_visits.created_at AS revenue_client_visits_created_at, revenue_client_visits.updated_at AS revenue_client_visits_updated_at 
FROM revenue_client_visits 
WHERE revenue_client_visits.revenue_client_id = %(revenue_client_id_1)s::INTEGER ORDER BY revenue_client_visits.last_visit_date ASC, revenue_client_visits.id ASC
2026-08-01 12:20:33,514 INFO sqlalchemy.engine.Engine [cached since 37.51s ago] {'revenue_client_id_1': 202}
2026-08-01 12:20:33,733 INFO sqlalchemy.engine.Engine SELECT revenue_client_visits.id AS revenue_client_visits_id, revenue_client_visits.revenue_client_id AS revenue_client_visits_revenue_client_id, revenue_client_visits.altegio_record_id AS revenue_client_visits_altegio_record_id, revenue_client_visits.last_visit_date AS revenue_client_visits_last_visit_date, revenue_client_visits.previous_visit_date AS revenue_client_visits_previous_visit_date, revenue_client_visits.services AS revenue_client_visits_services, revenue_client_visits.master AS revenue_client_visits_master, revenue_client_visits.amount AS revenue_client_visits_amount, revenue_client_visits.visit_status AS revenue_client_visits_visit_status, revenue_client_visits.raw_data AS revenue_client_visits_raw_data, revenue_client_visits.created_at AS revenue_client_visits_created_at, revenue_client_visits.updated_at AS revenue_client_visits_updated_at 
FROM revenue_client_visits 
WHERE revenue_client_visits.altegio_record_id = %(altegio_record_id_1)s::INTEGER 
 LIMIT %(param_1)s::INTEGER
2026-08-01 12:20:33,733 INFO sqlalchemy.engine.Engine [cached since 37.74s ago] {'altegio_record_id_1': 640793225, 'param_1': 1}
2026-08-01 12:20:33,734 INFO sqlalchemy.engine.Engine SELECT revenue_client_visits.id AS revenue_client_visits_id, revenue_client_visits.revenue_client_id AS revenue_client_visits_revenue_client_id, revenue_client_visits.altegio_record_id AS revenue_client_visits_altegio_record_id, revenue_client_visits.last_visit_date AS revenue_client_visits_last_visit_date, revenue_client_visits.previous_visit_date AS revenue_client_visits_previous_visit_date, revenue_client_visits.services AS revenue_client_visits_services, revenue_client_visits.master AS revenue_client_visits_master, revenue_client_visits.amount AS revenue_client_visits_amount, revenue_client_visits.visit_status AS revenue_client_visits_visit_status, revenue_client_visits.raw_data AS revenue_client_visits_raw_data, revenue_client_visits.created_at AS revenue_client_visits_created_at, revenue_client_visits.updated_at AS revenue_client_visits_updated_at 
FROM revenue_client_visits 
WHERE revenue_client_visits.altegio_record_id = %(altegio_record_id_1)s::INTEGER 
 LIMIT %(param_1)s::INTEGER
2026-08-01 12:20:33,734 INFO sqlalchemy.engine.Engine [cached since 37.74s ago] {'altegio_record_id_1': 634491672, 'param_1': 1}
2026-08-01 12:20:33,735 INFO sqlalchemy.engine.Engine SELECT revenue_client_visits.id AS revenue_client_visits_id, revenue_client_visits.revenue_client_id AS revenue_client_visits_revenue_client_id, revenue_client_visits.altegio_record_id AS revenue_client_visits_altegio_record_id, revenue_client_visits.last_visit_date AS revenue_client_visits_last_visit_date, revenue_client_visits.previous_visit_date AS revenue_client_visits_previous_visit_date, revenue_client_visits.services AS revenue_client_visits_services, revenue_client_visits.master AS revenue_client_visits_master, revenue_client_visits.amount AS revenue_client_visits_amount, revenue_client_visits.visit_status AS revenue_client_visits_visit_status, revenue_client_visits.raw_data AS revenue_client_visits_raw_data, revenue_client_visits.created_at AS revenue_client_visits_created_at, revenue_client_visits.updated_at AS revenue_client_visits_updated_at 
FROM revenue_client_visits 
WHERE revenue_client_visits.altegio_record_id = %(altegio_record_id_1)s::INTEGER 
 LIMIT %(param_1)s::INTEGER
2026-08-01 12:20:33,735 INFO sqlalchemy.engine.Engine [cached since 37.74s ago] {'altegio_record_id_1': 633005990, 'param_1': 1}
2026-08-01 12:20:33,736 INFO sqlalchemy.engine.Engine SELECT revenue_client_visits.id AS revenue_client_visits_id, revenue_client_visits.revenue_client_id AS revenue_client_visits_revenue_client_id, revenue_client_visits.altegio_record_id AS revenue_client_visits_altegio_record_id, revenue_client_visits.last_visit_date AS revenue_client_visits_last_visit_date, revenue_client_visits.previous_visit_date AS revenue_client_visits_previous_visit_date, revenue_client_visits.services AS revenue_client_visits_services, revenue_client_visits.master AS revenue_client_visits_master, revenue_client_visits.amount AS revenue_client_visits_amount, revenue_client_visits.visit_status AS revenue_client_visits_visit_status, revenue_client_visits.raw_data AS revenue_client_visits_raw_data, revenue_client_visits.created_at AS revenue_client_visits_created_at, revenue_client_visits.updated_at AS revenue_client_visits_updated_at 
FROM revenue_client_visits 
WHERE revenue_client_visits.revenue_client_id = %(revenue_client_id_1)s::INTEGER ORDER BY revenue_client_visits.last_visit_date ASC, revenue_client_visits.id ASC
2026-08-01 12:20:33,736 INFO sqlalchemy.engine.Engine [cached since 37.74s ago] {'revenue_client_id_1': 203}
2026-08-01 12:20:33,910 INFO sqlalchemy.engine.Engine SELECT revenue_client_visits.id AS revenue_client_visits_id, revenue_client_visits.revenue_client_id AS revenue_client_visits_revenue_client_id, revenue_client_visits.altegio_record_id AS revenue_client_visits_altegio_record_id, revenue_client_visits.last_visit_date AS revenue_client_visits_last_visit_date, revenue_client_visits.previous_visit_date AS revenue_client_visits_previous_visit_date, revenue_client_visits.services AS revenue_client_visits_services, revenue_client_visits.master AS revenue_client_visits_master, revenue_client_visits.amount AS revenue_client_visits_amount, revenue_client_visits.visit_status AS revenue_client_visits_visit_status, revenue_client_visits.raw_data AS revenue_client_visits_raw_data, revenue_client_visits.created_at AS revenue_client_visits_created_at, revenue_client_visits.updated_at AS revenue_client_visits_updated_at 
FROM revenue_client_visits 
WHERE revenue_client_visits.altegio_record_id = %(altegio_record_id_1)s::INTEGER 
 LIMIT %(param_1)s::INTEGER
2026-08-01 12:20:33,910 INFO sqlalchemy.engine.Engine [cached since 37.92s ago] {'altegio_record_id_1': 639185872, 'param_1': 1}
2026-08-01 12:20:33,911 INFO sqlalchemy.engine.Engine SELECT revenue_client_visits.id AS revenue_client_visits_id, revenue_client_visits.revenue_client_id AS revenue_client_visits_revenue_client_id, revenue_client_visits.altegio_record_id AS revenue_client_visits_altegio_record_id, revenue_client_visits.last_visit_date AS revenue_client_visits_last_visit_date, revenue_client_visits.previous_visit_date AS revenue_client_visits_previous_visit_date, revenue_client_visits.services AS revenue_client_visits_services, revenue_client_visits.master AS revenue_client_visits_master, revenue_client_visits.amount AS revenue_client_visits_amount, revenue_client_visits.visit_status AS revenue_client_visits_visit_status, revenue_client_visits.raw_data AS revenue_client_visits_raw_data, revenue_client_visits.created_at AS revenue_client_visits_created_at, revenue_client_visits.updated_at AS revenue_client_visits_updated_at 
FROM revenue_client_visits 
WHERE revenue_client_visits.revenue_client_id = %(revenue_client_id_1)s::INTEGER ORDER BY revenue_client_visits.last_visit_date ASC, revenue_client_visits.id ASC
2026-08-01 12:20:33,911 INFO sqlalchemy.engine.Engine [cached since 37.91s ago] {'revenue_client_id_1': 204}
2026-08-01 12:20:34,244 INFO sqlalchemy.engine.Engine SELECT revenue_client_visits.id AS revenue_client_visits_id, revenue_client_visits.revenue_client_id AS revenue_client_visits_revenue_client_id, revenue_client_visits.altegio_record_id AS revenue_client_visits_altegio_record_id, revenue_client_visits.last_visit_date AS revenue_client_visits_last_visit_date, revenue_client_visits.previous_visit_date AS revenue_client_visits_previous_visit_date, revenue_client_visits.services AS revenue_client_visits_services, revenue_client_visits.master AS revenue_client_visits_master, revenue_client_visits.amount AS revenue_client_visits_amount, revenue_client_visits.visit_status AS revenue_client_visits_visit_status, revenue_client_visits.raw_data AS revenue_client_visits_raw_data, revenue_client_visits.created_at AS revenue_client_visits_created_at, revenue_client_visits.updated_at AS revenue_client_visits_updated_at 
FROM revenue_client_visits 
WHERE revenue_client_visits.altegio_record_id = %(altegio_record_id_1)s::INTEGER 
 LIMIT %(param_1)s::INTEGER
2026-08-01 12:20:34,244 INFO sqlalchemy.engine.Engine [cached since 38.25s ago] {'altegio_record_id_1': 653384593, 'param_1': 1}
2026-08-01 12:20:34,245 INFO sqlalchemy.engine.Engine SELECT revenue_client_visits.id AS revenue_client_visits_id, revenue_client_visits.revenue_client_id AS revenue_client_visits_revenue_client_id, revenue_client_visits.altegio_record_id AS revenue_client_visits_altegio_record_id, revenue_client_visits.last_visit_date AS revenue_client_visits_last_visit_date, revenue_client_visits.previous_visit_date AS revenue_client_visits_previous_visit_date, revenue_client_visits.services AS revenue_client_visits_services, revenue_client_visits.master AS revenue_client_visits_master, revenue_client_visits.amount AS revenue_client_visits_amount, revenue_client_visits.visit_status AS revenue_client_visits_visit_status, revenue_client_visits.raw_data AS revenue_client_visits_raw_data, revenue_client_visits.created_at AS revenue_client_visits_created_at, revenue_client_visits.updated_at AS revenue_client_visits_updated_at 
FROM revenue_client_visits 
WHERE revenue_client_visits.altegio_record_id = %(altegio_record_id_1)s::INTEGER 
 LIMIT %(param_1)s::INTEGER
2026-08-01 12:20:34,245 INFO sqlalchemy.engine.Engine [cached since 38.25s ago] {'altegio_record_id_1': 633421114, 'param_1': 1}
2026-08-01 12:20:34,246 INFO sqlalchemy.engine.Engine SELECT revenue_client_visits.id AS revenue_client_visits_id, revenue_client_visits.revenue_client_id AS revenue_client_visits_revenue_client_id, revenue_client_visits.altegio_record_id AS revenue_client_visits_altegio_record_id, revenue_client_visits.last_visit_date AS revenue_client_visits_last_visit_date, revenue_client_visits.previous_visit_date AS revenue_client_visits_previous_visit_date, revenue_client_visits.services AS revenue_client_visits_services, revenue_client_visits.master AS revenue_client_visits_master, revenue_client_visits.amount AS revenue_client_visits_amount, revenue_client_visits.visit_status AS revenue_client_visits_visit_status, revenue_client_visits.raw_data AS revenue_client_visits_raw_data, revenue_client_visits.created_at AS revenue_client_visits_created_at, revenue_client_visits.updated_at AS revenue_client_visits_updated_at 
FROM revenue_client_visits 
WHERE revenue_client_visits.revenue_client_id = %(revenue_client_id_1)s::INTEGER ORDER BY revenue_client_visits.last_visit_date ASC, revenue_client_visits.id ASC
2026-08-01 12:20:34,246 INFO sqlalchemy.engine.Engine [cached since 38.25s ago] {'revenue_client_id_1': 206}
2026-08-01 12:20:34,416 INFO sqlalchemy.engine.Engine SELECT revenue_client_visits.id AS revenue_client_visits_id, revenue_client_visits.revenue_client_id AS revenue_client_visits_revenue_client_id, revenue_client_visits.altegio_record_id AS revenue_client_visits_altegio_record_id, revenue_client_visits.last_visit_date AS revenue_client_visits_last_visit_date, revenue_client_visits.previous_visit_date AS revenue_client_visits_previous_visit_date, revenue_client_visits.services AS revenue_client_visits_services, revenue_client_visits.master AS revenue_client_visits_master, revenue_client_visits.amount AS revenue_client_visits_amount, revenue_client_visits.visit_status AS revenue_client_visits_visit_status, revenue_client_visits.raw_data AS revenue_client_visits_raw_data, revenue_client_visits.created_at AS revenue_client_visits_created_at, revenue_client_visits.updated_at AS revenue_client_visits_updated_at 
FROM revenue_client_visits 
WHERE revenue_client_visits.altegio_record_id = %(altegio_record_id_1)s::INTEGER 
 LIMIT %(param_1)s::INTEGER
2026-08-01 12:20:34,416 INFO sqlalchemy.engine.Engine [cached since 38.42s ago] {'altegio_record_id_1': 644049653, 'param_1': 1}
2026-08-01 12:20:34,417 INFO sqlalchemy.engine.Engine SELECT revenue_client_visits.id AS revenue_client_visits_id, revenue_client_visits.revenue_client_id AS revenue_client_visits_revenue_client_id, revenue_client_visits.altegio_record_id AS revenue_client_visits_altegio_record_id, revenue_client_visits.last_visit_date AS revenue_client_visits_last_visit_date, revenue_client_visits.previous_visit_date AS revenue_client_visits_previous_visit_date, revenue_client_visits.services AS revenue_client_visits_services, revenue_client_visits.master AS revenue_client_visits_master, revenue_client_visits.amount AS revenue_client_visits_amount, revenue_client_visits.visit_status AS revenue_client_visits_visit_status, revenue_client_visits.raw_data AS revenue_client_visits_raw_data, revenue_client_visits.created_at AS revenue_client_visits_created_at, revenue_client_visits.updated_at AS revenue_client_visits_updated_at 
FROM revenue_client_visits 
WHERE revenue_client_visits.altegio_record_id = %(altegio_record_id_1)s::INTEGER 
 LIMIT %(param_1)s::INTEGER
2026-08-01 12:20:34,417 INFO sqlalchemy.engine.Engine [cached since 38.43s ago] {'altegio_record_id_1': 634699796, 'param_1': 1}
2026-08-01 12:20:34,418 INFO sqlalchemy.engine.Engine SELECT revenue_client_visits.id AS revenue_client_visits_id, revenue_client_visits.revenue_client_id AS revenue_client_visits_revenue_client_id, revenue_client_visits.altegio_record_id AS revenue_client_visits_altegio_record_id, revenue_client_visits.last_visit_date AS revenue_client_visits_last_visit_date, revenue_client_visits.previous_visit_date AS revenue_client_visits_previous_visit_date, revenue_client_visits.services AS revenue_client_visits_services, revenue_client_visits.master AS revenue_client_visits_master, revenue_client_visits.amount AS revenue_client_visits_amount, revenue_client_visits.visit_status AS revenue_client_visits_visit_status, revenue_client_visits.raw_data AS revenue_client_visits_raw_data, revenue_client_visits.created_at AS revenue_client_visits_created_at, revenue_client_visits.updated_at AS revenue_client_visits_updated_at 
FROM revenue_client_visits 
WHERE revenue_client_visits.altegio_record_id = %(altegio_record_id_1)s::INTEGER 
 LIMIT %(param_1)s::INTEGER
2026-08-01 12:20:34,418 INFO sqlalchemy.engine.Engine [cached since 38.43s ago] {'altegio_record_id_1': 633507695, 'param_1': 1}
2026-08-01 12:20:34,419 INFO sqlalchemy.engine.Engine SELECT revenue_client_visits.id AS revenue_client_visits_id, revenue_client_visits.revenue_client_id AS revenue_client_visits_revenue_client_id, revenue_client_visits.altegio_record_id AS revenue_client_visits_altegio_record_id, revenue_client_visits.last_visit_date AS revenue_client_visits_last_visit_date, revenue_client_visits.previous_visit_date AS revenue_client_visits_previous_visit_date, revenue_client_visits.services AS revenue_client_visits_services, revenue_client_visits.master AS revenue_client_visits_master, revenue_client_visits.amount AS revenue_client_visits_amount, revenue_client_visits.visit_status AS revenue_client_visits_visit_status, revenue_client_visits.raw_data AS revenue_client_visits_raw_data, revenue_client_visits.created_at AS revenue_client_visits_created_at, revenue_client_visits.updated_at AS revenue_client_visits_updated_at 
FROM revenue_client_visits 
WHERE revenue_client_visits.revenue_client_id = %(revenue_client_id_1)s::INTEGER ORDER BY revenue_client_visits.last_visit_date ASC, revenue_client_visits.id ASC
2026-08-01 12:20:34,419 INFO sqlalchemy.engine.Engine [cached since 38.42s ago] {'revenue_client_id_1': 207}
2026-08-01 12:20:34,610 INFO sqlalchemy.engine.Engine SELECT revenue_client_visits.id AS revenue_client_visits_id, revenue_client_visits.revenue_client_id AS revenue_client_visits_revenue_client_id, revenue_client_visits.altegio_record_id AS revenue_client_visits_altegio_record_id, revenue_client_visits.last_visit_date AS revenue_client_visits_last_visit_date, revenue_client_visits.previous_visit_date AS revenue_client_visits_previous_visit_date, revenue_client_visits.services AS revenue_client_visits_services, revenue_client_visits.master AS revenue_client_visits_master, revenue_client_visits.amount AS revenue_client_visits_amount, revenue_client_visits.visit_status AS revenue_client_visits_visit_status, revenue_client_visits.raw_data AS revenue_client_visits_raw_data, revenue_client_visits.created_at AS revenue_client_visits_created_at, revenue_client_visits.updated_at AS revenue_client_visits_updated_at 
FROM revenue_client_visits 
WHERE revenue_client_visits.altegio_record_id = %(altegio_record_id_1)s::INTEGER 
 LIMIT %(param_1)s::INTEGER
2026-08-01 12:20:34,610 INFO sqlalchemy.engine.Engine [cached since 38.62s ago] {'altegio_record_id_1': 662121890, 'param_1': 1}
2026-08-01 12:20:34,611 INFO sqlalchemy.engine.Engine SELECT revenue_client_visits.id AS revenue_client_visits_id, revenue_client_visits.revenue_client_id AS revenue_client_visits_revenue_client_id, revenue_client_visits.altegio_record_id AS revenue_client_visits_altegio_record_id, revenue_client_visits.last_visit_date AS revenue_client_visits_last_visit_date, revenue_client_visits.previous_visit_date AS revenue_client_visits_previous_visit_date, revenue_client_visits.services AS revenue_client_visits_services, revenue_client_visits.master AS revenue_client_visits_master, revenue_client_visits.amount AS revenue_client_visits_amount, revenue_client_visits.visit_status AS revenue_client_visits_visit_status, revenue_client_visits.raw_data AS revenue_client_visits_raw_data, revenue_client_visits.created_at AS revenue_client_visits_created_at, revenue_client_visits.updated_at AS revenue_client_visits_updated_at 
FROM revenue_client_visits 
WHERE revenue_client_visits.altegio_record_id = %(altegio_record_id_1)s::INTEGER 
 LIMIT %(param_1)s::INTEGER
2026-08-01 12:20:34,612 INFO sqlalchemy.engine.Engine [cached since 38.62s ago] {'altegio_record_id_1': 655740030, 'param_1': 1}
2026-08-01 12:20:34,613 INFO sqlalchemy.engine.Engine SELECT revenue_client_visits.id AS revenue_client_visits_id, revenue_client_visits.revenue_client_id AS revenue_client_visits_revenue_client_id, revenue_client_visits.altegio_record_id AS revenue_client_visits_altegio_record_id, revenue_client_visits.last_visit_date AS revenue_client_visits_last_visit_date, revenue_client_visits.previous_visit_date AS revenue_client_visits_previous_visit_date, revenue_client_visits.services AS revenue_client_visits_services, revenue_client_visits.master AS revenue_client_visits_master, revenue_client_visits.amount AS revenue_client_visits_amount, revenue_client_visits.visit_status AS revenue_client_visits_visit_status, revenue_client_visits.raw_data AS revenue_client_visits_raw_data, revenue_client_visits.created_at AS revenue_client_visits_created_at, revenue_client_visits.updated_at AS revenue_client_visits_updated_at 
FROM revenue_client_visits 
WHERE revenue_client_visits.altegio_record_id = %(altegio_record_id_1)s::INTEGER 
 LIMIT %(param_1)s::INTEGER
2026-08-01 12:20:34,613 INFO sqlalchemy.engine.Engine [cached since 38.62s ago] {'altegio_record_id_1': 647504545, 'param_1': 1}
2026-08-01 12:20:34,613 INFO sqlalchemy.engine.Engine SELECT revenue_client_visits.id AS revenue_client_visits_id, revenue_client_visits.revenue_client_id AS revenue_client_visits_revenue_client_id, revenue_client_visits.altegio_record_id AS revenue_client_visits_altegio_record_id, revenue_client_visits.last_visit_date AS revenue_client_visits_last_visit_date, revenue_client_visits.previous_visit_date AS revenue_client_visits_previous_visit_date, revenue_client_visits.services AS revenue_client_visits_services, revenue_client_visits.master AS revenue_client_visits_master, revenue_client_visits.amount AS revenue_client_visits_amount, revenue_client_visits.visit_status AS revenue_client_visits_visit_status, revenue_client_visits.raw_data AS revenue_client_visits_raw_data, revenue_client_visits.created_at AS revenue_client_visits_created_at, revenue_client_visits.updated_at AS revenue_client_visits_updated_at 
FROM revenue_client_visits 
WHERE revenue_client_visits.altegio_record_id = %(altegio_record_id_1)s::INTEGER 
 LIMIT %(param_1)s::INTEGER
2026-08-01 12:20:34,614 INFO sqlalchemy.engine.Engine [cached since 38.62s ago] {'altegio_record_id_1': 642239721, 'param_1': 1}
2026-08-01 12:20:34,614 INFO sqlalchemy.engine.Engine SELECT revenue_client_visits.id AS revenue_client_visits_id, revenue_client_visits.revenue_client_id AS revenue_client_visits_revenue_client_id, revenue_client_visits.altegio_record_id AS revenue_client_visits_altegio_record_id, revenue_client_visits.last_visit_date AS revenue_client_visits_last_visit_date, revenue_client_visits.previous_visit_date AS revenue_client_visits_previous_visit_date, revenue_client_visits.services AS revenue_client_visits_services, revenue_client_visits.master AS revenue_client_visits_master, revenue_client_visits.amount AS revenue_client_visits_amount, revenue_client_visits.visit_status AS revenue_client_visits_visit_status, revenue_client_visits.raw_data AS revenue_client_visits_raw_data, revenue_client_visits.created_at AS revenue_client_visits_created_at, revenue_client_visits.updated_at AS revenue_client_visits_updated_at 
FROM revenue_client_visits 
WHERE revenue_client_visits.altegio_record_id = %(altegio_record_id_1)s::INTEGER 
 LIMIT %(param_1)s::INTEGER
2026-08-01 12:20:34,615 INFO sqlalchemy.engine.Engine [cached since 38.62s ago] {'altegio_record_id_1': 637012045, 'param_1': 1}
2026-08-01 12:20:34,615 INFO sqlalchemy.engine.Engine SELECT revenue_client_visits.id AS revenue_client_visits_id, revenue_client_visits.revenue_client_id AS revenue_client_visits_revenue_client_id, revenue_client_visits.altegio_record_id AS revenue_client_visits_altegio_record_id, revenue_client_visits.last_visit_date AS revenue_client_visits_last_visit_date, revenue_client_visits.previous_visit_date AS revenue_client_visits_previous_visit_date, revenue_client_visits.services AS revenue_client_visits_services, revenue_client_visits.master AS revenue_client_visits_master, revenue_client_visits.amount AS revenue_client_visits_amount, revenue_client_visits.visit_status AS revenue_client_visits_visit_status, revenue_client_visits.raw_data AS revenue_client_visits_raw_data, revenue_client_visits.created_at AS revenue_client_visits_created_at, revenue_client_visits.updated_at AS revenue_client_visits_updated_at 
FROM revenue_client_visits 
WHERE revenue_client_visits.altegio_record_id = %(altegio_record_id_1)s::INTEGER 
 LIMIT %(param_1)s::INTEGER
2026-08-01 12:20:34,615 INFO sqlalchemy.engine.Engine [cached since 38.62s ago] {'altegio_record_id_1': 633512542, 'param_1': 1}
2026-08-01 12:20:34,616 INFO sqlalchemy.engine.Engine SELECT revenue_client_visits.id AS revenue_client_visits_id, revenue_client_visits.revenue_client_id AS revenue_client_visits_revenue_client_id, revenue_client_visits.altegio_record_id AS revenue_client_visits_altegio_record_id, revenue_client_visits.last_visit_date AS revenue_client_visits_last_visit_date, revenue_client_visits.previous_visit_date AS revenue_client_visits_previous_visit_date, revenue_client_visits.services AS revenue_client_visits_services, revenue_client_visits.master AS revenue_client_visits_master, revenue_client_visits.amount AS revenue_client_visits_amount, revenue_client_visits.visit_status AS revenue_client_visits_visit_status, revenue_client_visits.raw_data AS revenue_client_visits_raw_data, revenue_client_visits.created_at AS revenue_client_visits_created_at, revenue_client_visits.updated_at AS revenue_client_visits_updated_at 
FROM revenue_client_visits 
WHERE revenue_client_visits.revenue_client_id = %(revenue_client_id_1)s::INTEGER ORDER BY revenue_client_visits.last_visit_date ASC, revenue_client_visits.id ASC
2026-08-01 12:20:34,616 INFO sqlalchemy.engine.Engine [cached since 38.62s ago] {'revenue_client_id_1': 208}
2026-08-01 12:20:34,792 INFO sqlalchemy.engine.Engine SELECT revenue_client_visits.id AS revenue_client_visits_id, revenue_client_visits.revenue_client_id AS revenue_client_visits_revenue_client_id, revenue_client_visits.altegio_record_id AS revenue_client_visits_altegio_record_id, revenue_client_visits.last_visit_date AS revenue_client_visits_last_visit_date, revenue_client_visits.previous_visit_date AS revenue_client_visits_previous_visit_date, revenue_client_visits.services AS revenue_client_visits_services, revenue_client_visits.master AS revenue_client_visits_master, revenue_client_visits.amount AS revenue_client_visits_amount, revenue_client_visits.visit_status AS revenue_client_visits_visit_status, revenue_client_visits.raw_data AS revenue_client_visits_raw_data, revenue_client_visits.created_at AS revenue_client_visits_created_at, revenue_client_visits.updated_at AS revenue_client_visits_updated_at 
FROM revenue_client_visits 
WHERE revenue_client_visits.altegio_record_id = %(altegio_record_id_1)s::INTEGER 
 LIMIT %(param_1)s::INTEGER
2026-08-01 12:20:34,792 INFO sqlalchemy.engine.Engine [cached since 38.8s ago] {'altegio_record_id_1': 633695417, 'param_1': 1}
2026-08-01 12:20:34,793 INFO sqlalchemy.engine.Engine SELECT revenue_client_visits.id AS revenue_client_visits_id, revenue_client_visits.revenue_client_id AS revenue_client_visits_revenue_client_id, revenue_client_visits.altegio_record_id AS revenue_client_visits_altegio_record_id, revenue_client_visits.last_visit_date AS revenue_client_visits_last_visit_date, revenue_client_visits.previous_visit_date AS revenue_client_visits_previous_visit_date, revenue_client_visits.services AS revenue_client_visits_services, revenue_client_visits.master AS revenue_client_visits_master, revenue_client_visits.amount AS revenue_client_visits_amount, revenue_client_visits.visit_status AS revenue_client_visits_visit_status, revenue_client_visits.raw_data AS revenue_client_visits_raw_data, revenue_client_visits.created_at AS revenue_client_visits_created_at, revenue_client_visits.updated_at AS revenue_client_visits_updated_at 
FROM revenue_client_visits 
WHERE revenue_client_visits.revenue_client_id = %(revenue_client_id_1)s::INTEGER ORDER BY revenue_client_visits.last_visit_date ASC, revenue_client_visits.id ASC
2026-08-01 12:20:34,793 INFO sqlalchemy.engine.Engine [cached since 38.79s ago] {'revenue_client_id_1': 209}
2026-08-01 12:20:34,973 INFO sqlalchemy.engine.Engine SELECT revenue_client_visits.id AS revenue_client_visits_id, revenue_client_visits.revenue_client_id AS revenue_client_visits_revenue_client_id, revenue_client_visits.altegio_record_id AS revenue_client_visits_altegio_record_id, revenue_client_visits.last_visit_date AS revenue_client_visits_last_visit_date, revenue_client_visits.previous_visit_date AS revenue_client_visits_previous_visit_date, revenue_client_visits.services AS revenue_client_visits_services, revenue_client_visits.master AS revenue_client_visits_master, revenue_client_visits.amount AS revenue_client_visits_amount, revenue_client_visits.visit_status AS revenue_client_visits_visit_status, revenue_client_visits.raw_data AS revenue_client_visits_raw_data, revenue_client_visits.created_at AS revenue_client_visits_created_at, revenue_client_visits.updated_at AS revenue_client_visits_updated_at 
FROM revenue_client_visits 
WHERE revenue_client_visits.altegio_record_id = %(altegio_record_id_1)s::INTEGER 
 LIMIT %(param_1)s::INTEGER
2026-08-01 12:20:34,973 INFO sqlalchemy.engine.Engine [cached since 38.98s ago] {'altegio_record_id_1': 634128237, 'param_1': 1}
2026-08-01 12:20:34,975 INFO sqlalchemy.engine.Engine SELECT revenue_client_visits.id AS revenue_client_visits_id, revenue_client_visits.revenue_client_id AS revenue_client_visits_revenue_client_id, revenue_client_visits.altegio_record_id AS revenue_client_visits_altegio_record_id, revenue_client_visits.last_visit_date AS revenue_client_visits_last_visit_date, revenue_client_visits.previous_visit_date AS revenue_client_visits_previous_visit_date, revenue_client_visits.services AS revenue_client_visits_services, revenue_client_visits.master AS revenue_client_visits_master, revenue_client_visits.amount AS revenue_client_visits_amount, revenue_client_visits.visit_status AS revenue_client_visits_visit_status, revenue_client_visits.raw_data AS revenue_client_visits_raw_data, revenue_client_visits.created_at AS revenue_client_visits_created_at, revenue_client_visits.updated_at AS revenue_client_visits_updated_at 
FROM revenue_client_visits 
WHERE revenue_client_visits.altegio_record_id = %(altegio_record_id_1)s::INTEGER 
 LIMIT %(param_1)s::INTEGER
2026-08-01 12:20:34,975 INFO sqlalchemy.engine.Engine [cached since 38.98s ago] {'altegio_record_id_1': 633858128, 'param_1': 1}
2026-08-01 12:20:34,976 INFO sqlalchemy.engine.Engine SELECT revenue_client_visits.id AS revenue_client_visits_id, revenue_client_visits.revenue_client_id AS revenue_client_visits_revenue_client_id, revenue_client_visits.altegio_record_id AS revenue_client_visits_altegio_record_id, revenue_client_visits.last_visit_date AS revenue_client_visits_last_visit_date, revenue_client_visits.previous_visit_date AS revenue_client_visits_previous_visit_date, revenue_client_visits.services AS revenue_client_visits_services, revenue_client_visits.master AS revenue_client_visits_master, revenue_client_visits.amount AS revenue_client_visits_amount, revenue_client_visits.visit_status AS revenue_client_visits_visit_status, revenue_client_visits.raw_data AS revenue_client_visits_raw_data, revenue_client_visits.created_at AS revenue_client_visits_created_at, revenue_client_visits.updated_at AS revenue_client_visits_updated_at 
FROM revenue_client_visits 
WHERE revenue_client_visits.revenue_client_id = %(revenue_client_id_1)s::INTEGER ORDER BY revenue_client_visits.last_visit_date ASC, revenue_client_visits.id ASC
2026-08-01 12:20:34,976 INFO sqlalchemy.engine.Engine [cached since 38.98s ago] {'revenue_client_id_1': 210}
2026-08-01 12:20:35,137 INFO sqlalchemy.engine.Engine SELECT revenue_client_visits.id AS revenue_client_visits_id, revenue_client_visits.revenue_client_id AS revenue_client_visits_revenue_client_id, revenue_client_visits.altegio_record_id AS revenue_client_visits_altegio_record_id, revenue_client_visits.last_visit_date AS revenue_client_visits_last_visit_date, revenue_client_visits.previous_visit_date AS revenue_client_visits_previous_visit_date, revenue_client_visits.services AS revenue_client_visits_services, revenue_client_visits.master AS revenue_client_visits_master, revenue_client_visits.amount AS revenue_client_visits_amount, revenue_client_visits.visit_status AS revenue_client_visits_visit_status, revenue_client_visits.raw_data AS revenue_client_visits_raw_data, revenue_client_visits.created_at AS revenue_client_visits_created_at, revenue_client_visits.updated_at AS revenue_client_visits_updated_at 
FROM revenue_client_visits 
WHERE revenue_client_visits.altegio_record_id = %(altegio_record_id_1)s::INTEGER 
 LIMIT %(param_1)s::INTEGER
2026-08-01 12:20:35,137 INFO sqlalchemy.engine.Engine [cached since 39.15s ago] {'altegio_record_id_1': 634138925, 'param_1': 1}
2026-08-01 12:20:35,139 INFO sqlalchemy.engine.Engine SELECT revenue_client_visits.id AS revenue_client_visits_id, revenue_client_visits.revenue_client_id AS revenue_client_visits_revenue_client_id, revenue_client_visits.altegio_record_id AS revenue_client_visits_altegio_record_id, revenue_client_visits.last_visit_date AS revenue_client_visits_last_visit_date, revenue_client_visits.previous_visit_date AS revenue_client_visits_previous_visit_date, revenue_client_visits.services AS revenue_client_visits_services, revenue_client_visits.master AS revenue_client_visits_master, revenue_client_visits.amount AS revenue_client_visits_amount, revenue_client_visits.visit_status AS revenue_client_visits_visit_status, revenue_client_visits.raw_data AS revenue_client_visits_raw_data, revenue_client_visits.created_at AS revenue_client_visits_created_at, revenue_client_visits.updated_at AS revenue_client_visits_updated_at 
FROM revenue_client_visits 
WHERE revenue_client_visits.revenue_client_id = %(revenue_client_id_1)s::INTEGER ORDER BY revenue_client_visits.last_visit_date ASC, revenue_client_visits.id ASC
2026-08-01 12:20:35,139 INFO sqlalchemy.engine.Engine [cached since 39.14s ago] {'revenue_client_id_1': 211}
2026-08-01 12:20:35,453 INFO sqlalchemy.engine.Engine SELECT revenue_client_visits.id AS revenue_client_visits_id, revenue_client_visits.revenue_client_id AS revenue_client_visits_revenue_client_id, revenue_client_visits.altegio_record_id AS revenue_client_visits_altegio_record_id, revenue_client_visits.last_visit_date AS revenue_client_visits_last_visit_date, revenue_client_visits.previous_visit_date AS revenue_client_visits_previous_visit_date, revenue_client_visits.services AS revenue_client_visits_services, revenue_client_visits.master AS revenue_client_visits_master, revenue_client_visits.amount AS revenue_client_visits_amount, revenue_client_visits.visit_status AS revenue_client_visits_visit_status, revenue_client_visits.raw_data AS revenue_client_visits_raw_data, revenue_client_visits.created_at AS revenue_client_visits_created_at, revenue_client_visits.updated_at AS revenue_client_visits_updated_at 
FROM revenue_client_visits 
WHERE revenue_client_visits.altegio_record_id = %(altegio_record_id_1)s::INTEGER 
 LIMIT %(param_1)s::INTEGER
2026-08-01 12:20:35,453 INFO sqlalchemy.engine.Engine [cached since 39.46s ago] {'altegio_record_id_1': 634332858, 'param_1': 1}
2026-08-01 12:20:35,454 INFO sqlalchemy.engine.Engine SELECT revenue_client_visits.id AS revenue_client_visits_id, revenue_client_visits.revenue_client_id AS revenue_client_visits_revenue_client_id, revenue_client_visits.altegio_record_id AS revenue_client_visits_altegio_record_id, revenue_client_visits.last_visit_date AS revenue_client_visits_last_visit_date, revenue_client_visits.previous_visit_date AS revenue_client_visits_previous_visit_date, revenue_client_visits.services AS revenue_client_visits_services, revenue_client_visits.master AS revenue_client_visits_master, revenue_client_visits.amount AS revenue_client_visits_amount, revenue_client_visits.visit_status AS revenue_client_visits_visit_status, revenue_client_visits.raw_data AS revenue_client_visits_raw_data, revenue_client_visits.created_at AS revenue_client_visits_created_at, revenue_client_visits.updated_at AS revenue_client_visits_updated_at 
FROM revenue_client_visits 
WHERE revenue_client_visits.revenue_client_id = %(revenue_client_id_1)s::INTEGER ORDER BY revenue_client_visits.last_visit_date ASC, revenue_client_visits.id ASC
2026-08-01 12:20:35,455 INFO sqlalchemy.engine.Engine [cached since 39.45s ago] {'revenue_client_id_1': 213}
2026-08-01 12:20:35,662 INFO sqlalchemy.engine.Engine SELECT revenue_client_visits.id AS revenue_client_visits_id, revenue_client_visits.revenue_client_id AS revenue_client_visits_revenue_client_id, revenue_client_visits.altegio_record_id AS revenue_client_visits_altegio_record_id, revenue_client_visits.last_visit_date AS revenue_client_visits_last_visit_date, revenue_client_visits.previous_visit_date AS revenue_client_visits_previous_visit_date, revenue_client_visits.services AS revenue_client_visits_services, revenue_client_visits.master AS revenue_client_visits_master, revenue_client_visits.amount AS revenue_client_visits_amount, revenue_client_visits.visit_status AS revenue_client_visits_visit_status, revenue_client_visits.raw_data AS revenue_client_visits_raw_data, revenue_client_visits.created_at AS revenue_client_visits_created_at, revenue_client_visits.updated_at AS revenue_client_visits_updated_at 
FROM revenue_client_visits 
WHERE revenue_client_visits.altegio_record_id = %(altegio_record_id_1)s::INTEGER 
 LIMIT %(param_1)s::INTEGER
2026-08-01 12:20:35,662 INFO sqlalchemy.engine.Engine [cached since 39.67s ago] {'altegio_record_id_1': 659665890, 'param_1': 1}
2026-08-01 12:20:35,663 INFO sqlalchemy.engine.Engine SELECT revenue_client_visits.id AS revenue_client_visits_id, revenue_client_visits.revenue_client_id AS revenue_client_visits_revenue_client_id, revenue_client_visits.altegio_record_id AS revenue_client_visits_altegio_record_id, revenue_client_visits.last_visit_date AS revenue_client_visits_last_visit_date, revenue_client_visits.previous_visit_date AS revenue_client_visits_previous_visit_date, revenue_client_visits.services AS revenue_client_visits_services, revenue_client_visits.master AS revenue_client_visits_master, revenue_client_visits.amount AS revenue_client_visits_amount, revenue_client_visits.visit_status AS revenue_client_visits_visit_status, revenue_client_visits.raw_data AS revenue_client_visits_raw_data, revenue_client_visits.created_at AS revenue_client_visits_created_at, revenue_client_visits.updated_at AS revenue_client_visits_updated_at 
FROM revenue_client_visits 
WHERE revenue_client_visits.altegio_record_id = %(altegio_record_id_1)s::INTEGER 
 LIMIT %(param_1)s::INTEGER
2026-08-01 12:20:35,663 INFO sqlalchemy.engine.Engine [cached since 39.67s ago] {'altegio_record_id_1': 634615026, 'param_1': 1}
2026-08-01 12:20:35,664 INFO sqlalchemy.engine.Engine SELECT revenue_client_visits.id AS revenue_client_visits_id, revenue_client_visits.revenue_client_id AS revenue_client_visits_revenue_client_id, revenue_client_visits.altegio_record_id AS revenue_client_visits_altegio_record_id, revenue_client_visits.last_visit_date AS revenue_client_visits_last_visit_date, revenue_client_visits.previous_visit_date AS revenue_client_visits_previous_visit_date, revenue_client_visits.services AS revenue_client_visits_services, revenue_client_visits.master AS revenue_client_visits_master, revenue_client_visits.amount AS revenue_client_visits_amount, revenue_client_visits.visit_status AS revenue_client_visits_visit_status, revenue_client_visits.raw_data AS revenue_client_visits_raw_data, revenue_client_visits.created_at AS revenue_client_visits_created_at, revenue_client_visits.updated_at AS revenue_client_visits_updated_at 
FROM revenue_client_visits 
WHERE revenue_client_visits.revenue_client_id = %(revenue_client_id_1)s::INTEGER ORDER BY revenue_client_visits.last_visit_date ASC, revenue_client_visits.id ASC
2026-08-01 12:20:35,664 INFO sqlalchemy.engine.Engine [cached since 39.66s ago] {'revenue_client_id_1': 214}
2026-08-01 12:20:35,836 INFO sqlalchemy.engine.Engine SELECT revenue_client_visits.id AS revenue_client_visits_id, revenue_client_visits.revenue_client_id AS revenue_client_visits_revenue_client_id, revenue_client_visits.altegio_record_id AS revenue_client_visits_altegio_record_id, revenue_client_visits.last_visit_date AS revenue_client_visits_last_visit_date, revenue_client_visits.previous_visit_date AS revenue_client_visits_previous_visit_date, revenue_client_visits.services AS revenue_client_visits_services, revenue_client_visits.master AS revenue_client_visits_master, revenue_client_visits.amount AS revenue_client_visits_amount, revenue_client_visits.visit_status AS revenue_client_visits_visit_status, revenue_client_visits.raw_data AS revenue_client_visits_raw_data, revenue_client_visits.created_at AS revenue_client_visits_created_at, revenue_client_visits.updated_at AS revenue_client_visits_updated_at 
FROM revenue_client_visits 
WHERE revenue_client_visits.altegio_record_id = %(altegio_record_id_1)s::INTEGER 
 LIMIT %(param_1)s::INTEGER
2026-08-01 12:20:35,837 INFO sqlalchemy.engine.Engine [cached since 39.85s ago] {'altegio_record_id_1': 661663516, 'param_1': 1}
2026-08-01 12:20:35,838 INFO sqlalchemy.engine.Engine SELECT revenue_client_visits.id AS revenue_client_visits_id, revenue_client_visits.revenue_client_id AS revenue_client_visits_revenue_client_id, revenue_client_visits.altegio_record_id AS revenue_client_visits_altegio_record_id, revenue_client_visits.last_visit_date AS revenue_client_visits_last_visit_date, revenue_client_visits.previous_visit_date AS revenue_client_visits_previous_visit_date, revenue_client_visits.services AS revenue_client_visits_services, revenue_client_visits.master AS revenue_client_visits_master, revenue_client_visits.amount AS revenue_client_visits_amount, revenue_client_visits.visit_status AS revenue_client_visits_visit_status, revenue_client_visits.raw_data AS revenue_client_visits_raw_data, revenue_client_visits.created_at AS revenue_client_visits_created_at, revenue_client_visits.updated_at AS revenue_client_visits_updated_at 
FROM revenue_client_visits 
WHERE revenue_client_visits.altegio_record_id = %(altegio_record_id_1)s::INTEGER 
 LIMIT %(param_1)s::INTEGER
2026-08-01 12:20:35,838 INFO sqlalchemy.engine.Engine [cached since 39.85s ago] {'altegio_record_id_1': 655753056, 'param_1': 1}
2026-08-01 12:20:35,839 INFO sqlalchemy.engine.Engine SELECT revenue_client_visits.id AS revenue_client_visits_id, revenue_client_visits.revenue_client_id AS revenue_client_visits_revenue_client_id, revenue_client_visits.altegio_record_id AS revenue_client_visits_altegio_record_id, revenue_client_visits.last_visit_date AS revenue_client_visits_last_visit_date, revenue_client_visits.previous_visit_date AS revenue_client_visits_previous_visit_date, revenue_client_visits.services AS revenue_client_visits_services, revenue_client_visits.master AS revenue_client_visits_master, revenue_client_visits.amount AS revenue_client_visits_amount, revenue_client_visits.visit_status AS revenue_client_visits_visit_status, revenue_client_visits.raw_data AS revenue_client_visits_raw_data, revenue_client_visits.created_at AS revenue_client_visits_created_at, revenue_client_visits.updated_at AS revenue_client_visits_updated_at 
FROM revenue_client_visits 
WHERE revenue_client_visits.altegio_record_id = %(altegio_record_id_1)s::INTEGER 
 LIMIT %(param_1)s::INTEGER
2026-08-01 12:20:35,839 INFO sqlalchemy.engine.Engine [cached since 39.85s ago] {'altegio_record_id_1': 634999506, 'param_1': 1}
2026-08-01 12:20:35,840 INFO sqlalchemy.engine.Engine SELECT revenue_client_visits.id AS revenue_client_visits_id, revenue_client_visits.revenue_client_id AS revenue_client_visits_revenue_client_id, revenue_client_visits.altegio_record_id AS revenue_client_visits_altegio_record_id, revenue_client_visits.last_visit_date AS revenue_client_visits_last_visit_date, revenue_client_visits.previous_visit_date AS revenue_client_visits_previous_visit_date, revenue_client_visits.services AS revenue_client_visits_services, revenue_client_visits.master AS revenue_client_visits_master, revenue_client_visits.amount AS revenue_client_visits_amount, revenue_client_visits.visit_status AS revenue_client_visits_visit_status, revenue_client_visits.raw_data AS revenue_client_visits_raw_data, revenue_client_visits.created_at AS revenue_client_visits_created_at, revenue_client_visits.updated_at AS revenue_client_visits_updated_at 
FROM revenue_client_visits 
WHERE revenue_client_visits.revenue_client_id = %(revenue_client_id_1)s::INTEGER ORDER BY revenue_client_visits.last_visit_date ASC, revenue_client_visits.id ASC
2026-08-01 12:20:35,840 INFO sqlalchemy.engine.Engine [cached since 39.84s ago] {'revenue_client_id_1': 215}
2026-08-01 12:20:36,009 INFO sqlalchemy.engine.Engine SELECT revenue_client_visits.id AS revenue_client_visits_id, revenue_client_visits.revenue_client_id AS revenue_client_visits_revenue_client_id, revenue_client_visits.altegio_record_id AS revenue_client_visits_altegio_record_id, revenue_client_visits.last_visit_date AS revenue_client_visits_last_visit_date, revenue_client_visits.previous_visit_date AS revenue_client_visits_previous_visit_date, revenue_client_visits.services AS revenue_client_visits_services, revenue_client_visits.master AS revenue_client_visits_master, revenue_client_visits.amount AS revenue_client_visits_amount, revenue_client_visits.visit_status AS revenue_client_visits_visit_status, revenue_client_visits.raw_data AS revenue_client_visits_raw_data, revenue_client_visits.created_at AS revenue_client_visits_created_at, revenue_client_visits.updated_at AS revenue_client_visits_updated_at 
FROM revenue_client_visits 
WHERE revenue_client_visits.altegio_record_id = %(altegio_record_id_1)s::INTEGER 
 LIMIT %(param_1)s::INTEGER
2026-08-01 12:20:36,009 INFO sqlalchemy.engine.Engine [cached since 40.02s ago] {'altegio_record_id_1': 635079623, 'param_1': 1}
2026-08-01 12:20:36,011 INFO sqlalchemy.engine.Engine SELECT revenue_client_visits.id AS revenue_client_visits_id, revenue_client_visits.revenue_client_id AS revenue_client_visits_revenue_client_id, revenue_client_visits.altegio_record_id AS revenue_client_visits_altegio_record_id, revenue_client_visits.last_visit_date AS revenue_client_visits_last_visit_date, revenue_client_visits.previous_visit_date AS revenue_client_visits_previous_visit_date, revenue_client_visits.services AS revenue_client_visits_services, revenue_client_visits.master AS revenue_client_visits_master, revenue_client_visits.amount AS revenue_client_visits_amount, revenue_client_visits.visit_status AS revenue_client_visits_visit_status, revenue_client_visits.raw_data AS revenue_client_visits_raw_data, revenue_client_visits.created_at AS revenue_client_visits_created_at, revenue_client_visits.updated_at AS revenue_client_visits_updated_at 
FROM revenue_client_visits 
WHERE revenue_client_visits.revenue_client_id = %(revenue_client_id_1)s::INTEGER ORDER BY revenue_client_visits.last_visit_date ASC, revenue_client_visits.id ASC
2026-08-01 12:20:36,011 INFO sqlalchemy.engine.Engine [cached since 40.01s ago] {'revenue_client_id_1': 216}
2026-08-01 12:20:36,176 INFO sqlalchemy.engine.Engine SELECT revenue_client_visits.id AS revenue_client_visits_id, revenue_client_visits.revenue_client_id AS revenue_client_visits_revenue_client_id, revenue_client_visits.altegio_record_id AS revenue_client_visits_altegio_record_id, revenue_client_visits.last_visit_date AS revenue_client_visits_last_visit_date, revenue_client_visits.previous_visit_date AS revenue_client_visits_previous_visit_date, revenue_client_visits.services AS revenue_client_visits_services, revenue_client_visits.master AS revenue_client_visits_master, revenue_client_visits.amount AS revenue_client_visits_amount, revenue_client_visits.visit_status AS revenue_client_visits_visit_status, revenue_client_visits.raw_data AS revenue_client_visits_raw_data, revenue_client_visits.created_at AS revenue_client_visits_created_at, revenue_client_visits.updated_at AS revenue_client_visits_updated_at 
FROM revenue_client_visits 
WHERE revenue_client_visits.altegio_record_id = %(altegio_record_id_1)s::INTEGER 
 LIMIT %(param_1)s::INTEGER
2026-08-01 12:20:36,176 INFO sqlalchemy.engine.Engine [cached since 40.19s ago] {'altegio_record_id_1': 635162741, 'param_1': 1}
2026-08-01 12:20:36,178 INFO sqlalchemy.engine.Engine SELECT revenue_client_visits.id AS revenue_client_visits_id, revenue_client_visits.revenue_client_id AS revenue_client_visits_revenue_client_id, revenue_client_visits.altegio_record_id AS revenue_client_visits_altegio_record_id, revenue_client_visits.last_visit_date AS revenue_client_visits_last_visit_date, revenue_client_visits.previous_visit_date AS revenue_client_visits_previous_visit_date, revenue_client_visits.services AS revenue_client_visits_services, revenue_client_visits.master AS revenue_client_visits_master, revenue_client_visits.amount AS revenue_client_visits_amount, revenue_client_visits.visit_status AS revenue_client_visits_visit_status, revenue_client_visits.raw_data AS revenue_client_visits_raw_data, revenue_client_visits.created_at AS revenue_client_visits_created_at, revenue_client_visits.updated_at AS revenue_client_visits_updated_at 
FROM revenue_client_visits 
WHERE revenue_client_visits.revenue_client_id = %(revenue_client_id_1)s::INTEGER ORDER BY revenue_client_visits.last_visit_date ASC, revenue_client_visits.id ASC
2026-08-01 12:20:36,178 INFO sqlalchemy.engine.Engine [cached since 40.18s ago] {'revenue_client_id_1': 217}
2026-08-01 12:20:36,375 INFO sqlalchemy.engine.Engine SELECT revenue_client_visits.id AS revenue_client_visits_id, revenue_client_visits.revenue_client_id AS revenue_client_visits_revenue_client_id, revenue_client_visits.altegio_record_id AS revenue_client_visits_altegio_record_id, revenue_client_visits.last_visit_date AS revenue_client_visits_last_visit_date, revenue_client_visits.previous_visit_date AS revenue_client_visits_previous_visit_date, revenue_client_visits.services AS revenue_client_visits_services, revenue_client_visits.master AS revenue_client_visits_master, revenue_client_visits.amount AS revenue_client_visits_amount, revenue_client_visits.visit_status AS revenue_client_visits_visit_status, revenue_client_visits.raw_data AS revenue_client_visits_raw_data, revenue_client_visits.created_at AS revenue_client_visits_created_at, revenue_client_visits.updated_at AS revenue_client_visits_updated_at 
FROM revenue_client_visits 
WHERE revenue_client_visits.altegio_record_id = %(altegio_record_id_1)s::INTEGER 
 LIMIT %(param_1)s::INTEGER
2026-08-01 12:20:36,375 INFO sqlalchemy.engine.Engine [cached since 40.38s ago] {'altegio_record_id_1': 635212824, 'param_1': 1}
2026-08-01 12:20:36,377 INFO sqlalchemy.engine.Engine SELECT revenue_client_visits.id AS revenue_client_visits_id, revenue_client_visits.revenue_client_id AS revenue_client_visits_revenue_client_id, revenue_client_visits.altegio_record_id AS revenue_client_visits_altegio_record_id, revenue_client_visits.last_visit_date AS revenue_client_visits_last_visit_date, revenue_client_visits.previous_visit_date AS revenue_client_visits_previous_visit_date, revenue_client_visits.services AS revenue_client_visits_services, revenue_client_visits.master AS revenue_client_visits_master, revenue_client_visits.amount AS revenue_client_visits_amount, revenue_client_visits.visit_status AS revenue_client_visits_visit_status, revenue_client_visits.raw_data AS revenue_client_visits_raw_data, revenue_client_visits.created_at AS revenue_client_visits_created_at, revenue_client_visits.updated_at AS revenue_client_visits_updated_at 
FROM revenue_client_visits 
WHERE revenue_client_visits.revenue_client_id = %(revenue_client_id_1)s::INTEGER ORDER BY revenue_client_visits.last_visit_date ASC, revenue_client_visits.id ASC
2026-08-01 12:20:36,377 INFO sqlalchemy.engine.Engine [cached since 40.38s ago] {'revenue_client_id_1': 218}
2026-08-01 12:20:36,570 INFO sqlalchemy.engine.Engine SELECT revenue_client_visits.id AS revenue_client_visits_id, revenue_client_visits.revenue_client_id AS revenue_client_visits_revenue_client_id, revenue_client_visits.altegio_record_id AS revenue_client_visits_altegio_record_id, revenue_client_visits.last_visit_date AS revenue_client_visits_last_visit_date, revenue_client_visits.previous_visit_date AS revenue_client_visits_previous_visit_date, revenue_client_visits.services AS revenue_client_visits_services, revenue_client_visits.master AS revenue_client_visits_master, revenue_client_visits.amount AS revenue_client_visits_amount, revenue_client_visits.visit_status AS revenue_client_visits_visit_status, revenue_client_visits.raw_data AS revenue_client_visits_raw_data, revenue_client_visits.created_at AS revenue_client_visits_created_at, revenue_client_visits.updated_at AS revenue_client_visits_updated_at 
FROM revenue_client_visits 
WHERE revenue_client_visits.altegio_record_id = %(altegio_record_id_1)s::INTEGER 
 LIMIT %(param_1)s::INTEGER
2026-08-01 12:20:36,571 INFO sqlalchemy.engine.Engine [cached since 40.58s ago] {'altegio_record_id_1': 635251358, 'param_1': 1}
2026-08-01 12:20:36,572 INFO sqlalchemy.engine.Engine SELECT revenue_client_visits.id AS revenue_client_visits_id, revenue_client_visits.revenue_client_id AS revenue_client_visits_revenue_client_id, revenue_client_visits.altegio_record_id AS revenue_client_visits_altegio_record_id, revenue_client_visits.last_visit_date AS revenue_client_visits_last_visit_date, revenue_client_visits.previous_visit_date AS revenue_client_visits_previous_visit_date, revenue_client_visits.services AS revenue_client_visits_services, revenue_client_visits.master AS revenue_client_visits_master, revenue_client_visits.amount AS revenue_client_visits_amount, revenue_client_visits.visit_status AS revenue_client_visits_visit_status, revenue_client_visits.raw_data AS revenue_client_visits_raw_data, revenue_client_visits.created_at AS revenue_client_visits_created_at, revenue_client_visits.updated_at AS revenue_client_visits_updated_at 
FROM revenue_client_visits 
WHERE revenue_client_visits.revenue_client_id = %(revenue_client_id_1)s::INTEGER ORDER BY revenue_client_visits.last_visit_date ASC, revenue_client_visits.id ASC
2026-08-01 12:20:36,572 INFO sqlalchemy.engine.Engine [cached since 40.57s ago] {'revenue_client_id_1': 219}
2026-08-01 12:20:36,740 INFO sqlalchemy.engine.Engine SELECT revenue_client_visits.id AS revenue_client_visits_id, revenue_client_visits.revenue_client_id AS revenue_client_visits_revenue_client_id, revenue_client_visits.altegio_record_id AS revenue_client_visits_altegio_record_id, revenue_client_visits.last_visit_date AS revenue_client_visits_last_visit_date, revenue_client_visits.previous_visit_date AS revenue_client_visits_previous_visit_date, revenue_client_visits.services AS revenue_client_visits_services, revenue_client_visits.master AS revenue_client_visits_master, revenue_client_visits.amount AS revenue_client_visits_amount, revenue_client_visits.visit_status AS revenue_client_visits_visit_status, revenue_client_visits.raw_data AS revenue_client_visits_raw_data, revenue_client_visits.created_at AS revenue_client_visits_created_at, revenue_client_visits.updated_at AS revenue_client_visits_updated_at 
FROM revenue_client_visits 
WHERE revenue_client_visits.altegio_record_id = %(altegio_record_id_1)s::INTEGER 
 LIMIT %(param_1)s::INTEGER
2026-08-01 12:20:36,740 INFO sqlalchemy.engine.Engine [cached since 40.75s ago] {'altegio_record_id_1': 638526852, 'param_1': 1}
2026-08-01 12:20:36,741 INFO sqlalchemy.engine.Engine SELECT revenue_client_visits.id AS revenue_client_visits_id, revenue_client_visits.revenue_client_id AS revenue_client_visits_revenue_client_id, revenue_client_visits.altegio_record_id AS revenue_client_visits_altegio_record_id, revenue_client_visits.last_visit_date AS revenue_client_visits_last_visit_date, revenue_client_visits.previous_visit_date AS revenue_client_visits_previous_visit_date, revenue_client_visits.services AS revenue_client_visits_services, revenue_client_visits.master AS revenue_client_visits_master, revenue_client_visits.amount AS revenue_client_visits_amount, revenue_client_visits.visit_status AS revenue_client_visits_visit_status, revenue_client_visits.raw_data AS revenue_client_visits_raw_data, revenue_client_visits.created_at AS revenue_client_visits_created_at, revenue_client_visits.updated_at AS revenue_client_visits_updated_at 
FROM revenue_client_visits 
WHERE revenue_client_visits.altegio_record_id = %(altegio_record_id_1)s::INTEGER 
 LIMIT %(param_1)s::INTEGER
2026-08-01 12:20:36,742 INFO sqlalchemy.engine.Engine [cached since 40.75s ago] {'altegio_record_id_1': 635281566, 'param_1': 1}
2026-08-01 12:20:36,742 INFO sqlalchemy.engine.Engine SELECT revenue_client_visits.id AS revenue_client_visits_id, revenue_client_visits.revenue_client_id AS revenue_client_visits_revenue_client_id, revenue_client_visits.altegio_record_id AS revenue_client_visits_altegio_record_id, revenue_client_visits.last_visit_date AS revenue_client_visits_last_visit_date, revenue_client_visits.previous_visit_date AS revenue_client_visits_previous_visit_date, revenue_client_visits.services AS revenue_client_visits_services, revenue_client_visits.master AS revenue_client_visits_master, revenue_client_visits.amount AS revenue_client_visits_amount, revenue_client_visits.visit_status AS revenue_client_visits_visit_status, revenue_client_visits.raw_data AS revenue_client_visits_raw_data, revenue_client_visits.created_at AS revenue_client_visits_created_at, revenue_client_visits.updated_at AS revenue_client_visits_updated_at 
FROM revenue_client_visits 
WHERE revenue_client_visits.revenue_client_id = %(revenue_client_id_1)s::INTEGER ORDER BY revenue_client_visits.last_visit_date ASC, revenue_client_visits.id ASC
2026-08-01 12:20:36,743 INFO sqlalchemy.engine.Engine [cached since 40.74s ago] {'revenue_client_id_1': 220}
2026-08-01 12:20:36,944 INFO sqlalchemy.engine.Engine SELECT revenue_client_visits.id AS revenue_client_visits_id, revenue_client_visits.revenue_client_id AS revenue_client_visits_revenue_client_id, revenue_client_visits.altegio_record_id AS revenue_client_visits_altegio_record_id, revenue_client_visits.last_visit_date AS revenue_client_visits_last_visit_date, revenue_client_visits.previous_visit_date AS revenue_client_visits_previous_visit_date, revenue_client_visits.services AS revenue_client_visits_services, revenue_client_visits.master AS revenue_client_visits_master, revenue_client_visits.amount AS revenue_client_visits_amount, revenue_client_visits.visit_status AS revenue_client_visits_visit_status, revenue_client_visits.raw_data AS revenue_client_visits_raw_data, revenue_client_visits.created_at AS revenue_client_visits_created_at, revenue_client_visits.updated_at AS revenue_client_visits_updated_at 
FROM revenue_client_visits 
WHERE revenue_client_visits.altegio_record_id = %(altegio_record_id_1)s::INTEGER 
 LIMIT %(param_1)s::INTEGER
2026-08-01 12:20:36,944 INFO sqlalchemy.engine.Engine [cached since 40.95s ago] {'altegio_record_id_1': 637259154, 'param_1': 1}
2026-08-01 12:20:36,945 INFO sqlalchemy.engine.Engine SELECT revenue_client_visits.id AS revenue_client_visits_id, revenue_client_visits.revenue_client_id AS revenue_client_visits_revenue_client_id, revenue_client_visits.altegio_record_id AS revenue_client_visits_altegio_record_id, revenue_client_visits.last_visit_date AS revenue_client_visits_last_visit_date, revenue_client_visits.previous_visit_date AS revenue_client_visits_previous_visit_date, revenue_client_visits.services AS revenue_client_visits_services, revenue_client_visits.master AS revenue_client_visits_master, revenue_client_visits.amount AS revenue_client_visits_amount, revenue_client_visits.visit_status AS revenue_client_visits_visit_status, revenue_client_visits.raw_data AS revenue_client_visits_raw_data, revenue_client_visits.created_at AS revenue_client_visits_created_at, revenue_client_visits.updated_at AS revenue_client_visits_updated_at 
FROM revenue_client_visits 
WHERE revenue_client_visits.altegio_record_id = %(altegio_record_id_1)s::INTEGER 
 LIMIT %(param_1)s::INTEGER
2026-08-01 12:20:36,945 INFO sqlalchemy.engine.Engine [cached since 40.95s ago] {'altegio_record_id_1': 635283845, 'param_1': 1}
2026-08-01 12:20:36,946 INFO sqlalchemy.engine.Engine SELECT revenue_client_visits.id AS revenue_client_visits_id, revenue_client_visits.revenue_client_id AS revenue_client_visits_revenue_client_id, revenue_client_visits.altegio_record_id AS revenue_client_visits_altegio_record_id, revenue_client_visits.last_visit_date AS revenue_client_visits_last_visit_date, revenue_client_visits.previous_visit_date AS revenue_client_visits_previous_visit_date, revenue_client_visits.services AS revenue_client_visits_services, revenue_client_visits.master AS revenue_client_visits_master, revenue_client_visits.amount AS revenue_client_visits_amount, revenue_client_visits.visit_status AS revenue_client_visits_visit_status, revenue_client_visits.raw_data AS revenue_client_visits_raw_data, revenue_client_visits.created_at AS revenue_client_visits_created_at, revenue_client_visits.updated_at AS revenue_client_visits_updated_at 
FROM revenue_client_visits 
WHERE revenue_client_visits.revenue_client_id = %(revenue_client_id_1)s::INTEGER ORDER BY revenue_client_visits.last_visit_date ASC, revenue_client_visits.id ASC
2026-08-01 12:20:36,946 INFO sqlalchemy.engine.Engine [cached since 40.95s ago] {'revenue_client_id_1': 221}
2026-08-01 12:20:37,110 INFO sqlalchemy.engine.Engine SELECT revenue_client_visits.id AS revenue_client_visits_id, revenue_client_visits.revenue_client_id AS revenue_client_visits_revenue_client_id, revenue_client_visits.altegio_record_id AS revenue_client_visits_altegio_record_id, revenue_client_visits.last_visit_date AS revenue_client_visits_last_visit_date, revenue_client_visits.previous_visit_date AS revenue_client_visits_previous_visit_date, revenue_client_visits.services AS revenue_client_visits_services, revenue_client_visits.master AS revenue_client_visits_master, revenue_client_visits.amount AS revenue_client_visits_amount, revenue_client_visits.visit_status AS revenue_client_visits_visit_status, revenue_client_visits.raw_data AS revenue_client_visits_raw_data, revenue_client_visits.created_at AS revenue_client_visits_created_at, revenue_client_visits.updated_at AS revenue_client_visits_updated_at 
FROM revenue_client_visits 
WHERE revenue_client_visits.altegio_record_id = %(altegio_record_id_1)s::INTEGER 
 LIMIT %(param_1)s::INTEGER
2026-08-01 12:20:37,110 INFO sqlalchemy.engine.Engine [cached since 41.12s ago] {'altegio_record_id_1': 635285515, 'param_1': 1}
2026-08-01 12:20:37,111 INFO sqlalchemy.engine.Engine SELECT revenue_client_visits.id AS revenue_client_visits_id, revenue_client_visits.revenue_client_id AS revenue_client_visits_revenue_client_id, revenue_client_visits.altegio_record_id AS revenue_client_visits_altegio_record_id, revenue_client_visits.last_visit_date AS revenue_client_visits_last_visit_date, revenue_client_visits.previous_visit_date AS revenue_client_visits_previous_visit_date, revenue_client_visits.services AS revenue_client_visits_services, revenue_client_visits.master AS revenue_client_visits_master, revenue_client_visits.amount AS revenue_client_visits_amount, revenue_client_visits.visit_status AS revenue_client_visits_visit_status, revenue_client_visits.raw_data AS revenue_client_visits_raw_data, revenue_client_visits.created_at AS revenue_client_visits_created_at, revenue_client_visits.updated_at AS revenue_client_visits_updated_at 
FROM revenue_client_visits 
WHERE revenue_client_visits.revenue_client_id = %(revenue_client_id_1)s::INTEGER ORDER BY revenue_client_visits.last_visit_date ASC, revenue_client_visits.id ASC
2026-08-01 12:20:37,111 INFO sqlalchemy.engine.Engine [cached since 41.11s ago] {'revenue_client_id_1': 222}
2026-08-01 12:20:37,584 INFO sqlalchemy.engine.Engine SELECT revenue_client_visits.id AS revenue_client_visits_id, revenue_client_visits.revenue_client_id AS revenue_client_visits_revenue_client_id, revenue_client_visits.altegio_record_id AS revenue_client_visits_altegio_record_id, revenue_client_visits.last_visit_date AS revenue_client_visits_last_visit_date, revenue_client_visits.previous_visit_date AS revenue_client_visits_previous_visit_date, revenue_client_visits.services AS revenue_client_visits_services, revenue_client_visits.master AS revenue_client_visits_master, revenue_client_visits.amount AS revenue_client_visits_amount, revenue_client_visits.visit_status AS revenue_client_visits_visit_status, revenue_client_visits.raw_data AS revenue_client_visits_raw_data, revenue_client_visits.created_at AS revenue_client_visits_created_at, revenue_client_visits.updated_at AS revenue_client_visits_updated_at 
FROM revenue_client_visits 
WHERE revenue_client_visits.altegio_record_id = %(altegio_record_id_1)s::INTEGER 
 LIMIT %(param_1)s::INTEGER
2026-08-01 12:20:37,584 INFO sqlalchemy.engine.Engine [cached since 41.59s ago] {'altegio_record_id_1': 636503043, 'param_1': 1}
2026-08-01 12:20:37,585 INFO sqlalchemy.engine.Engine SELECT revenue_client_visits.id AS revenue_client_visits_id, revenue_client_visits.revenue_client_id AS revenue_client_visits_revenue_client_id, revenue_client_visits.altegio_record_id AS revenue_client_visits_altegio_record_id, revenue_client_visits.last_visit_date AS revenue_client_visits_last_visit_date, revenue_client_visits.previous_visit_date AS revenue_client_visits_previous_visit_date, revenue_client_visits.services AS revenue_client_visits_services, revenue_client_visits.master AS revenue_client_visits_master, revenue_client_visits.amount AS revenue_client_visits_amount, revenue_client_visits.visit_status AS revenue_client_visits_visit_status, revenue_client_visits.raw_data AS revenue_client_visits_raw_data, revenue_client_visits.created_at AS revenue_client_visits_created_at, revenue_client_visits.updated_at AS revenue_client_visits_updated_at 
FROM revenue_client_visits 
WHERE revenue_client_visits.revenue_client_id = %(revenue_client_id_1)s::INTEGER ORDER BY revenue_client_visits.last_visit_date ASC, revenue_client_visits.id ASC
2026-08-01 12:20:37,585 INFO sqlalchemy.engine.Engine [cached since 41.59s ago] {'revenue_client_id_1': 225}
2026-08-01 12:20:37,763 INFO sqlalchemy.engine.Engine SELECT revenue_client_visits.id AS revenue_client_visits_id, revenue_client_visits.revenue_client_id AS revenue_client_visits_revenue_client_id, revenue_client_visits.altegio_record_id AS revenue_client_visits_altegio_record_id, revenue_client_visits.last_visit_date AS revenue_client_visits_last_visit_date, revenue_client_visits.previous_visit_date AS revenue_client_visits_previous_visit_date, revenue_client_visits.services AS revenue_client_visits_services, revenue_client_visits.master AS revenue_client_visits_master, revenue_client_visits.amount AS revenue_client_visits_amount, revenue_client_visits.visit_status AS revenue_client_visits_visit_status, revenue_client_visits.raw_data AS revenue_client_visits_raw_data, revenue_client_visits.created_at AS revenue_client_visits_created_at, revenue_client_visits.updated_at AS revenue_client_visits_updated_at 
FROM revenue_client_visits 
WHERE revenue_client_visits.altegio_record_id = %(altegio_record_id_1)s::INTEGER 
 LIMIT %(param_1)s::INTEGER
2026-08-01 12:20:37,764 INFO sqlalchemy.engine.Engine [cached since 41.77s ago] {'altegio_record_id_1': 636633018, 'param_1': 1}
2026-08-01 12:20:37,765 INFO sqlalchemy.engine.Engine SELECT revenue_client_visits.id AS revenue_client_visits_id, revenue_client_visits.revenue_client_id AS revenue_client_visits_revenue_client_id, revenue_client_visits.altegio_record_id AS revenue_client_visits_altegio_record_id, revenue_client_visits.last_visit_date AS revenue_client_visits_last_visit_date, revenue_client_visits.previous_visit_date AS revenue_client_visits_previous_visit_date, revenue_client_visits.services AS revenue_client_visits_services, revenue_client_visits.master AS revenue_client_visits_master, revenue_client_visits.amount AS revenue_client_visits_amount, revenue_client_visits.visit_status AS revenue_client_visits_visit_status, revenue_client_visits.raw_data AS revenue_client_visits_raw_data, revenue_client_visits.created_at AS revenue_client_visits_created_at, revenue_client_visits.updated_at AS revenue_client_visits_updated_at 
FROM revenue_client_visits 
WHERE revenue_client_visits.revenue_client_id = %(revenue_client_id_1)s::INTEGER ORDER BY revenue_client_visits.last_visit_date ASC, revenue_client_visits.id ASC
2026-08-01 12:20:37,765 INFO sqlalchemy.engine.Engine [cached since 41.77s ago] {'revenue_client_id_1': 226}
2026-08-01 12:20:37,949 INFO sqlalchemy.engine.Engine SELECT revenue_client_visits.id AS revenue_client_visits_id, revenue_client_visits.revenue_client_id AS revenue_client_visits_revenue_client_id, revenue_client_visits.altegio_record_id AS revenue_client_visits_altegio_record_id, revenue_client_visits.last_visit_date AS revenue_client_visits_last_visit_date, revenue_client_visits.previous_visit_date AS revenue_client_visits_previous_visit_date, revenue_client_visits.services AS revenue_client_visits_services, revenue_client_visits.master AS revenue_client_visits_master, revenue_client_visits.amount AS revenue_client_visits_amount, revenue_client_visits.visit_status AS revenue_client_visits_visit_status, revenue_client_visits.raw_data AS revenue_client_visits_raw_data, revenue_client_visits.created_at AS revenue_client_visits_created_at, revenue_client_visits.updated_at AS revenue_client_visits_updated_at 
FROM revenue_client_visits 
WHERE revenue_client_visits.altegio_record_id = %(altegio_record_id_1)s::INTEGER 
 LIMIT %(param_1)s::INTEGER
2026-08-01 12:20:37,949 INFO sqlalchemy.engine.Engine [cached since 41.96s ago] {'altegio_record_id_1': 636697262, 'param_1': 1}
2026-08-01 12:20:37,951 INFO sqlalchemy.engine.Engine SELECT revenue_client_visits.id AS revenue_client_visits_id, revenue_client_visits.revenue_client_id AS revenue_client_visits_revenue_client_id, revenue_client_visits.altegio_record_id AS revenue_client_visits_altegio_record_id, revenue_client_visits.last_visit_date AS revenue_client_visits_last_visit_date, revenue_client_visits.previous_visit_date AS revenue_client_visits_previous_visit_date, revenue_client_visits.services AS revenue_client_visits_services, revenue_client_visits.master AS revenue_client_visits_master, revenue_client_visits.amount AS revenue_client_visits_amount, revenue_client_visits.visit_status AS revenue_client_visits_visit_status, revenue_client_visits.raw_data AS revenue_client_visits_raw_data, revenue_client_visits.created_at AS revenue_client_visits_created_at, revenue_client_visits.updated_at AS revenue_client_visits_updated_at 
FROM revenue_client_visits 
WHERE revenue_client_visits.revenue_client_id = %(revenue_client_id_1)s::INTEGER ORDER BY revenue_client_visits.last_visit_date ASC, revenue_client_visits.id ASC
2026-08-01 12:20:37,951 INFO sqlalchemy.engine.Engine [cached since 41.95s ago] {'revenue_client_id_1': 227}
2026-08-01 12:20:38,250 INFO sqlalchemy.engine.Engine SELECT revenue_client_visits.id AS revenue_client_visits_id, revenue_client_visits.revenue_client_id AS revenue_client_visits_revenue_client_id, revenue_client_visits.altegio_record_id AS revenue_client_visits_altegio_record_id, revenue_client_visits.last_visit_date AS revenue_client_visits_last_visit_date, revenue_client_visits.previous_visit_date AS revenue_client_visits_previous_visit_date, revenue_client_visits.services AS revenue_client_visits_services, revenue_client_visits.master AS revenue_client_visits_master, revenue_client_visits.amount AS revenue_client_visits_amount, revenue_client_visits.visit_status AS revenue_client_visits_visit_status, revenue_client_visits.raw_data AS revenue_client_visits_raw_data, revenue_client_visits.created_at AS revenue_client_visits_created_at, revenue_client_visits.updated_at AS revenue_client_visits_updated_at 
FROM revenue_client_visits 
WHERE revenue_client_visits.altegio_record_id = %(altegio_record_id_1)s::INTEGER 
 LIMIT %(param_1)s::INTEGER
2026-08-01 12:20:38,250 INFO sqlalchemy.engine.Engine [cached since 42.26s ago] {'altegio_record_id_1': 655008263, 'param_1': 1}
2026-08-01 12:20:38,251 INFO sqlalchemy.engine.Engine SELECT revenue_client_visits.id AS revenue_client_visits_id, revenue_client_visits.revenue_client_id AS revenue_client_visits_revenue_client_id, revenue_client_visits.altegio_record_id AS revenue_client_visits_altegio_record_id, revenue_client_visits.last_visit_date AS revenue_client_visits_last_visit_date, revenue_client_visits.previous_visit_date AS revenue_client_visits_previous_visit_date, revenue_client_visits.services AS revenue_client_visits_services, revenue_client_visits.master AS revenue_client_visits_master, revenue_client_visits.amount AS revenue_client_visits_amount, revenue_client_visits.visit_status AS revenue_client_visits_visit_status, revenue_client_visits.raw_data AS revenue_client_visits_raw_data, revenue_client_visits.created_at AS revenue_client_visits_created_at, revenue_client_visits.updated_at AS revenue_client_visits_updated_at 
FROM revenue_client_visits 
WHERE revenue_client_visits.altegio_record_id = %(altegio_record_id_1)s::INTEGER 
 LIMIT %(param_1)s::INTEGER
2026-08-01 12:20:38,251 INFO sqlalchemy.engine.Engine [cached since 42.26s ago] {'altegio_record_id_1': 636922047, 'param_1': 1}
2026-08-01 12:20:38,252 INFO sqlalchemy.engine.Engine SELECT revenue_client_visits.id AS revenue_client_visits_id, revenue_client_visits.revenue_client_id AS revenue_client_visits_revenue_client_id, revenue_client_visits.altegio_record_id AS revenue_client_visits_altegio_record_id, revenue_client_visits.last_visit_date AS revenue_client_visits_last_visit_date, revenue_client_visits.previous_visit_date AS revenue_client_visits_previous_visit_date, revenue_client_visits.services AS revenue_client_visits_services, revenue_client_visits.master AS revenue_client_visits_master, revenue_client_visits.amount AS revenue_client_visits_amount, revenue_client_visits.visit_status AS revenue_client_visits_visit_status, revenue_client_visits.raw_data AS revenue_client_visits_raw_data, revenue_client_visits.created_at AS revenue_client_visits_created_at, revenue_client_visits.updated_at AS revenue_client_visits_updated_at 
FROM revenue_client_visits 
WHERE revenue_client_visits.revenue_client_id = %(revenue_client_id_1)s::INTEGER ORDER BY revenue_client_visits.last_visit_date ASC, revenue_client_visits.id ASC
2026-08-01 12:20:38,252 INFO sqlalchemy.engine.Engine [cached since 42.25s ago] {'revenue_client_id_1': 229}
2026-08-01 12:20:38,438 INFO sqlalchemy.engine.Engine SELECT revenue_client_visits.id AS revenue_client_visits_id, revenue_client_visits.revenue_client_id AS revenue_client_visits_revenue_client_id, revenue_client_visits.altegio_record_id AS revenue_client_visits_altegio_record_id, revenue_client_visits.last_visit_date AS revenue_client_visits_last_visit_date, revenue_client_visits.previous_visit_date AS revenue_client_visits_previous_visit_date, revenue_client_visits.services AS revenue_client_visits_services, revenue_client_visits.master AS revenue_client_visits_master, revenue_client_visits.amount AS revenue_client_visits_amount, revenue_client_visits.visit_status AS revenue_client_visits_visit_status, revenue_client_visits.raw_data AS revenue_client_visits_raw_data, revenue_client_visits.created_at AS revenue_client_visits_created_at, revenue_client_visits.updated_at AS revenue_client_visits_updated_at 
FROM revenue_client_visits 
WHERE revenue_client_visits.altegio_record_id = %(altegio_record_id_1)s::INTEGER 
 LIMIT %(param_1)s::INTEGER
2026-08-01 12:20:38,438 INFO sqlalchemy.engine.Engine [cached since 42.45s ago] {'altegio_record_id_1': 636931393, 'param_1': 1}
2026-08-01 12:20:38,439 INFO sqlalchemy.engine.Engine SELECT revenue_client_visits.id AS revenue_client_visits_id, revenue_client_visits.revenue_client_id AS revenue_client_visits_revenue_client_id, revenue_client_visits.altegio_record_id AS revenue_client_visits_altegio_record_id, revenue_client_visits.last_visit_date AS revenue_client_visits_last_visit_date, revenue_client_visits.previous_visit_date AS revenue_client_visits_previous_visit_date, revenue_client_visits.services AS revenue_client_visits_services, revenue_client_visits.master AS revenue_client_visits_master, revenue_client_visits.amount AS revenue_client_visits_amount, revenue_client_visits.visit_status AS revenue_client_visits_visit_status, revenue_client_visits.raw_data AS revenue_client_visits_raw_data, revenue_client_visits.created_at AS revenue_client_visits_created_at, revenue_client_visits.updated_at AS revenue_client_visits_updated_at 
FROM revenue_client_visits 
WHERE revenue_client_visits.revenue_client_id = %(revenue_client_id_1)s::INTEGER ORDER BY revenue_client_visits.last_visit_date ASC, revenue_client_visits.id ASC
2026-08-01 12:20:38,439 INFO sqlalchemy.engine.Engine [cached since 42.44s ago] {'revenue_client_id_1': 230}
2026-08-01 12:20:38,622 INFO sqlalchemy.engine.Engine SELECT revenue_client_visits.id AS revenue_client_visits_id, revenue_client_visits.revenue_client_id AS revenue_client_visits_revenue_client_id, revenue_client_visits.altegio_record_id AS revenue_client_visits_altegio_record_id, revenue_client_visits.last_visit_date AS revenue_client_visits_last_visit_date, revenue_client_visits.previous_visit_date AS revenue_client_visits_previous_visit_date, revenue_client_visits.services AS revenue_client_visits_services, revenue_client_visits.master AS revenue_client_visits_master, revenue_client_visits.amount AS revenue_client_visits_amount, revenue_client_visits.visit_status AS revenue_client_visits_visit_status, revenue_client_visits.raw_data AS revenue_client_visits_raw_data, revenue_client_visits.created_at AS revenue_client_visits_created_at, revenue_client_visits.updated_at AS revenue_client_visits_updated_at 
FROM revenue_client_visits 
WHERE revenue_client_visits.altegio_record_id = %(altegio_record_id_1)s::INTEGER 
 LIMIT %(param_1)s::INTEGER
2026-08-01 12:20:38,622 INFO sqlalchemy.engine.Engine [cached since 42.63s ago] {'altegio_record_id_1': 638481280, 'param_1': 1}
2026-08-01 12:20:38,624 INFO sqlalchemy.engine.Engine SELECT revenue_client_visits.id AS revenue_client_visits_id, revenue_client_visits.revenue_client_id AS revenue_client_visits_revenue_client_id, revenue_client_visits.altegio_record_id AS revenue_client_visits_altegio_record_id, revenue_client_visits.last_visit_date AS revenue_client_visits_last_visit_date, revenue_client_visits.previous_visit_date AS revenue_client_visits_previous_visit_date, revenue_client_visits.services AS revenue_client_visits_services, revenue_client_visits.master AS revenue_client_visits_master, revenue_client_visits.amount AS revenue_client_visits_amount, revenue_client_visits.visit_status AS revenue_client_visits_visit_status, revenue_client_visits.raw_data AS revenue_client_visits_raw_data, revenue_client_visits.created_at AS revenue_client_visits_created_at, revenue_client_visits.updated_at AS revenue_client_visits_updated_at 
FROM revenue_client_visits 
WHERE revenue_client_visits.revenue_client_id = %(revenue_client_id_1)s::INTEGER ORDER BY revenue_client_visits.last_visit_date ASC, revenue_client_visits.id ASC
2026-08-01 12:20:38,624 INFO sqlalchemy.engine.Engine [cached since 42.62s ago] {'revenue_client_id_1': 232}
2026-08-01 12:20:38,957 INFO sqlalchemy.engine.Engine SELECT revenue_client_visits.id AS revenue_client_visits_id, revenue_client_visits.revenue_client_id AS revenue_client_visits_revenue_client_id, revenue_client_visits.altegio_record_id AS revenue_client_visits_altegio_record_id, revenue_client_visits.last_visit_date AS revenue_client_visits_last_visit_date, revenue_client_visits.previous_visit_date AS revenue_client_visits_previous_visit_date, revenue_client_visits.services AS revenue_client_visits_services, revenue_client_visits.master AS revenue_client_visits_master, revenue_client_visits.amount AS revenue_client_visits_amount, revenue_client_visits.visit_status AS revenue_client_visits_visit_status, revenue_client_visits.raw_data AS revenue_client_visits_raw_data, revenue_client_visits.created_at AS revenue_client_visits_created_at, revenue_client_visits.updated_at AS revenue_client_visits_updated_at 
FROM revenue_client_visits 
WHERE revenue_client_visits.altegio_record_id = %(altegio_record_id_1)s::INTEGER 
 LIMIT %(param_1)s::INTEGER
2026-08-01 12:20:38,957 INFO sqlalchemy.engine.Engine [cached since 42.97s ago] {'altegio_record_id_1': 637665406, 'param_1': 1}
2026-08-01 12:20:38,959 INFO sqlalchemy.engine.Engine SELECT revenue_client_visits.id AS revenue_client_visits_id, revenue_client_visits.revenue_client_id AS revenue_client_visits_revenue_client_id, revenue_client_visits.altegio_record_id AS revenue_client_visits_altegio_record_id, revenue_client_visits.last_visit_date AS revenue_client_visits_last_visit_date, revenue_client_visits.previous_visit_date AS revenue_client_visits_previous_visit_date, revenue_client_visits.services AS revenue_client_visits_services, revenue_client_visits.master AS revenue_client_visits_master, revenue_client_visits.amount AS revenue_client_visits_amount, revenue_client_visits.visit_status AS revenue_client_visits_visit_status, revenue_client_visits.raw_data AS revenue_client_visits_raw_data, revenue_client_visits.created_at AS revenue_client_visits_created_at, revenue_client_visits.updated_at AS revenue_client_visits_updated_at 
FROM revenue_client_visits 
WHERE revenue_client_visits.revenue_client_id = %(revenue_client_id_1)s::INTEGER ORDER BY revenue_client_visits.last_visit_date ASC, revenue_client_visits.id ASC
2026-08-01 12:20:38,959 INFO sqlalchemy.engine.Engine [cached since 42.96s ago] {'revenue_client_id_1': 234}
2026-08-01 12:20:39,147 INFO sqlalchemy.engine.Engine SELECT revenue_client_visits.id AS revenue_client_visits_id, revenue_client_visits.revenue_client_id AS revenue_client_visits_revenue_client_id, revenue_client_visits.altegio_record_id AS revenue_client_visits_altegio_record_id, revenue_client_visits.last_visit_date AS revenue_client_visits_last_visit_date, revenue_client_visits.previous_visit_date AS revenue_client_visits_previous_visit_date, revenue_client_visits.services AS revenue_client_visits_services, revenue_client_visits.master AS revenue_client_visits_master, revenue_client_visits.amount AS revenue_client_visits_amount, revenue_client_visits.visit_status AS revenue_client_visits_visit_status, revenue_client_visits.raw_data AS revenue_client_visits_raw_data, revenue_client_visits.created_at AS revenue_client_visits_created_at, revenue_client_visits.updated_at AS revenue_client_visits_updated_at 
FROM revenue_client_visits 
WHERE revenue_client_visits.altegio_record_id = %(altegio_record_id_1)s::INTEGER 
 LIMIT %(param_1)s::INTEGER
2026-08-01 12:20:39,147 INFO sqlalchemy.engine.Engine [cached since 43.16s ago] {'altegio_record_id_1': 637917790, 'param_1': 1}
2026-08-01 12:20:39,149 INFO sqlalchemy.engine.Engine SELECT revenue_client_visits.id AS revenue_client_visits_id, revenue_client_visits.revenue_client_id AS revenue_client_visits_revenue_client_id, revenue_client_visits.altegio_record_id AS revenue_client_visits_altegio_record_id, revenue_client_visits.last_visit_date AS revenue_client_visits_last_visit_date, revenue_client_visits.previous_visit_date AS revenue_client_visits_previous_visit_date, revenue_client_visits.services AS revenue_client_visits_services, revenue_client_visits.master AS revenue_client_visits_master, revenue_client_visits.amount AS revenue_client_visits_amount, revenue_client_visits.visit_status AS revenue_client_visits_visit_status, revenue_client_visits.raw_data AS revenue_client_visits_raw_data, revenue_client_visits.created_at AS revenue_client_visits_created_at, revenue_client_visits.updated_at AS revenue_client_visits_updated_at 
FROM revenue_client_visits 
WHERE revenue_client_visits.revenue_client_id = %(revenue_client_id_1)s::INTEGER ORDER BY revenue_client_visits.last_visit_date ASC, revenue_client_visits.id ASC
2026-08-01 12:20:39,149 INFO sqlalchemy.engine.Engine [cached since 43.15s ago] {'revenue_client_id_1': 235}
2026-08-01 12:20:39,308 INFO sqlalchemy.engine.Engine SELECT revenue_client_visits.id AS revenue_client_visits_id, revenue_client_visits.revenue_client_id AS revenue_client_visits_revenue_client_id, revenue_client_visits.altegio_record_id AS revenue_client_visits_altegio_record_id, revenue_client_visits.last_visit_date AS revenue_client_visits_last_visit_date, revenue_client_visits.previous_visit_date AS revenue_client_visits_previous_visit_date, revenue_client_visits.services AS revenue_client_visits_services, revenue_client_visits.master AS revenue_client_visits_master, revenue_client_visits.amount AS revenue_client_visits_amount, revenue_client_visits.visit_status AS revenue_client_visits_visit_status, revenue_client_visits.raw_data AS revenue_client_visits_raw_data, revenue_client_visits.created_at AS revenue_client_visits_created_at, revenue_client_visits.updated_at AS revenue_client_visits_updated_at 
FROM revenue_client_visits 
WHERE revenue_client_visits.altegio_record_id = %(altegio_record_id_1)s::INTEGER 
 LIMIT %(param_1)s::INTEGER
2026-08-01 12:20:39,308 INFO sqlalchemy.engine.Engine [cached since 43.32s ago] {'altegio_record_id_1': 638186995, 'param_1': 1}
2026-08-01 12:20:39,309 INFO sqlalchemy.engine.Engine SELECT revenue_client_visits.id AS revenue_client_visits_id, revenue_client_visits.revenue_client_id AS revenue_client_visits_revenue_client_id, revenue_client_visits.altegio_record_id AS revenue_client_visits_altegio_record_id, revenue_client_visits.last_visit_date AS revenue_client_visits_last_visit_date, revenue_client_visits.previous_visit_date AS revenue_client_visits_previous_visit_date, revenue_client_visits.services AS revenue_client_visits_services, revenue_client_visits.master AS revenue_client_visits_master, revenue_client_visits.amount AS revenue_client_visits_amount, revenue_client_visits.visit_status AS revenue_client_visits_visit_status, revenue_client_visits.raw_data AS revenue_client_visits_raw_data, revenue_client_visits.created_at AS revenue_client_visits_created_at, revenue_client_visits.updated_at AS revenue_client_visits_updated_at 
FROM revenue_client_visits 
WHERE revenue_client_visits.revenue_client_id = %(revenue_client_id_1)s::INTEGER ORDER BY revenue_client_visits.last_visit_date ASC, revenue_client_visits.id ASC
2026-08-01 12:20:39,309 INFO sqlalchemy.engine.Engine [cached since 43.31s ago] {'revenue_client_id_1': 236}
2026-08-01 12:20:39,471 INFO sqlalchemy.engine.Engine SELECT revenue_client_visits.id AS revenue_client_visits_id, revenue_client_visits.revenue_client_id AS revenue_client_visits_revenue_client_id, revenue_client_visits.altegio_record_id AS revenue_client_visits_altegio_record_id, revenue_client_visits.last_visit_date AS revenue_client_visits_last_visit_date, revenue_client_visits.previous_visit_date AS revenue_client_visits_previous_visit_date, revenue_client_visits.services AS revenue_client_visits_services, revenue_client_visits.master AS revenue_client_visits_master, revenue_client_visits.amount AS revenue_client_visits_amount, revenue_client_visits.visit_status AS revenue_client_visits_visit_status, revenue_client_visits.raw_data AS revenue_client_visits_raw_data, revenue_client_visits.created_at AS revenue_client_visits_created_at, revenue_client_visits.updated_at AS revenue_client_visits_updated_at 
FROM revenue_client_visits 
WHERE revenue_client_visits.altegio_record_id = %(altegio_record_id_1)s::INTEGER 
 LIMIT %(param_1)s::INTEGER
2026-08-01 12:20:39,471 INFO sqlalchemy.engine.Engine [cached since 43.48s ago] {'altegio_record_id_1': 638602582, 'param_1': 1}
2026-08-01 12:20:39,473 INFO sqlalchemy.engine.Engine SELECT revenue_client_visits.id AS revenue_client_visits_id, revenue_client_visits.revenue_client_id AS revenue_client_visits_revenue_client_id, revenue_client_visits.altegio_record_id AS revenue_client_visits_altegio_record_id, revenue_client_visits.last_visit_date AS revenue_client_visits_last_visit_date, revenue_client_visits.previous_visit_date AS revenue_client_visits_previous_visit_date, revenue_client_visits.services AS revenue_client_visits_services, revenue_client_visits.master AS revenue_client_visits_master, revenue_client_visits.amount AS revenue_client_visits_amount, revenue_client_visits.visit_status AS revenue_client_visits_visit_status, revenue_client_visits.raw_data AS revenue_client_visits_raw_data, revenue_client_visits.created_at AS revenue_client_visits_created_at, revenue_client_visits.updated_at AS revenue_client_visits_updated_at 
FROM revenue_client_visits 
WHERE revenue_client_visits.revenue_client_id = %(revenue_client_id_1)s::INTEGER ORDER BY revenue_client_visits.last_visit_date ASC, revenue_client_visits.id ASC
2026-08-01 12:20:39,473 INFO sqlalchemy.engine.Engine [cached since 43.47s ago] {'revenue_client_id_1': 237}
2026-08-01 12:20:39,672 INFO sqlalchemy.engine.Engine SELECT revenue_client_visits.id AS revenue_client_visits_id, revenue_client_visits.revenue_client_id AS revenue_client_visits_revenue_client_id, revenue_client_visits.altegio_record_id AS revenue_client_visits_altegio_record_id, revenue_client_visits.last_visit_date AS revenue_client_visits_last_visit_date, revenue_client_visits.previous_visit_date AS revenue_client_visits_previous_visit_date, revenue_client_visits.services AS revenue_client_visits_services, revenue_client_visits.master AS revenue_client_visits_master, revenue_client_visits.amount AS revenue_client_visits_amount, revenue_client_visits.visit_status AS revenue_client_visits_visit_status, revenue_client_visits.raw_data AS revenue_client_visits_raw_data, revenue_client_visits.created_at AS revenue_client_visits_created_at, revenue_client_visits.updated_at AS revenue_client_visits_updated_at 
FROM revenue_client_visits 
WHERE revenue_client_visits.altegio_record_id = %(altegio_record_id_1)s::INTEGER 
 LIMIT %(param_1)s::INTEGER
2026-08-01 12:20:39,672 INFO sqlalchemy.engine.Engine [cached since 43.68s ago] {'altegio_record_id_1': 638662782, 'param_1': 1}
2026-08-01 12:20:39,673 INFO sqlalchemy.engine.Engine SELECT revenue_client_visits.id AS revenue_client_visits_id, revenue_client_visits.revenue_client_id AS revenue_client_visits_revenue_client_id, revenue_client_visits.altegio_record_id AS revenue_client_visits_altegio_record_id, revenue_client_visits.last_visit_date AS revenue_client_visits_last_visit_date, revenue_client_visits.previous_visit_date AS revenue_client_visits_previous_visit_date, revenue_client_visits.services AS revenue_client_visits_services, revenue_client_visits.master AS revenue_client_visits_master, revenue_client_visits.amount AS revenue_client_visits_amount, revenue_client_visits.visit_status AS revenue_client_visits_visit_status, revenue_client_visits.raw_data AS revenue_client_visits_raw_data, revenue_client_visits.created_at AS revenue_client_visits_created_at, revenue_client_visits.updated_at AS revenue_client_visits_updated_at 
FROM revenue_client_visits 
WHERE revenue_client_visits.revenue_client_id = %(revenue_client_id_1)s::INTEGER ORDER BY revenue_client_visits.last_visit_date ASC, revenue_client_visits.id ASC
2026-08-01 12:20:39,674 INFO sqlalchemy.engine.Engine [cached since 43.67s ago] {'revenue_client_id_1': 238}
2026-08-01 12:20:40,000 INFO sqlalchemy.engine.Engine SELECT revenue_client_visits.id AS revenue_client_visits_id, revenue_client_visits.revenue_client_id AS revenue_client_visits_revenue_client_id, revenue_client_visits.altegio_record_id AS revenue_client_visits_altegio_record_id, revenue_client_visits.last_visit_date AS revenue_client_visits_last_visit_date, revenue_client_visits.previous_visit_date AS revenue_client_visits_previous_visit_date, revenue_client_visits.services AS revenue_client_visits_services, revenue_client_visits.master AS revenue_client_visits_master, revenue_client_visits.amount AS revenue_client_visits_amount, revenue_client_visits.visit_status AS revenue_client_visits_visit_status, revenue_client_visits.raw_data AS revenue_client_visits_raw_data, revenue_client_visits.created_at AS revenue_client_visits_created_at, revenue_client_visits.updated_at AS revenue_client_visits_updated_at 
FROM revenue_client_visits 
WHERE revenue_client_visits.altegio_record_id = %(altegio_record_id_1)s::INTEGER 
 LIMIT %(param_1)s::INTEGER
2026-08-01 12:20:40,000 INFO sqlalchemy.engine.Engine [cached since 44.01s ago] {'altegio_record_id_1': 638915941, 'param_1': 1}
2026-08-01 12:20:40,002 INFO sqlalchemy.engine.Engine SELECT revenue_client_visits.id AS revenue_client_visits_id, revenue_client_visits.revenue_client_id AS revenue_client_visits_revenue_client_id, revenue_client_visits.altegio_record_id AS revenue_client_visits_altegio_record_id, revenue_client_visits.last_visit_date AS revenue_client_visits_last_visit_date, revenue_client_visits.previous_visit_date AS revenue_client_visits_previous_visit_date, revenue_client_visits.services AS revenue_client_visits_services, revenue_client_visits.master AS revenue_client_visits_master, revenue_client_visits.amount AS revenue_client_visits_amount, revenue_client_visits.visit_status AS revenue_client_visits_visit_status, revenue_client_visits.raw_data AS revenue_client_visits_raw_data, revenue_client_visits.created_at AS revenue_client_visits_created_at, revenue_client_visits.updated_at AS revenue_client_visits_updated_at 
FROM revenue_client_visits 
WHERE revenue_client_visits.revenue_client_id = %(revenue_client_id_1)s::INTEGER ORDER BY revenue_client_visits.last_visit_date ASC, revenue_client_visits.id ASC
2026-08-01 12:20:40,002 INFO sqlalchemy.engine.Engine [cached since 44s ago] {'revenue_client_id_1': 240}
2026-08-01 12:20:40,162 INFO sqlalchemy.engine.Engine SELECT revenue_client_visits.id AS revenue_client_visits_id, revenue_client_visits.revenue_client_id AS revenue_client_visits_revenue_client_id, revenue_client_visits.altegio_record_id AS revenue_client_visits_altegio_record_id, revenue_client_visits.last_visit_date AS revenue_client_visits_last_visit_date, revenue_client_visits.previous_visit_date AS revenue_client_visits_previous_visit_date, revenue_client_visits.services AS revenue_client_visits_services, revenue_client_visits.master AS revenue_client_visits_master, revenue_client_visits.amount AS revenue_client_visits_amount, revenue_client_visits.visit_status AS revenue_client_visits_visit_status, revenue_client_visits.raw_data AS revenue_client_visits_raw_data, revenue_client_visits.created_at AS revenue_client_visits_created_at, revenue_client_visits.updated_at AS revenue_client_visits_updated_at 
FROM revenue_client_visits 
WHERE revenue_client_visits.altegio_record_id = %(altegio_record_id_1)s::INTEGER 
 LIMIT %(param_1)s::INTEGER
2026-08-01 12:20:40,162 INFO sqlalchemy.engine.Engine [cached since 44.17s ago] {'altegio_record_id_1': 638921825, 'param_1': 1}
2026-08-01 12:20:40,164 INFO sqlalchemy.engine.Engine SELECT revenue_client_visits.id AS revenue_client_visits_id, revenue_client_visits.revenue_client_id AS revenue_client_visits_revenue_client_id, revenue_client_visits.altegio_record_id AS revenue_client_visits_altegio_record_id, revenue_client_visits.last_visit_date AS revenue_client_visits_last_visit_date, revenue_client_visits.previous_visit_date AS revenue_client_visits_previous_visit_date, revenue_client_visits.services AS revenue_client_visits_services, revenue_client_visits.master AS revenue_client_visits_master, revenue_client_visits.amount AS revenue_client_visits_amount, revenue_client_visits.visit_status AS revenue_client_visits_visit_status, revenue_client_visits.raw_data AS revenue_client_visits_raw_data, revenue_client_visits.created_at AS revenue_client_visits_created_at, revenue_client_visits.updated_at AS revenue_client_visits_updated_at 
FROM revenue_client_visits 
WHERE revenue_client_visits.revenue_client_id = %(revenue_client_id_1)s::INTEGER ORDER BY revenue_client_visits.last_visit_date ASC, revenue_client_visits.id ASC
2026-08-01 12:20:40,164 INFO sqlalchemy.engine.Engine [cached since 44.16s ago] {'revenue_client_id_1': 241}
2026-08-01 12:20:40,482 INFO sqlalchemy.engine.Engine SELECT revenue_client_visits.id AS revenue_client_visits_id, revenue_client_visits.revenue_client_id AS revenue_client_visits_revenue_client_id, revenue_client_visits.altegio_record_id AS revenue_client_visits_altegio_record_id, revenue_client_visits.last_visit_date AS revenue_client_visits_last_visit_date, revenue_client_visits.previous_visit_date AS revenue_client_visits_previous_visit_date, revenue_client_visits.services AS revenue_client_visits_services, revenue_client_visits.master AS revenue_client_visits_master, revenue_client_visits.amount AS revenue_client_visits_amount, revenue_client_visits.visit_status AS revenue_client_visits_visit_status, revenue_client_visits.raw_data AS revenue_client_visits_raw_data, revenue_client_visits.created_at AS revenue_client_visits_created_at, revenue_client_visits.updated_at AS revenue_client_visits_updated_at 
FROM revenue_client_visits 
WHERE revenue_client_visits.altegio_record_id = %(altegio_record_id_1)s::INTEGER 
 LIMIT %(param_1)s::INTEGER
2026-08-01 12:20:40,482 INFO sqlalchemy.engine.Engine [cached since 44.49s ago] {'altegio_record_id_1': 639280803, 'param_1': 1}
2026-08-01 12:20:40,484 INFO sqlalchemy.engine.Engine SELECT revenue_client_visits.id AS revenue_client_visits_id, revenue_client_visits.revenue_client_id AS revenue_client_visits_revenue_client_id, revenue_client_visits.altegio_record_id AS revenue_client_visits_altegio_record_id, revenue_client_visits.last_visit_date AS revenue_client_visits_last_visit_date, revenue_client_visits.previous_visit_date AS revenue_client_visits_previous_visit_date, revenue_client_visits.services AS revenue_client_visits_services, revenue_client_visits.master AS revenue_client_visits_master, revenue_client_visits.amount AS revenue_client_visits_amount, revenue_client_visits.visit_status AS revenue_client_visits_visit_status, revenue_client_visits.raw_data AS revenue_client_visits_raw_data, revenue_client_visits.created_at AS revenue_client_visits_created_at, revenue_client_visits.updated_at AS revenue_client_visits_updated_at 
FROM revenue_client_visits 
WHERE revenue_client_visits.altegio_record_id = %(altegio_record_id_1)s::INTEGER 
 LIMIT %(param_1)s::INTEGER
2026-08-01 12:20:40,484 INFO sqlalchemy.engine.Engine [cached since 44.49s ago] {'altegio_record_id_1': 638922086, 'param_1': 1}
2026-08-01 12:20:40,485 INFO sqlalchemy.engine.Engine SELECT revenue_client_visits.id AS revenue_client_visits_id, revenue_client_visits.revenue_client_id AS revenue_client_visits_revenue_client_id, revenue_client_visits.altegio_record_id AS revenue_client_visits_altegio_record_id, revenue_client_visits.last_visit_date AS revenue_client_visits_last_visit_date, revenue_client_visits.previous_visit_date AS revenue_client_visits_previous_visit_date, revenue_client_visits.services AS revenue_client_visits_services, revenue_client_visits.master AS revenue_client_visits_master, revenue_client_visits.amount AS revenue_client_visits_amount, revenue_client_visits.visit_status AS revenue_client_visits_visit_status, revenue_client_visits.raw_data AS revenue_client_visits_raw_data, revenue_client_visits.created_at AS revenue_client_visits_created_at, revenue_client_visits.updated_at AS revenue_client_visits_updated_at 
FROM revenue_client_visits 
WHERE revenue_client_visits.revenue_client_id = %(revenue_client_id_1)s::INTEGER ORDER BY revenue_client_visits.last_visit_date ASC, revenue_client_visits.id ASC
2026-08-01 12:20:40,485 INFO sqlalchemy.engine.Engine [cached since 44.48s ago] {'revenue_client_id_1': 243}
2026-08-01 12:20:40,662 INFO sqlalchemy.engine.Engine SELECT revenue_client_visits.id AS revenue_client_visits_id, revenue_client_visits.revenue_client_id AS revenue_client_visits_revenue_client_id, revenue_client_visits.altegio_record_id AS revenue_client_visits_altegio_record_id, revenue_client_visits.last_visit_date AS revenue_client_visits_last_visit_date, revenue_client_visits.previous_visit_date AS revenue_client_visits_previous_visit_date, revenue_client_visits.services AS revenue_client_visits_services, revenue_client_visits.master AS revenue_client_visits_master, revenue_client_visits.amount AS revenue_client_visits_amount, revenue_client_visits.visit_status AS revenue_client_visits_visit_status, revenue_client_visits.raw_data AS revenue_client_visits_raw_data, revenue_client_visits.created_at AS revenue_client_visits_created_at, revenue_client_visits.updated_at AS revenue_client_visits_updated_at 
FROM revenue_client_visits 
WHERE revenue_client_visits.altegio_record_id = %(altegio_record_id_1)s::INTEGER 
 LIMIT %(param_1)s::INTEGER
2026-08-01 12:20:40,662 INFO sqlalchemy.engine.Engine [cached since 44.67s ago] {'altegio_record_id_1': 650627360, 'param_1': 1}
2026-08-01 12:20:40,664 INFO sqlalchemy.engine.Engine SELECT revenue_client_visits.id AS revenue_client_visits_id, revenue_client_visits.revenue_client_id AS revenue_client_visits_revenue_client_id, revenue_client_visits.altegio_record_id AS revenue_client_visits_altegio_record_id, revenue_client_visits.last_visit_date AS revenue_client_visits_last_visit_date, revenue_client_visits.previous_visit_date AS revenue_client_visits_previous_visit_date, revenue_client_visits.services AS revenue_client_visits_services, revenue_client_visits.master AS revenue_client_visits_master, revenue_client_visits.amount AS revenue_client_visits_amount, revenue_client_visits.visit_status AS revenue_client_visits_visit_status, revenue_client_visits.raw_data AS revenue_client_visits_raw_data, revenue_client_visits.created_at AS revenue_client_visits_created_at, revenue_client_visits.updated_at AS revenue_client_visits_updated_at 
FROM revenue_client_visits 
WHERE revenue_client_visits.altegio_record_id = %(altegio_record_id_1)s::INTEGER 
 LIMIT %(param_1)s::INTEGER
2026-08-01 12:20:40,664 INFO sqlalchemy.engine.Engine [cached since 44.67s ago] {'altegio_record_id_1': 639030804, 'param_1': 1}
2026-08-01 12:20:40,665 INFO sqlalchemy.engine.Engine SELECT revenue_client_visits.id AS revenue_client_visits_id, revenue_client_visits.revenue_client_id AS revenue_client_visits_revenue_client_id, revenue_client_visits.altegio_record_id AS revenue_client_visits_altegio_record_id, revenue_client_visits.last_visit_date AS revenue_client_visits_last_visit_date, revenue_client_visits.previous_visit_date AS revenue_client_visits_previous_visit_date, revenue_client_visits.services AS revenue_client_visits_services, revenue_client_visits.master AS revenue_client_visits_master, revenue_client_visits.amount AS revenue_client_visits_amount, revenue_client_visits.visit_status AS revenue_client_visits_visit_status, revenue_client_visits.raw_data AS revenue_client_visits_raw_data, revenue_client_visits.created_at AS revenue_client_visits_created_at, revenue_client_visits.updated_at AS revenue_client_visits_updated_at 
FROM revenue_client_visits 
WHERE revenue_client_visits.revenue_client_id = %(revenue_client_id_1)s::INTEGER ORDER BY revenue_client_visits.last_visit_date ASC, revenue_client_visits.id ASC
2026-08-01 12:20:40,665 INFO sqlalchemy.engine.Engine [cached since 44.67s ago] {'revenue_client_id_1': 244}
2026-08-01 12:20:40,843 INFO sqlalchemy.engine.Engine SELECT revenue_client_visits.id AS revenue_client_visits_id, revenue_client_visits.revenue_client_id AS revenue_client_visits_revenue_client_id, revenue_client_visits.altegio_record_id AS revenue_client_visits_altegio_record_id, revenue_client_visits.last_visit_date AS revenue_client_visits_last_visit_date, revenue_client_visits.previous_visit_date AS revenue_client_visits_previous_visit_date, revenue_client_visits.services AS revenue_client_visits_services, revenue_client_visits.master AS revenue_client_visits_master, revenue_client_visits.amount AS revenue_client_visits_amount, revenue_client_visits.visit_status AS revenue_client_visits_visit_status, revenue_client_visits.raw_data AS revenue_client_visits_raw_data, revenue_client_visits.created_at AS revenue_client_visits_created_at, revenue_client_visits.updated_at AS revenue_client_visits_updated_at 
FROM revenue_client_visits 
WHERE revenue_client_visits.altegio_record_id = %(altegio_record_id_1)s::INTEGER 
 LIMIT %(param_1)s::INTEGER
2026-08-01 12:20:40,843 INFO sqlalchemy.engine.Engine [cached since 44.85s ago] {'altegio_record_id_1': 639158933, 'param_1': 1}
2026-08-01 12:20:40,844 INFO sqlalchemy.engine.Engine SELECT revenue_client_visits.id AS revenue_client_visits_id, revenue_client_visits.revenue_client_id AS revenue_client_visits_revenue_client_id, revenue_client_visits.altegio_record_id AS revenue_client_visits_altegio_record_id, revenue_client_visits.last_visit_date AS revenue_client_visits_last_visit_date, revenue_client_visits.previous_visit_date AS revenue_client_visits_previous_visit_date, revenue_client_visits.services AS revenue_client_visits_services, revenue_client_visits.master AS revenue_client_visits_master, revenue_client_visits.amount AS revenue_client_visits_amount, revenue_client_visits.visit_status AS revenue_client_visits_visit_status, revenue_client_visits.raw_data AS revenue_client_visits_raw_data, revenue_client_visits.created_at AS revenue_client_visits_created_at, revenue_client_visits.updated_at AS revenue_client_visits_updated_at 
FROM revenue_client_visits 
WHERE revenue_client_visits.revenue_client_id = %(revenue_client_id_1)s::INTEGER ORDER BY revenue_client_visits.last_visit_date ASC, revenue_client_visits.id ASC
2026-08-01 12:20:40,844 INFO sqlalchemy.engine.Engine [cached since 44.84s ago] {'revenue_client_id_1': 246}
2026-08-01 12:20:41,013 INFO sqlalchemy.engine.Engine SELECT revenue_client_visits.id AS revenue_client_visits_id, revenue_client_visits.revenue_client_id AS revenue_client_visits_revenue_client_id, revenue_client_visits.altegio_record_id AS revenue_client_visits_altegio_record_id, revenue_client_visits.last_visit_date AS revenue_client_visits_last_visit_date, revenue_client_visits.previous_visit_date AS revenue_client_visits_previous_visit_date, revenue_client_visits.services AS revenue_client_visits_services, revenue_client_visits.master AS revenue_client_visits_master, revenue_client_visits.amount AS revenue_client_visits_amount, revenue_client_visits.visit_status AS revenue_client_visits_visit_status, revenue_client_visits.raw_data AS revenue_client_visits_raw_data, revenue_client_visits.created_at AS revenue_client_visits_created_at, revenue_client_visits.updated_at AS revenue_client_visits_updated_at 
FROM revenue_client_visits 
WHERE revenue_client_visits.altegio_record_id = %(altegio_record_id_1)s::INTEGER 
 LIMIT %(param_1)s::INTEGER
2026-08-01 12:20:41,013 INFO sqlalchemy.engine.Engine [cached since 45.02s ago] {'altegio_record_id_1': 661279759, 'param_1': 1}
2026-08-01 12:20:41,014 INFO sqlalchemy.engine.Engine SELECT revenue_client_visits.id AS revenue_client_visits_id, revenue_client_visits.revenue_client_id AS revenue_client_visits_revenue_client_id, revenue_client_visits.altegio_record_id AS revenue_client_visits_altegio_record_id, revenue_client_visits.last_visit_date AS revenue_client_visits_last_visit_date, revenue_client_visits.previous_visit_date AS revenue_client_visits_previous_visit_date, revenue_client_visits.services AS revenue_client_visits_services, revenue_client_visits.master AS revenue_client_visits_master, revenue_client_visits.amount AS revenue_client_visits_amount, revenue_client_visits.visit_status AS revenue_client_visits_visit_status, revenue_client_visits.raw_data AS revenue_client_visits_raw_data, revenue_client_visits.created_at AS revenue_client_visits_created_at, revenue_client_visits.updated_at AS revenue_client_visits_updated_at 
FROM revenue_client_visits 
WHERE revenue_client_visits.altegio_record_id = %(altegio_record_id_1)s::INTEGER 
 LIMIT %(param_1)s::INTEGER
2026-08-01 12:20:41,014 INFO sqlalchemy.engine.Engine [cached since 45.02s ago] {'altegio_record_id_1': 639286415, 'param_1': 1}
2026-08-01 12:20:41,015 INFO sqlalchemy.engine.Engine SELECT revenue_client_visits.id AS revenue_client_visits_id, revenue_client_visits.revenue_client_id AS revenue_client_visits_revenue_client_id, revenue_client_visits.altegio_record_id AS revenue_client_visits_altegio_record_id, revenue_client_visits.last_visit_date AS revenue_client_visits_last_visit_date, revenue_client_visits.previous_visit_date AS revenue_client_visits_previous_visit_date, revenue_client_visits.services AS revenue_client_visits_services, revenue_client_visits.master AS revenue_client_visits_master, revenue_client_visits.amount AS revenue_client_visits_amount, revenue_client_visits.visit_status AS revenue_client_visits_visit_status, revenue_client_visits.raw_data AS revenue_client_visits_raw_data, revenue_client_visits.created_at AS revenue_client_visits_created_at, revenue_client_visits.updated_at AS revenue_client_visits_updated_at 
FROM revenue_client_visits 
WHERE revenue_client_visits.revenue_client_id = %(revenue_client_id_1)s::INTEGER ORDER BY revenue_client_visits.last_visit_date ASC, revenue_client_visits.id ASC
2026-08-01 12:20:41,015 INFO sqlalchemy.engine.Engine [cached since 45.02s ago] {'revenue_client_id_1': 247}
2026-08-01 12:20:41,187 INFO sqlalchemy.engine.Engine SELECT revenue_client_visits.id AS revenue_client_visits_id, revenue_client_visits.revenue_client_id AS revenue_client_visits_revenue_client_id, revenue_client_visits.altegio_record_id AS revenue_client_visits_altegio_record_id, revenue_client_visits.last_visit_date AS revenue_client_visits_last_visit_date, revenue_client_visits.previous_visit_date AS revenue_client_visits_previous_visit_date, revenue_client_visits.services AS revenue_client_visits_services, revenue_client_visits.master AS revenue_client_visits_master, revenue_client_visits.amount AS revenue_client_visits_amount, revenue_client_visits.visit_status AS revenue_client_visits_visit_status, revenue_client_visits.raw_data AS revenue_client_visits_raw_data, revenue_client_visits.created_at AS revenue_client_visits_created_at, revenue_client_visits.updated_at AS revenue_client_visits_updated_at 
FROM revenue_client_visits 
WHERE revenue_client_visits.altegio_record_id = %(altegio_record_id_1)s::INTEGER 
 LIMIT %(param_1)s::INTEGER
2026-08-01 12:20:41,187 INFO sqlalchemy.engine.Engine [cached since 45.2s ago] {'altegio_record_id_1': 639301150, 'param_1': 1}
2026-08-01 12:20:41,188 INFO sqlalchemy.engine.Engine SELECT revenue_client_visits.id AS revenue_client_visits_id, revenue_client_visits.revenue_client_id AS revenue_client_visits_revenue_client_id, revenue_client_visits.altegio_record_id AS revenue_client_visits_altegio_record_id, revenue_client_visits.last_visit_date AS revenue_client_visits_last_visit_date, revenue_client_visits.previous_visit_date AS revenue_client_visits_previous_visit_date, revenue_client_visits.services AS revenue_client_visits_services, revenue_client_visits.master AS revenue_client_visits_master, revenue_client_visits.amount AS revenue_client_visits_amount, revenue_client_visits.visit_status AS revenue_client_visits_visit_status, revenue_client_visits.raw_data AS revenue_client_visits_raw_data, revenue_client_visits.created_at AS revenue_client_visits_created_at, revenue_client_visits.updated_at AS revenue_client_visits_updated_at 
FROM revenue_client_visits 
WHERE revenue_client_visits.revenue_client_id = %(revenue_client_id_1)s::INTEGER ORDER BY revenue_client_visits.last_visit_date ASC, revenue_client_visits.id ASC
2026-08-01 12:20:41,188 INFO sqlalchemy.engine.Engine [cached since 45.19s ago] {'revenue_client_id_1': 248}
2026-08-01 12:20:41,528 INFO sqlalchemy.engine.Engine SELECT revenue_client_visits.id AS revenue_client_visits_id, revenue_client_visits.revenue_client_id AS revenue_client_visits_revenue_client_id, revenue_client_visits.altegio_record_id AS revenue_client_visits_altegio_record_id, revenue_client_visits.last_visit_date AS revenue_client_visits_last_visit_date, revenue_client_visits.previous_visit_date AS revenue_client_visits_previous_visit_date, revenue_client_visits.services AS revenue_client_visits_services, revenue_client_visits.master AS revenue_client_visits_master, revenue_client_visits.amount AS revenue_client_visits_amount, revenue_client_visits.visit_status AS revenue_client_visits_visit_status, revenue_client_visits.raw_data AS revenue_client_visits_raw_data, revenue_client_visits.created_at AS revenue_client_visits_created_at, revenue_client_visits.updated_at AS revenue_client_visits_updated_at 
FROM revenue_client_visits 
WHERE revenue_client_visits.altegio_record_id = %(altegio_record_id_1)s::INTEGER 
 LIMIT %(param_1)s::INTEGER
2026-08-01 12:20:41,528 INFO sqlalchemy.engine.Engine [cached since 45.54s ago] {'altegio_record_id_1': 659385092, 'param_1': 1}
2026-08-01 12:20:41,529 INFO sqlalchemy.engine.Engine SELECT revenue_client_visits.id AS revenue_client_visits_id, revenue_client_visits.revenue_client_id AS revenue_client_visits_revenue_client_id, revenue_client_visits.altegio_record_id AS revenue_client_visits_altegio_record_id, revenue_client_visits.last_visit_date AS revenue_client_visits_last_visit_date, revenue_client_visits.previous_visit_date AS revenue_client_visits_previous_visit_date, revenue_client_visits.services AS revenue_client_visits_services, revenue_client_visits.master AS revenue_client_visits_master, revenue_client_visits.amount AS revenue_client_visits_amount, revenue_client_visits.visit_status AS revenue_client_visits_visit_status, revenue_client_visits.raw_data AS revenue_client_visits_raw_data, revenue_client_visits.created_at AS revenue_client_visits_created_at, revenue_client_visits.updated_at AS revenue_client_visits_updated_at 
FROM revenue_client_visits 
WHERE revenue_client_visits.altegio_record_id = %(altegio_record_id_1)s::INTEGER 
 LIMIT %(param_1)s::INTEGER
2026-08-01 12:20:41,530 INFO sqlalchemy.engine.Engine [cached since 45.54s ago] {'altegio_record_id_1': 639478917, 'param_1': 1}
2026-08-01 12:20:41,531 INFO sqlalchemy.engine.Engine SELECT revenue_client_visits.id AS revenue_client_visits_id, revenue_client_visits.revenue_client_id AS revenue_client_visits_revenue_client_id, revenue_client_visits.altegio_record_id AS revenue_client_visits_altegio_record_id, revenue_client_visits.last_visit_date AS revenue_client_visits_last_visit_date, revenue_client_visits.previous_visit_date AS revenue_client_visits_previous_visit_date, revenue_client_visits.services AS revenue_client_visits_services, revenue_client_visits.master AS revenue_client_visits_master, revenue_client_visits.amount AS revenue_client_visits_amount, revenue_client_visits.visit_status AS revenue_client_visits_visit_status, revenue_client_visits.raw_data AS revenue_client_visits_raw_data, revenue_client_visits.created_at AS revenue_client_visits_created_at, revenue_client_visits.updated_at AS revenue_client_visits_updated_at 
FROM revenue_client_visits 
WHERE revenue_client_visits.revenue_client_id = %(revenue_client_id_1)s::INTEGER ORDER BY revenue_client_visits.last_visit_date ASC, revenue_client_visits.id ASC
2026-08-01 12:20:41,531 INFO sqlalchemy.engine.Engine [cached since 45.53s ago] {'revenue_client_id_1': 250}
2026-08-01 12:20:41,687 INFO sqlalchemy.engine.Engine SELECT revenue_client_visits.id AS revenue_client_visits_id, revenue_client_visits.revenue_client_id AS revenue_client_visits_revenue_client_id, revenue_client_visits.altegio_record_id AS revenue_client_visits_altegio_record_id, revenue_client_visits.last_visit_date AS revenue_client_visits_last_visit_date, revenue_client_visits.previous_visit_date AS revenue_client_visits_previous_visit_date, revenue_client_visits.services AS revenue_client_visits_services, revenue_client_visits.master AS revenue_client_visits_master, revenue_client_visits.amount AS revenue_client_visits_amount, revenue_client_visits.visit_status AS revenue_client_visits_visit_status, revenue_client_visits.raw_data AS revenue_client_visits_raw_data, revenue_client_visits.created_at AS revenue_client_visits_created_at, revenue_client_visits.updated_at AS revenue_client_visits_updated_at 
FROM revenue_client_visits 
WHERE revenue_client_visits.altegio_record_id = %(altegio_record_id_1)s::INTEGER 
 LIMIT %(param_1)s::INTEGER
2026-08-01 12:20:41,688 INFO sqlalchemy.engine.Engine [cached since 45.7s ago] {'altegio_record_id_1': 639508511, 'param_1': 1}
2026-08-01 12:20:41,689 INFO sqlalchemy.engine.Engine SELECT revenue_client_visits.id AS revenue_client_visits_id, revenue_client_visits.revenue_client_id AS revenue_client_visits_revenue_client_id, revenue_client_visits.altegio_record_id AS revenue_client_visits_altegio_record_id, revenue_client_visits.last_visit_date AS revenue_client_visits_last_visit_date, revenue_client_visits.previous_visit_date AS revenue_client_visits_previous_visit_date, revenue_client_visits.services AS revenue_client_visits_services, revenue_client_visits.master AS revenue_client_visits_master, revenue_client_visits.amount AS revenue_client_visits_amount, revenue_client_visits.visit_status AS revenue_client_visits_visit_status, revenue_client_visits.raw_data AS revenue_client_visits_raw_data, revenue_client_visits.created_at AS revenue_client_visits_created_at, revenue_client_visits.updated_at AS revenue_client_visits_updated_at 
FROM revenue_client_visits 
WHERE revenue_client_visits.revenue_client_id = %(revenue_client_id_1)s::INTEGER ORDER BY revenue_client_visits.last_visit_date ASC, revenue_client_visits.id ASC
2026-08-01 12:20:41,689 INFO sqlalchemy.engine.Engine [cached since 45.69s ago] {'revenue_client_id_1': 251}
2026-08-01 12:20:41,864 INFO sqlalchemy.engine.Engine SELECT revenue_client_visits.id AS revenue_client_visits_id, revenue_client_visits.revenue_client_id AS revenue_client_visits_revenue_client_id, revenue_client_visits.altegio_record_id AS revenue_client_visits_altegio_record_id, revenue_client_visits.last_visit_date AS revenue_client_visits_last_visit_date, revenue_client_visits.previous_visit_date AS revenue_client_visits_previous_visit_date, revenue_client_visits.services AS revenue_client_visits_services, revenue_client_visits.master AS revenue_client_visits_master, revenue_client_visits.amount AS revenue_client_visits_amount, revenue_client_visits.visit_status AS revenue_client_visits_visit_status, revenue_client_visits.raw_data AS revenue_client_visits_raw_data, revenue_client_visits.created_at AS revenue_client_visits_created_at, revenue_client_visits.updated_at AS revenue_client_visits_updated_at 
FROM revenue_client_visits 
WHERE revenue_client_visits.altegio_record_id = %(altegio_record_id_1)s::INTEGER 
 LIMIT %(param_1)s::INTEGER
2026-08-01 12:20:41,864 INFO sqlalchemy.engine.Engine [cached since 45.87s ago] {'altegio_record_id_1': 655355533, 'param_1': 1}
2026-08-01 12:20:41,865 INFO sqlalchemy.engine.Engine SELECT revenue_client_visits.id AS revenue_client_visits_id, revenue_client_visits.revenue_client_id AS revenue_client_visits_revenue_client_id, revenue_client_visits.altegio_record_id AS revenue_client_visits_altegio_record_id, revenue_client_visits.last_visit_date AS revenue_client_visits_last_visit_date, revenue_client_visits.previous_visit_date AS revenue_client_visits_previous_visit_date, revenue_client_visits.services AS revenue_client_visits_services, revenue_client_visits.master AS revenue_client_visits_master, revenue_client_visits.amount AS revenue_client_visits_amount, revenue_client_visits.visit_status AS revenue_client_visits_visit_status, revenue_client_visits.raw_data AS revenue_client_visits_raw_data, revenue_client_visits.created_at AS revenue_client_visits_created_at, revenue_client_visits.updated_at AS revenue_client_visits_updated_at 
FROM revenue_client_visits 
WHERE revenue_client_visits.altegio_record_id = %(altegio_record_id_1)s::INTEGER 
 LIMIT %(param_1)s::INTEGER
2026-08-01 12:20:41,865 INFO sqlalchemy.engine.Engine [cached since 45.87s ago] {'altegio_record_id_1': 639766887, 'param_1': 1}
2026-08-01 12:20:41,866 INFO sqlalchemy.engine.Engine SELECT revenue_client_visits.id AS revenue_client_visits_id, revenue_client_visits.revenue_client_id AS revenue_client_visits_revenue_client_id, revenue_client_visits.altegio_record_id AS revenue_client_visits_altegio_record_id, revenue_client_visits.last_visit_date AS revenue_client_visits_last_visit_date, revenue_client_visits.previous_visit_date AS revenue_client_visits_previous_visit_date, revenue_client_visits.services AS revenue_client_visits_services, revenue_client_visits.master AS revenue_client_visits_master, revenue_client_visits.amount AS revenue_client_visits_amount, revenue_client_visits.visit_status AS revenue_client_visits_visit_status, revenue_client_visits.raw_data AS revenue_client_visits_raw_data, revenue_client_visits.created_at AS revenue_client_visits_created_at, revenue_client_visits.updated_at AS revenue_client_visits_updated_at 
FROM revenue_client_visits 
WHERE revenue_client_visits.revenue_client_id = %(revenue_client_id_1)s::INTEGER ORDER BY revenue_client_visits.last_visit_date ASC, revenue_client_visits.id ASC
2026-08-01 12:20:41,866 INFO sqlalchemy.engine.Engine [cached since 45.87s ago] {'revenue_client_id_1': 252}
2026-08-01 12:20:42,053 INFO sqlalchemy.engine.Engine SELECT revenue_client_visits.id AS revenue_client_visits_id, revenue_client_visits.revenue_client_id AS revenue_client_visits_revenue_client_id, revenue_client_visits.altegio_record_id AS revenue_client_visits_altegio_record_id, revenue_client_visits.last_visit_date AS revenue_client_visits_last_visit_date, revenue_client_visits.previous_visit_date AS revenue_client_visits_previous_visit_date, revenue_client_visits.services AS revenue_client_visits_services, revenue_client_visits.master AS revenue_client_visits_master, revenue_client_visits.amount AS revenue_client_visits_amount, revenue_client_visits.visit_status AS revenue_client_visits_visit_status, revenue_client_visits.raw_data AS revenue_client_visits_raw_data, revenue_client_visits.created_at AS revenue_client_visits_created_at, revenue_client_visits.updated_at AS revenue_client_visits_updated_at 
FROM revenue_client_visits 
WHERE revenue_client_visits.altegio_record_id = %(altegio_record_id_1)s::INTEGER 
 LIMIT %(param_1)s::INTEGER
2026-08-01 12:20:42,053 INFO sqlalchemy.engine.Engine [cached since 46.06s ago] {'altegio_record_id_1': 640286457, 'param_1': 1}
2026-08-01 12:20:42,054 INFO sqlalchemy.engine.Engine SELECT revenue_client_visits.id AS revenue_client_visits_id, revenue_client_visits.revenue_client_id AS revenue_client_visits_revenue_client_id, revenue_client_visits.altegio_record_id AS revenue_client_visits_altegio_record_id, revenue_client_visits.last_visit_date AS revenue_client_visits_last_visit_date, revenue_client_visits.previous_visit_date AS revenue_client_visits_previous_visit_date, revenue_client_visits.services AS revenue_client_visits_services, revenue_client_visits.master AS revenue_client_visits_master, revenue_client_visits.amount AS revenue_client_visits_amount, revenue_client_visits.visit_status AS revenue_client_visits_visit_status, revenue_client_visits.raw_data AS revenue_client_visits_raw_data, revenue_client_visits.created_at AS revenue_client_visits_created_at, revenue_client_visits.updated_at AS revenue_client_visits_updated_at 
FROM revenue_client_visits 
WHERE revenue_client_visits.revenue_client_id = %(revenue_client_id_1)s::INTEGER ORDER BY revenue_client_visits.last_visit_date ASC, revenue_client_visits.id ASC
2026-08-01 12:20:42,054 INFO sqlalchemy.engine.Engine [cached since 46.05s ago] {'revenue_client_id_1': 253}
2026-08-01 12:20:42,242 INFO sqlalchemy.engine.Engine SELECT revenue_client_visits.id AS revenue_client_visits_id, revenue_client_visits.revenue_client_id AS revenue_client_visits_revenue_client_id, revenue_client_visits.altegio_record_id AS revenue_client_visits_altegio_record_id, revenue_client_visits.last_visit_date AS revenue_client_visits_last_visit_date, revenue_client_visits.previous_visit_date AS revenue_client_visits_previous_visit_date, revenue_client_visits.services AS revenue_client_visits_services, revenue_client_visits.master AS revenue_client_visits_master, revenue_client_visits.amount AS revenue_client_visits_amount, revenue_client_visits.visit_status AS revenue_client_visits_visit_status, revenue_client_visits.raw_data AS revenue_client_visits_raw_data, revenue_client_visits.created_at AS revenue_client_visits_created_at, revenue_client_visits.updated_at AS revenue_client_visits_updated_at 
FROM revenue_client_visits 
WHERE revenue_client_visits.altegio_record_id = %(altegio_record_id_1)s::INTEGER 
 LIMIT %(param_1)s::INTEGER
2026-08-01 12:20:42,242 INFO sqlalchemy.engine.Engine [cached since 46.25s ago] {'altegio_record_id_1': 640294187, 'param_1': 1}
2026-08-01 12:20:42,243 INFO sqlalchemy.engine.Engine SELECT revenue_client_visits.id AS revenue_client_visits_id, revenue_client_visits.revenue_client_id AS revenue_client_visits_revenue_client_id, revenue_client_visits.altegio_record_id AS revenue_client_visits_altegio_record_id, revenue_client_visits.last_visit_date AS revenue_client_visits_last_visit_date, revenue_client_visits.previous_visit_date AS revenue_client_visits_previous_visit_date, revenue_client_visits.services AS revenue_client_visits_services, revenue_client_visits.master AS revenue_client_visits_master, revenue_client_visits.amount AS revenue_client_visits_amount, revenue_client_visits.visit_status AS revenue_client_visits_visit_status, revenue_client_visits.raw_data AS revenue_client_visits_raw_data, revenue_client_visits.created_at AS revenue_client_visits_created_at, revenue_client_visits.updated_at AS revenue_client_visits_updated_at 
FROM revenue_client_visits 
WHERE revenue_client_visits.revenue_client_id = %(revenue_client_id_1)s::INTEGER ORDER BY revenue_client_visits.last_visit_date ASC, revenue_client_visits.id ASC
2026-08-01 12:20:42,243 INFO sqlalchemy.engine.Engine [cached since 46.24s ago] {'revenue_client_id_1': 254}
2026-08-01 12:20:42,588 INFO sqlalchemy.engine.Engine SELECT revenue_client_visits.id AS revenue_client_visits_id, revenue_client_visits.revenue_client_id AS revenue_client_visits_revenue_client_id, revenue_client_visits.altegio_record_id AS revenue_client_visits_altegio_record_id, revenue_client_visits.last_visit_date AS revenue_client_visits_last_visit_date, revenue_client_visits.previous_visit_date AS revenue_client_visits_previous_visit_date, revenue_client_visits.services AS revenue_client_visits_services, revenue_client_visits.master AS revenue_client_visits_master, revenue_client_visits.amount AS revenue_client_visits_amount, revenue_client_visits.visit_status AS revenue_client_visits_visit_status, revenue_client_visits.raw_data AS revenue_client_visits_raw_data, revenue_client_visits.created_at AS revenue_client_visits_created_at, revenue_client_visits.updated_at AS revenue_client_visits_updated_at 
FROM revenue_client_visits 
WHERE revenue_client_visits.altegio_record_id = %(altegio_record_id_1)s::INTEGER 
 LIMIT %(param_1)s::INTEGER
2026-08-01 12:20:42,588 INFO sqlalchemy.engine.Engine [cached since 46.6s ago] {'altegio_record_id_1': 640563259, 'param_1': 1}
2026-08-01 12:20:42,590 INFO sqlalchemy.engine.Engine SELECT revenue_client_visits.id AS revenue_client_visits_id, revenue_client_visits.revenue_client_id AS revenue_client_visits_revenue_client_id, revenue_client_visits.altegio_record_id AS revenue_client_visits_altegio_record_id, revenue_client_visits.last_visit_date AS revenue_client_visits_last_visit_date, revenue_client_visits.previous_visit_date AS revenue_client_visits_previous_visit_date, revenue_client_visits.services AS revenue_client_visits_services, revenue_client_visits.master AS revenue_client_visits_master, revenue_client_visits.amount AS revenue_client_visits_amount, revenue_client_visits.visit_status AS revenue_client_visits_visit_status, revenue_client_visits.raw_data AS revenue_client_visits_raw_data, revenue_client_visits.created_at AS revenue_client_visits_created_at, revenue_client_visits.updated_at AS revenue_client_visits_updated_at 
FROM revenue_client_visits 
WHERE revenue_client_visits.revenue_client_id = %(revenue_client_id_1)s::INTEGER ORDER BY revenue_client_visits.last_visit_date ASC, revenue_client_visits.id ASC
2026-08-01 12:20:42,590 INFO sqlalchemy.engine.Engine [cached since 46.59s ago] {'revenue_client_id_1': 256}
2026-08-01 12:20:42,761 INFO sqlalchemy.engine.Engine SELECT revenue_client_visits.id AS revenue_client_visits_id, revenue_client_visits.revenue_client_id AS revenue_client_visits_revenue_client_id, revenue_client_visits.altegio_record_id AS revenue_client_visits_altegio_record_id, revenue_client_visits.last_visit_date AS revenue_client_visits_last_visit_date, revenue_client_visits.previous_visit_date AS revenue_client_visits_previous_visit_date, revenue_client_visits.services AS revenue_client_visits_services, revenue_client_visits.master AS revenue_client_visits_master, revenue_client_visits.amount AS revenue_client_visits_amount, revenue_client_visits.visit_status AS revenue_client_visits_visit_status, revenue_client_visits.raw_data AS revenue_client_visits_raw_data, revenue_client_visits.created_at AS revenue_client_visits_created_at, revenue_client_visits.updated_at AS revenue_client_visits_updated_at 
FROM revenue_client_visits 
WHERE revenue_client_visits.altegio_record_id = %(altegio_record_id_1)s::INTEGER 
 LIMIT %(param_1)s::INTEGER
2026-08-01 12:20:42,761 INFO sqlalchemy.engine.Engine [cached since 46.77s ago] {'altegio_record_id_1': 646007169, 'param_1': 1}
2026-08-01 12:20:42,763 INFO sqlalchemy.engine.Engine SELECT revenue_client_visits.id AS revenue_client_visits_id, revenue_client_visits.revenue_client_id AS revenue_client_visits_revenue_client_id, revenue_client_visits.altegio_record_id AS revenue_client_visits_altegio_record_id, revenue_client_visits.last_visit_date AS revenue_client_visits_last_visit_date, revenue_client_visits.previous_visit_date AS revenue_client_visits_previous_visit_date, revenue_client_visits.services AS revenue_client_visits_services, revenue_client_visits.master AS revenue_client_visits_master, revenue_client_visits.amount AS revenue_client_visits_amount, revenue_client_visits.visit_status AS revenue_client_visits_visit_status, revenue_client_visits.raw_data AS revenue_client_visits_raw_data, revenue_client_visits.created_at AS revenue_client_visits_created_at, revenue_client_visits.updated_at AS revenue_client_visits_updated_at 
FROM revenue_client_visits 
WHERE revenue_client_visits.altegio_record_id = %(altegio_record_id_1)s::INTEGER 
 LIMIT %(param_1)s::INTEGER
2026-08-01 12:20:42,763 INFO sqlalchemy.engine.Engine [cached since 46.77s ago] {'altegio_record_id_1': 640707582, 'param_1': 1}
2026-08-01 12:20:42,765 INFO sqlalchemy.engine.Engine SELECT revenue_client_visits.id AS revenue_client_visits_id, revenue_client_visits.revenue_client_id AS revenue_client_visits_revenue_client_id, revenue_client_visits.altegio_record_id AS revenue_client_visits_altegio_record_id, revenue_client_visits.last_visit_date AS revenue_client_visits_last_visit_date, revenue_client_visits.previous_visit_date AS revenue_client_visits_previous_visit_date, revenue_client_visits.services AS revenue_client_visits_services, revenue_client_visits.master AS revenue_client_visits_master, revenue_client_visits.amount AS revenue_client_visits_amount, revenue_client_visits.visit_status AS revenue_client_visits_visit_status, revenue_client_visits.raw_data AS revenue_client_visits_raw_data, revenue_client_visits.created_at AS revenue_client_visits_created_at, revenue_client_visits.updated_at AS revenue_client_visits_updated_at 
FROM revenue_client_visits 
WHERE revenue_client_visits.revenue_client_id = %(revenue_client_id_1)s::INTEGER ORDER BY revenue_client_visits.last_visit_date ASC, revenue_client_visits.id ASC
2026-08-01 12:20:42,765 INFO sqlalchemy.engine.Engine [cached since 46.76s ago] {'revenue_client_id_1': 257}
2026-08-01 12:20:42,987 INFO sqlalchemy.engine.Engine SELECT revenue_client_visits.id AS revenue_client_visits_id, revenue_client_visits.revenue_client_id AS revenue_client_visits_revenue_client_id, revenue_client_visits.altegio_record_id AS revenue_client_visits_altegio_record_id, revenue_client_visits.last_visit_date AS revenue_client_visits_last_visit_date, revenue_client_visits.previous_visit_date AS revenue_client_visits_previous_visit_date, revenue_client_visits.services AS revenue_client_visits_services, revenue_client_visits.master AS revenue_client_visits_master, revenue_client_visits.amount AS revenue_client_visits_amount, revenue_client_visits.visit_status AS revenue_client_visits_visit_status, revenue_client_visits.raw_data AS revenue_client_visits_raw_data, revenue_client_visits.created_at AS revenue_client_visits_created_at, revenue_client_visits.updated_at AS revenue_client_visits_updated_at 
FROM revenue_client_visits 
WHERE revenue_client_visits.altegio_record_id = %(altegio_record_id_1)s::INTEGER 
 LIMIT %(param_1)s::INTEGER
2026-08-01 12:20:42,987 INFO sqlalchemy.engine.Engine [cached since 47s ago] {'altegio_record_id_1': 644954881, 'param_1': 1}
2026-08-01 12:20:42,989 INFO sqlalchemy.engine.Engine SELECT revenue_client_visits.id AS revenue_client_visits_id, revenue_client_visits.revenue_client_id AS revenue_client_visits_revenue_client_id, revenue_client_visits.altegio_record_id AS revenue_client_visits_altegio_record_id, revenue_client_visits.last_visit_date AS revenue_client_visits_last_visit_date, revenue_client_visits.previous_visit_date AS revenue_client_visits_previous_visit_date, revenue_client_visits.services AS revenue_client_visits_services, revenue_client_visits.master AS revenue_client_visits_master, revenue_client_visits.amount AS revenue_client_visits_amount, revenue_client_visits.visit_status AS revenue_client_visits_visit_status, revenue_client_visits.raw_data AS revenue_client_visits_raw_data, revenue_client_visits.created_at AS revenue_client_visits_created_at, revenue_client_visits.updated_at AS revenue_client_visits_updated_at 
FROM revenue_client_visits 
WHERE revenue_client_visits.revenue_client_id = %(revenue_client_id_1)s::INTEGER ORDER BY revenue_client_visits.last_visit_date ASC, revenue_client_visits.id ASC
2026-08-01 12:20:42,989 INFO sqlalchemy.engine.Engine [cached since 46.99s ago] {'revenue_client_id_1': 278}
2026-08-01 12:20:43,177 INFO sqlalchemy.engine.Engine SELECT revenue_client_visits.id AS revenue_client_visits_id, revenue_client_visits.revenue_client_id AS revenue_client_visits_revenue_client_id, revenue_client_visits.altegio_record_id AS revenue_client_visits_altegio_record_id, revenue_client_visits.last_visit_date AS revenue_client_visits_last_visit_date, revenue_client_visits.previous_visit_date AS revenue_client_visits_previous_visit_date, revenue_client_visits.services AS revenue_client_visits_services, revenue_client_visits.master AS revenue_client_visits_master, revenue_client_visits.amount AS revenue_client_visits_amount, revenue_client_visits.visit_status AS revenue_client_visits_visit_status, revenue_client_visits.raw_data AS revenue_client_visits_raw_data, revenue_client_visits.created_at AS revenue_client_visits_created_at, revenue_client_visits.updated_at AS revenue_client_visits_updated_at 
FROM revenue_client_visits 
WHERE revenue_client_visits.altegio_record_id = %(altegio_record_id_1)s::INTEGER 
 LIMIT %(param_1)s::INTEGER
2026-08-01 12:20:43,177 INFO sqlalchemy.engine.Engine [cached since 47.19s ago] {'altegio_record_id_1': 640737043, 'param_1': 1}
2026-08-01 12:20:43,178 INFO sqlalchemy.engine.Engine SELECT revenue_client_visits.id AS revenue_client_visits_id, revenue_client_visits.revenue_client_id AS revenue_client_visits_revenue_client_id, revenue_client_visits.altegio_record_id AS revenue_client_visits_altegio_record_id, revenue_client_visits.last_visit_date AS revenue_client_visits_last_visit_date, revenue_client_visits.previous_visit_date AS revenue_client_visits_previous_visit_date, revenue_client_visits.services AS revenue_client_visits_services, revenue_client_visits.master AS revenue_client_visits_master, revenue_client_visits.amount AS revenue_client_visits_amount, revenue_client_visits.visit_status AS revenue_client_visits_visit_status, revenue_client_visits.raw_data AS revenue_client_visits_raw_data, revenue_client_visits.created_at AS revenue_client_visits_created_at, revenue_client_visits.updated_at AS revenue_client_visits_updated_at 
FROM revenue_client_visits 
WHERE revenue_client_visits.revenue_client_id = %(revenue_client_id_1)s::INTEGER ORDER BY revenue_client_visits.last_visit_date ASC, revenue_client_visits.id ASC
2026-08-01 12:20:43,178 INFO sqlalchemy.engine.Engine [cached since 47.18s ago] {'revenue_client_id_1': 258}
2026-08-01 12:20:43,651 INFO sqlalchemy.engine.Engine SELECT revenue_client_visits.id AS revenue_client_visits_id, revenue_client_visits.revenue_client_id AS revenue_client_visits_revenue_client_id, revenue_client_visits.altegio_record_id AS revenue_client_visits_altegio_record_id, revenue_client_visits.last_visit_date AS revenue_client_visits_last_visit_date, revenue_client_visits.previous_visit_date AS revenue_client_visits_previous_visit_date, revenue_client_visits.services AS revenue_client_visits_services, revenue_client_visits.master AS revenue_client_visits_master, revenue_client_visits.amount AS revenue_client_visits_amount, revenue_client_visits.visit_status AS revenue_client_visits_visit_status, revenue_client_visits.raw_data AS revenue_client_visits_raw_data, revenue_client_visits.created_at AS revenue_client_visits_created_at, revenue_client_visits.updated_at AS revenue_client_visits_updated_at 
FROM revenue_client_visits 
WHERE revenue_client_visits.altegio_record_id = %(altegio_record_id_1)s::INTEGER 
 LIMIT %(param_1)s::INTEGER
2026-08-01 12:20:43,651 INFO sqlalchemy.engine.Engine [cached since 47.66s ago] {'altegio_record_id_1': 640994874, 'param_1': 1}
2026-08-01 12:20:43,652 INFO sqlalchemy.engine.Engine SELECT revenue_client_visits.id AS revenue_client_visits_id, revenue_client_visits.revenue_client_id AS revenue_client_visits_revenue_client_id, revenue_client_visits.altegio_record_id AS revenue_client_visits_altegio_record_id, revenue_client_visits.last_visit_date AS revenue_client_visits_last_visit_date, revenue_client_visits.previous_visit_date AS revenue_client_visits_previous_visit_date, revenue_client_visits.services AS revenue_client_visits_services, revenue_client_visits.master AS revenue_client_visits_master, revenue_client_visits.amount AS revenue_client_visits_amount, revenue_client_visits.visit_status AS revenue_client_visits_visit_status, revenue_client_visits.raw_data AS revenue_client_visits_raw_data, revenue_client_visits.created_at AS revenue_client_visits_created_at, revenue_client_visits.updated_at AS revenue_client_visits_updated_at 
FROM revenue_client_visits 
WHERE revenue_client_visits.revenue_client_id = %(revenue_client_id_1)s::INTEGER ORDER BY revenue_client_visits.last_visit_date ASC, revenue_client_visits.id ASC
2026-08-01 12:20:43,653 INFO sqlalchemy.engine.Engine [cached since 47.65s ago] {'revenue_client_id_1': 261}
2026-08-01 12:20:43,858 INFO sqlalchemy.engine.Engine SELECT revenue_client_visits.id AS revenue_client_visits_id, revenue_client_visits.revenue_client_id AS revenue_client_visits_revenue_client_id, revenue_client_visits.altegio_record_id AS revenue_client_visits_altegio_record_id, revenue_client_visits.last_visit_date AS revenue_client_visits_last_visit_date, revenue_client_visits.previous_visit_date AS revenue_client_visits_previous_visit_date, revenue_client_visits.services AS revenue_client_visits_services, revenue_client_visits.master AS revenue_client_visits_master, revenue_client_visits.amount AS revenue_client_visits_amount, revenue_client_visits.visit_status AS revenue_client_visits_visit_status, revenue_client_visits.raw_data AS revenue_client_visits_raw_data, revenue_client_visits.created_at AS revenue_client_visits_created_at, revenue_client_visits.updated_at AS revenue_client_visits_updated_at 
FROM revenue_client_visits 
WHERE revenue_client_visits.altegio_record_id = %(altegio_record_id_1)s::INTEGER 
 LIMIT %(param_1)s::INTEGER
2026-08-01 12:20:43,858 INFO sqlalchemy.engine.Engine [cached since 47.87s ago] {'altegio_record_id_1': 641272614, 'param_1': 1}
2026-08-01 12:20:43,860 INFO sqlalchemy.engine.Engine SELECT revenue_client_visits.id AS revenue_client_visits_id, revenue_client_visits.revenue_client_id AS revenue_client_visits_revenue_client_id, revenue_client_visits.altegio_record_id AS revenue_client_visits_altegio_record_id, revenue_client_visits.last_visit_date AS revenue_client_visits_last_visit_date, revenue_client_visits.previous_visit_date AS revenue_client_visits_previous_visit_date, revenue_client_visits.services AS revenue_client_visits_services, revenue_client_visits.master AS revenue_client_visits_master, revenue_client_visits.amount AS revenue_client_visits_amount, revenue_client_visits.visit_status AS revenue_client_visits_visit_status, revenue_client_visits.raw_data AS revenue_client_visits_raw_data, revenue_client_visits.created_at AS revenue_client_visits_created_at, revenue_client_visits.updated_at AS revenue_client_visits_updated_at 
FROM revenue_client_visits 
WHERE revenue_client_visits.revenue_client_id = %(revenue_client_id_1)s::INTEGER ORDER BY revenue_client_visits.last_visit_date ASC, revenue_client_visits.id ASC
2026-08-01 12:20:43,861 INFO sqlalchemy.engine.Engine [cached since 47.86s ago] {'revenue_client_id_1': 262}
2026-08-01 12:20:44,041 INFO sqlalchemy.engine.Engine SELECT revenue_client_visits.id AS revenue_client_visits_id, revenue_client_visits.revenue_client_id AS revenue_client_visits_revenue_client_id, revenue_client_visits.altegio_record_id AS revenue_client_visits_altegio_record_id, revenue_client_visits.last_visit_date AS revenue_client_visits_last_visit_date, revenue_client_visits.previous_visit_date AS revenue_client_visits_previous_visit_date, revenue_client_visits.services AS revenue_client_visits_services, revenue_client_visits.master AS revenue_client_visits_master, revenue_client_visits.amount AS revenue_client_visits_amount, revenue_client_visits.visit_status AS revenue_client_visits_visit_status, revenue_client_visits.raw_data AS revenue_client_visits_raw_data, revenue_client_visits.created_at AS revenue_client_visits_created_at, revenue_client_visits.updated_at AS revenue_client_visits_updated_at 
FROM revenue_client_visits 
WHERE revenue_client_visits.altegio_record_id = %(altegio_record_id_1)s::INTEGER 
 LIMIT %(param_1)s::INTEGER
2026-08-01 12:20:44,041 INFO sqlalchemy.engine.Engine [cached since 48.05s ago] {'altegio_record_id_1': 645601799, 'param_1': 1}
2026-08-01 12:20:44,042 INFO sqlalchemy.engine.Engine SELECT revenue_client_visits.id AS revenue_client_visits_id, revenue_client_visits.revenue_client_id AS revenue_client_visits_revenue_client_id, revenue_client_visits.altegio_record_id AS revenue_client_visits_altegio_record_id, revenue_client_visits.last_visit_date AS revenue_client_visits_last_visit_date, revenue_client_visits.previous_visit_date AS revenue_client_visits_previous_visit_date, revenue_client_visits.services AS revenue_client_visits_services, revenue_client_visits.master AS revenue_client_visits_master, revenue_client_visits.amount AS revenue_client_visits_amount, revenue_client_visits.visit_status AS revenue_client_visits_visit_status, revenue_client_visits.raw_data AS revenue_client_visits_raw_data, revenue_client_visits.created_at AS revenue_client_visits_created_at, revenue_client_visits.updated_at AS revenue_client_visits_updated_at 
FROM revenue_client_visits 
WHERE revenue_client_visits.altegio_record_id = %(altegio_record_id_1)s::INTEGER 
 LIMIT %(param_1)s::INTEGER
2026-08-01 12:20:44,042 INFO sqlalchemy.engine.Engine [cached since 48.05s ago] {'altegio_record_id_1': 641344317, 'param_1': 1}
2026-08-01 12:20:44,043 INFO sqlalchemy.engine.Engine SELECT revenue_client_visits.id AS revenue_client_visits_id, revenue_client_visits.revenue_client_id AS revenue_client_visits_revenue_client_id, revenue_client_visits.altegio_record_id AS revenue_client_visits_altegio_record_id, revenue_client_visits.last_visit_date AS revenue_client_visits_last_visit_date, revenue_client_visits.previous_visit_date AS revenue_client_visits_previous_visit_date, revenue_client_visits.services AS revenue_client_visits_services, revenue_client_visits.master AS revenue_client_visits_master, revenue_client_visits.amount AS revenue_client_visits_amount, revenue_client_visits.visit_status AS revenue_client_visits_visit_status, revenue_client_visits.raw_data AS revenue_client_visits_raw_data, revenue_client_visits.created_at AS revenue_client_visits_created_at, revenue_client_visits.updated_at AS revenue_client_visits_updated_at 
FROM revenue_client_visits 
WHERE revenue_client_visits.revenue_client_id = %(revenue_client_id_1)s::INTEGER ORDER BY revenue_client_visits.last_visit_date ASC, revenue_client_visits.id ASC
2026-08-01 12:20:44,043 INFO sqlalchemy.engine.Engine [cached since 48.04s ago] {'revenue_client_id_1': 263}
2026-08-01 12:20:44,222 INFO sqlalchemy.engine.Engine SELECT revenue_client_visits.id AS revenue_client_visits_id, revenue_client_visits.revenue_client_id AS revenue_client_visits_revenue_client_id, revenue_client_visits.altegio_record_id AS revenue_client_visits_altegio_record_id, revenue_client_visits.last_visit_date AS revenue_client_visits_last_visit_date, revenue_client_visits.previous_visit_date AS revenue_client_visits_previous_visit_date, revenue_client_visits.services AS revenue_client_visits_services, revenue_client_visits.master AS revenue_client_visits_master, revenue_client_visits.amount AS revenue_client_visits_amount, revenue_client_visits.visit_status AS revenue_client_visits_visit_status, revenue_client_visits.raw_data AS revenue_client_visits_raw_data, revenue_client_visits.created_at AS revenue_client_visits_created_at, revenue_client_visits.updated_at AS revenue_client_visits_updated_at 
FROM revenue_client_visits 
WHERE revenue_client_visits.altegio_record_id = %(altegio_record_id_1)s::INTEGER 
 LIMIT %(param_1)s::INTEGER
2026-08-01 12:20:44,223 INFO sqlalchemy.engine.Engine [cached since 48.23s ago] {'altegio_record_id_1': 656704286, 'param_1': 1}
2026-08-01 12:20:44,224 INFO sqlalchemy.engine.Engine SELECT revenue_client_visits.id AS revenue_client_visits_id, revenue_client_visits.revenue_client_id AS revenue_client_visits_revenue_client_id, revenue_client_visits.altegio_record_id AS revenue_client_visits_altegio_record_id, revenue_client_visits.last_visit_date AS revenue_client_visits_last_visit_date, revenue_client_visits.previous_visit_date AS revenue_client_visits_previous_visit_date, revenue_client_visits.services AS revenue_client_visits_services, revenue_client_visits.master AS revenue_client_visits_master, revenue_client_visits.amount AS revenue_client_visits_amount, revenue_client_visits.visit_status AS revenue_client_visits_visit_status, revenue_client_visits.raw_data AS revenue_client_visits_raw_data, revenue_client_visits.created_at AS revenue_client_visits_created_at, revenue_client_visits.updated_at AS revenue_client_visits_updated_at 
FROM revenue_client_visits 
WHERE revenue_client_visits.altegio_record_id = %(altegio_record_id_1)s::INTEGER 
 LIMIT %(param_1)s::INTEGER
2026-08-01 12:20:44,224 INFO sqlalchemy.engine.Engine [cached since 48.23s ago] {'altegio_record_id_1': 641580279, 'param_1': 1}
2026-08-01 12:20:44,225 INFO sqlalchemy.engine.Engine SELECT revenue_client_visits.id AS revenue_client_visits_id, revenue_client_visits.revenue_client_id AS revenue_client_visits_revenue_client_id, revenue_client_visits.altegio_record_id AS revenue_client_visits_altegio_record_id, revenue_client_visits.last_visit_date AS revenue_client_visits_last_visit_date, revenue_client_visits.previous_visit_date AS revenue_client_visits_previous_visit_date, revenue_client_visits.services AS revenue_client_visits_services, revenue_client_visits.master AS revenue_client_visits_master, revenue_client_visits.amount AS revenue_client_visits_amount, revenue_client_visits.visit_status AS revenue_client_visits_visit_status, revenue_client_visits.raw_data AS revenue_client_visits_raw_data, revenue_client_visits.created_at AS revenue_client_visits_created_at, revenue_client_visits.updated_at AS revenue_client_visits_updated_at 
FROM revenue_client_visits 
WHERE revenue_client_visits.revenue_client_id = %(revenue_client_id_1)s::INTEGER ORDER BY revenue_client_visits.last_visit_date ASC, revenue_client_visits.id ASC
2026-08-01 12:20:44,225 INFO sqlalchemy.engine.Engine [cached since 48.22s ago] {'revenue_client_id_1': 264}
2026-08-01 12:20:44,383 INFO sqlalchemy.engine.Engine SELECT revenue_client_visits.id AS revenue_client_visits_id, revenue_client_visits.revenue_client_id AS revenue_client_visits_revenue_client_id, revenue_client_visits.altegio_record_id AS revenue_client_visits_altegio_record_id, revenue_client_visits.last_visit_date AS revenue_client_visits_last_visit_date, revenue_client_visits.previous_visit_date AS revenue_client_visits_previous_visit_date, revenue_client_visits.services AS revenue_client_visits_services, revenue_client_visits.master AS revenue_client_visits_master, revenue_client_visits.amount AS revenue_client_visits_amount, revenue_client_visits.visit_status AS revenue_client_visits_visit_status, revenue_client_visits.raw_data AS revenue_client_visits_raw_data, revenue_client_visits.created_at AS revenue_client_visits_created_at, revenue_client_visits.updated_at AS revenue_client_visits_updated_at 
FROM revenue_client_visits 
WHERE revenue_client_visits.altegio_record_id = %(altegio_record_id_1)s::INTEGER 
 LIMIT %(param_1)s::INTEGER
2026-08-01 12:20:44,383 INFO sqlalchemy.engine.Engine [cached since 48.39s ago] {'altegio_record_id_1': 641842716, 'param_1': 1}
2026-08-01 12:20:44,385 INFO sqlalchemy.engine.Engine SELECT revenue_client_visits.id AS revenue_client_visits_id, revenue_client_visits.revenue_client_id AS revenue_client_visits_revenue_client_id, revenue_client_visits.altegio_record_id AS revenue_client_visits_altegio_record_id, revenue_client_visits.last_visit_date AS revenue_client_visits_last_visit_date, revenue_client_visits.previous_visit_date AS revenue_client_visits_previous_visit_date, revenue_client_visits.services AS revenue_client_visits_services, revenue_client_visits.master AS revenue_client_visits_master, revenue_client_visits.amount AS revenue_client_visits_amount, revenue_client_visits.visit_status AS revenue_client_visits_visit_status, revenue_client_visits.raw_data AS revenue_client_visits_raw_data, revenue_client_visits.created_at AS revenue_client_visits_created_at, revenue_client_visits.updated_at AS revenue_client_visits_updated_at 
FROM revenue_client_visits 
WHERE revenue_client_visits.altegio_record_id = %(altegio_record_id_1)s::INTEGER 
 LIMIT %(param_1)s::INTEGER
2026-08-01 12:20:44,385 INFO sqlalchemy.engine.Engine [cached since 48.39s ago] {'altegio_record_id_1': 641610937, 'param_1': 1}
2026-08-01 12:20:44,385 INFO sqlalchemy.engine.Engine SELECT revenue_client_visits.id AS revenue_client_visits_id, revenue_client_visits.revenue_client_id AS revenue_client_visits_revenue_client_id, revenue_client_visits.altegio_record_id AS revenue_client_visits_altegio_record_id, revenue_client_visits.last_visit_date AS revenue_client_visits_last_visit_date, revenue_client_visits.previous_visit_date AS revenue_client_visits_previous_visit_date, revenue_client_visits.services AS revenue_client_visits_services, revenue_client_visits.master AS revenue_client_visits_master, revenue_client_visits.amount AS revenue_client_visits_amount, revenue_client_visits.visit_status AS revenue_client_visits_visit_status, revenue_client_visits.raw_data AS revenue_client_visits_raw_data, revenue_client_visits.created_at AS revenue_client_visits_created_at, revenue_client_visits.updated_at AS revenue_client_visits_updated_at 
FROM revenue_client_visits 
WHERE revenue_client_visits.revenue_client_id = %(revenue_client_id_1)s::INTEGER ORDER BY revenue_client_visits.last_visit_date ASC, revenue_client_visits.id ASC
2026-08-01 12:20:44,386 INFO sqlalchemy.engine.Engine [cached since 48.39s ago] {'revenue_client_id_1': 265}
2026-08-01 12:20:44,571 INFO sqlalchemy.engine.Engine SELECT revenue_client_visits.id AS revenue_client_visits_id, revenue_client_visits.revenue_client_id AS revenue_client_visits_revenue_client_id, revenue_client_visits.altegio_record_id AS revenue_client_visits_altegio_record_id, revenue_client_visits.last_visit_date AS revenue_client_visits_last_visit_date, revenue_client_visits.previous_visit_date AS revenue_client_visits_previous_visit_date, revenue_client_visits.services AS revenue_client_visits_services, revenue_client_visits.master AS revenue_client_visits_master, revenue_client_visits.amount AS revenue_client_visits_amount, revenue_client_visits.visit_status AS revenue_client_visits_visit_status, revenue_client_visits.raw_data AS revenue_client_visits_raw_data, revenue_client_visits.created_at AS revenue_client_visits_created_at, revenue_client_visits.updated_at AS revenue_client_visits_updated_at 
FROM revenue_client_visits 
WHERE revenue_client_visits.altegio_record_id = %(altegio_record_id_1)s::INTEGER 
 LIMIT %(param_1)s::INTEGER
2026-08-01 12:20:44,572 INFO sqlalchemy.engine.Engine [cached since 48.58s ago] {'altegio_record_id_1': 643310608, 'param_1': 1}
2026-08-01 12:20:44,573 INFO sqlalchemy.engine.Engine SELECT revenue_client_visits.id AS revenue_client_visits_id, revenue_client_visits.revenue_client_id AS revenue_client_visits_revenue_client_id, revenue_client_visits.altegio_record_id AS revenue_client_visits_altegio_record_id, revenue_client_visits.last_visit_date AS revenue_client_visits_last_visit_date, revenue_client_visits.previous_visit_date AS revenue_client_visits_previous_visit_date, revenue_client_visits.services AS revenue_client_visits_services, revenue_client_visits.master AS revenue_client_visits_master, revenue_client_visits.amount AS revenue_client_visits_amount, revenue_client_visits.visit_status AS revenue_client_visits_visit_status, revenue_client_visits.raw_data AS revenue_client_visits_raw_data, revenue_client_visits.created_at AS revenue_client_visits_created_at, revenue_client_visits.updated_at AS revenue_client_visits_updated_at 
FROM revenue_client_visits 
WHERE revenue_client_visits.altegio_record_id = %(altegio_record_id_1)s::INTEGER 
 LIMIT %(param_1)s::INTEGER
2026-08-01 12:20:44,573 INFO sqlalchemy.engine.Engine [cached since 48.58s ago] {'altegio_record_id_1': 641807279, 'param_1': 1}
2026-08-01 12:20:44,574 INFO sqlalchemy.engine.Engine SELECT revenue_client_visits.id AS revenue_client_visits_id, revenue_client_visits.revenue_client_id AS revenue_client_visits_revenue_client_id, revenue_client_visits.altegio_record_id AS revenue_client_visits_altegio_record_id, revenue_client_visits.last_visit_date AS revenue_client_visits_last_visit_date, revenue_client_visits.previous_visit_date AS revenue_client_visits_previous_visit_date, revenue_client_visits.services AS revenue_client_visits_services, revenue_client_visits.master AS revenue_client_visits_master, revenue_client_visits.amount AS revenue_client_visits_amount, revenue_client_visits.visit_status AS revenue_client_visits_visit_status, revenue_client_visits.raw_data AS revenue_client_visits_raw_data, revenue_client_visits.created_at AS revenue_client_visits_created_at, revenue_client_visits.updated_at AS revenue_client_visits_updated_at 
FROM revenue_client_visits 
WHERE revenue_client_visits.revenue_client_id = %(revenue_client_id_1)s::INTEGER ORDER BY revenue_client_visits.last_visit_date ASC, revenue_client_visits.id ASC
2026-08-01 12:20:44,574 INFO sqlalchemy.engine.Engine [cached since 48.57s ago] {'revenue_client_id_1': 266}
2026-08-01 12:20:44,763 INFO sqlalchemy.engine.Engine SELECT revenue_client_visits.id AS revenue_client_visits_id, revenue_client_visits.revenue_client_id AS revenue_client_visits_revenue_client_id, revenue_client_visits.altegio_record_id AS revenue_client_visits_altegio_record_id, revenue_client_visits.last_visit_date AS revenue_client_visits_last_visit_date, revenue_client_visits.previous_visit_date AS revenue_client_visits_previous_visit_date, revenue_client_visits.services AS revenue_client_visits_services, revenue_client_visits.master AS revenue_client_visits_master, revenue_client_visits.amount AS revenue_client_visits_amount, revenue_client_visits.visit_status AS revenue_client_visits_visit_status, revenue_client_visits.raw_data AS revenue_client_visits_raw_data, revenue_client_visits.created_at AS revenue_client_visits_created_at, revenue_client_visits.updated_at AS revenue_client_visits_updated_at 
FROM revenue_client_visits 
WHERE revenue_client_visits.altegio_record_id = %(altegio_record_id_1)s::INTEGER 
 LIMIT %(param_1)s::INTEGER
2026-08-01 12:20:44,763 INFO sqlalchemy.engine.Engine [cached since 48.77s ago] {'altegio_record_id_1': 643317746, 'param_1': 1}
2026-08-01 12:20:44,764 INFO sqlalchemy.engine.Engine SELECT revenue_client_visits.id AS revenue_client_visits_id, revenue_client_visits.revenue_client_id AS revenue_client_visits_revenue_client_id, revenue_client_visits.altegio_record_id AS revenue_client_visits_altegio_record_id, revenue_client_visits.last_visit_date AS revenue_client_visits_last_visit_date, revenue_client_visits.previous_visit_date AS revenue_client_visits_previous_visit_date, revenue_client_visits.services AS revenue_client_visits_services, revenue_client_visits.master AS revenue_client_visits_master, revenue_client_visits.amount AS revenue_client_visits_amount, revenue_client_visits.visit_status AS revenue_client_visits_visit_status, revenue_client_visits.raw_data AS revenue_client_visits_raw_data, revenue_client_visits.created_at AS revenue_client_visits_created_at, revenue_client_visits.updated_at AS revenue_client_visits_updated_at 
FROM revenue_client_visits 
WHERE revenue_client_visits.altegio_record_id = %(altegio_record_id_1)s::INTEGER 
 LIMIT %(param_1)s::INTEGER
2026-08-01 12:20:44,765 INFO sqlalchemy.engine.Engine [cached since 48.77s ago] {'altegio_record_id_1': 641878625, 'param_1': 1}
2026-08-01 12:20:44,766 INFO sqlalchemy.engine.Engine SELECT revenue_client_visits.id AS revenue_client_visits_id, revenue_client_visits.revenue_client_id AS revenue_client_visits_revenue_client_id, revenue_client_visits.altegio_record_id AS revenue_client_visits_altegio_record_id, revenue_client_visits.last_visit_date AS revenue_client_visits_last_visit_date, revenue_client_visits.previous_visit_date AS revenue_client_visits_previous_visit_date, revenue_client_visits.services AS revenue_client_visits_services, revenue_client_visits.master AS revenue_client_visits_master, revenue_client_visits.amount AS revenue_client_visits_amount, revenue_client_visits.visit_status AS revenue_client_visits_visit_status, revenue_client_visits.raw_data AS revenue_client_visits_raw_data, revenue_client_visits.created_at AS revenue_client_visits_created_at, revenue_client_visits.updated_at AS revenue_client_visits_updated_at 
FROM revenue_client_visits 
WHERE revenue_client_visits.revenue_client_id = %(revenue_client_id_1)s::INTEGER ORDER BY revenue_client_visits.last_visit_date ASC, revenue_client_visits.id ASC
2026-08-01 12:20:44,766 INFO sqlalchemy.engine.Engine [cached since 48.77s ago] {'revenue_client_id_1': 267}
2026-08-01 12:20:44,942 INFO sqlalchemy.engine.Engine SELECT revenue_client_visits.id AS revenue_client_visits_id, revenue_client_visits.revenue_client_id AS revenue_client_visits_revenue_client_id, revenue_client_visits.altegio_record_id AS revenue_client_visits_altegio_record_id, revenue_client_visits.last_visit_date AS revenue_client_visits_last_visit_date, revenue_client_visits.previous_visit_date AS revenue_client_visits_previous_visit_date, revenue_client_visits.services AS revenue_client_visits_services, revenue_client_visits.master AS revenue_client_visits_master, revenue_client_visits.amount AS revenue_client_visits_amount, revenue_client_visits.visit_status AS revenue_client_visits_visit_status, revenue_client_visits.raw_data AS revenue_client_visits_raw_data, revenue_client_visits.created_at AS revenue_client_visits_created_at, revenue_client_visits.updated_at AS revenue_client_visits_updated_at 
FROM revenue_client_visits 
WHERE revenue_client_visits.altegio_record_id = %(altegio_record_id_1)s::INTEGER 
 LIMIT %(param_1)s::INTEGER
2026-08-01 12:20:44,942 INFO sqlalchemy.engine.Engine [cached since 48.95s ago] {'altegio_record_id_1': 655475083, 'param_1': 1}
2026-08-01 12:20:44,943 INFO sqlalchemy.engine.Engine SELECT revenue_client_visits.id AS revenue_client_visits_id, revenue_client_visits.revenue_client_id AS revenue_client_visits_revenue_client_id, revenue_client_visits.altegio_record_id AS revenue_client_visits_altegio_record_id, revenue_client_visits.last_visit_date AS revenue_client_visits_last_visit_date, revenue_client_visits.previous_visit_date AS revenue_client_visits_previous_visit_date, revenue_client_visits.services AS revenue_client_visits_services, revenue_client_visits.master AS revenue_client_visits_master, revenue_client_visits.amount AS revenue_client_visits_amount, revenue_client_visits.visit_status AS revenue_client_visits_visit_status, revenue_client_visits.raw_data AS revenue_client_visits_raw_data, revenue_client_visits.created_at AS revenue_client_visits_created_at, revenue_client_visits.updated_at AS revenue_client_visits_updated_at 
FROM revenue_client_visits 
WHERE revenue_client_visits.altegio_record_id = %(altegio_record_id_1)s::INTEGER 
 LIMIT %(param_1)s::INTEGER
2026-08-01 12:20:44,943 INFO sqlalchemy.engine.Engine [cached since 48.95s ago] {'altegio_record_id_1': 644956362, 'param_1': 1}
2026-08-01 12:20:44,944 INFO sqlalchemy.engine.Engine SELECT revenue_client_visits.id AS revenue_client_visits_id, revenue_client_visits.revenue_client_id AS revenue_client_visits_revenue_client_id, revenue_client_visits.altegio_record_id AS revenue_client_visits_altegio_record_id, revenue_client_visits.last_visit_date AS revenue_client_visits_last_visit_date, revenue_client_visits.previous_visit_date AS revenue_client_visits_previous_visit_date, revenue_client_visits.services AS revenue_client_visits_services, revenue_client_visits.master AS revenue_client_visits_master, revenue_client_visits.amount AS revenue_client_visits_amount, revenue_client_visits.visit_status AS revenue_client_visits_visit_status, revenue_client_visits.raw_data AS revenue_client_visits_raw_data, revenue_client_visits.created_at AS revenue_client_visits_created_at, revenue_client_visits.updated_at AS revenue_client_visits_updated_at 
FROM revenue_client_visits 
WHERE revenue_client_visits.revenue_client_id = %(revenue_client_id_1)s::INTEGER ORDER BY revenue_client_visits.last_visit_date ASC, revenue_client_visits.id ASC
2026-08-01 12:20:44,944 INFO sqlalchemy.engine.Engine [cached since 48.94s ago] {'revenue_client_id_1': 279}
2026-08-01 12:20:45,132 INFO sqlalchemy.engine.Engine SELECT revenue_client_visits.id AS revenue_client_visits_id, revenue_client_visits.revenue_client_id AS revenue_client_visits_revenue_client_id, revenue_client_visits.altegio_record_id AS revenue_client_visits_altegio_record_id, revenue_client_visits.last_visit_date AS revenue_client_visits_last_visit_date, revenue_client_visits.previous_visit_date AS revenue_client_visits_previous_visit_date, revenue_client_visits.services AS revenue_client_visits_services, revenue_client_visits.master AS revenue_client_visits_master, revenue_client_visits.amount AS revenue_client_visits_amount, revenue_client_visits.visit_status AS revenue_client_visits_visit_status, revenue_client_visits.raw_data AS revenue_client_visits_raw_data, revenue_client_visits.created_at AS revenue_client_visits_created_at, revenue_client_visits.updated_at AS revenue_client_visits_updated_at 
FROM revenue_client_visits 
WHERE revenue_client_visits.altegio_record_id = %(altegio_record_id_1)s::INTEGER 
 LIMIT %(param_1)s::INTEGER
2026-08-01 12:20:45,132 INFO sqlalchemy.engine.Engine [cached since 49.14s ago] {'altegio_record_id_1': 653966760, 'param_1': 1}
2026-08-01 12:20:45,135 INFO sqlalchemy.engine.Engine SELECT revenue_client_visits.id AS revenue_client_visits_id, revenue_client_visits.revenue_client_id AS revenue_client_visits_revenue_client_id, revenue_client_visits.altegio_record_id AS revenue_client_visits_altegio_record_id, revenue_client_visits.last_visit_date AS revenue_client_visits_last_visit_date, revenue_client_visits.previous_visit_date AS revenue_client_visits_previous_visit_date, revenue_client_visits.services AS revenue_client_visits_services, revenue_client_visits.master AS revenue_client_visits_master, revenue_client_visits.amount AS revenue_client_visits_amount, revenue_client_visits.visit_status AS revenue_client_visits_visit_status, revenue_client_visits.raw_data AS revenue_client_visits_raw_data, revenue_client_visits.created_at AS revenue_client_visits_created_at, revenue_client_visits.updated_at AS revenue_client_visits_updated_at 
FROM revenue_client_visits 
WHERE revenue_client_visits.altegio_record_id = %(altegio_record_id_1)s::INTEGER 
 LIMIT %(param_1)s::INTEGER
2026-08-01 12:20:45,135 INFO sqlalchemy.engine.Engine [cached since 49.14s ago] {'altegio_record_id_1': 642818094, 'param_1': 1}
2026-08-01 12:20:45,136 INFO sqlalchemy.engine.Engine SELECT revenue_client_visits.id AS revenue_client_visits_id, revenue_client_visits.revenue_client_id AS revenue_client_visits_revenue_client_id, revenue_client_visits.altegio_record_id AS revenue_client_visits_altegio_record_id, revenue_client_visits.last_visit_date AS revenue_client_visits_last_visit_date, revenue_client_visits.previous_visit_date AS revenue_client_visits_previous_visit_date, revenue_client_visits.services AS revenue_client_visits_services, revenue_client_visits.master AS revenue_client_visits_master, revenue_client_visits.amount AS revenue_client_visits_amount, revenue_client_visits.visit_status AS revenue_client_visits_visit_status, revenue_client_visits.raw_data AS revenue_client_visits_raw_data, revenue_client_visits.created_at AS revenue_client_visits_created_at, revenue_client_visits.updated_at AS revenue_client_visits_updated_at 
FROM revenue_client_visits 
WHERE revenue_client_visits.altegio_record_id = %(altegio_record_id_1)s::INTEGER 
 LIMIT %(param_1)s::INTEGER
2026-08-01 12:20:45,136 INFO sqlalchemy.engine.Engine [cached since 49.15s ago] {'altegio_record_id_1': 641919997, 'param_1': 1}
2026-08-01 12:20:45,137 INFO sqlalchemy.engine.Engine SELECT revenue_client_visits.id AS revenue_client_visits_id, revenue_client_visits.revenue_client_id AS revenue_client_visits_revenue_client_id, revenue_client_visits.altegio_record_id AS revenue_client_visits_altegio_record_id, revenue_client_visits.last_visit_date AS revenue_client_visits_last_visit_date, revenue_client_visits.previous_visit_date AS revenue_client_visits_previous_visit_date, revenue_client_visits.services AS revenue_client_visits_services, revenue_client_visits.master AS revenue_client_visits_master, revenue_client_visits.amount AS revenue_client_visits_amount, revenue_client_visits.visit_status AS revenue_client_visits_visit_status, revenue_client_visits.raw_data AS revenue_client_visits_raw_data, revenue_client_visits.created_at AS revenue_client_visits_created_at, revenue_client_visits.updated_at AS revenue_client_visits_updated_at 
FROM revenue_client_visits 
WHERE revenue_client_visits.revenue_client_id = %(revenue_client_id_1)s::INTEGER ORDER BY revenue_client_visits.last_visit_date ASC, revenue_client_visits.id ASC
2026-08-01 12:20:45,137 INFO sqlalchemy.engine.Engine [cached since 49.14s ago] {'revenue_client_id_1': 268}
2026-08-01 12:20:45,464 INFO sqlalchemy.engine.Engine SELECT revenue_client_visits.id AS revenue_client_visits_id, revenue_client_visits.revenue_client_id AS revenue_client_visits_revenue_client_id, revenue_client_visits.altegio_record_id AS revenue_client_visits_altegio_record_id, revenue_client_visits.last_visit_date AS revenue_client_visits_last_visit_date, revenue_client_visits.previous_visit_date AS revenue_client_visits_previous_visit_date, revenue_client_visits.services AS revenue_client_visits_services, revenue_client_visits.master AS revenue_client_visits_master, revenue_client_visits.amount AS revenue_client_visits_amount, revenue_client_visits.visit_status AS revenue_client_visits_visit_status, revenue_client_visits.raw_data AS revenue_client_visits_raw_data, revenue_client_visits.created_at AS revenue_client_visits_created_at, revenue_client_visits.updated_at AS revenue_client_visits_updated_at 
FROM revenue_client_visits 
WHERE revenue_client_visits.altegio_record_id = %(altegio_record_id_1)s::INTEGER 
 LIMIT %(param_1)s::INTEGER
2026-08-01 12:20:45,464 INFO sqlalchemy.engine.Engine [cached since 49.47s ago] {'altegio_record_id_1': 652096392, 'param_1': 1}
2026-08-01 12:20:45,466 INFO sqlalchemy.engine.Engine SELECT revenue_client_visits.id AS revenue_client_visits_id, revenue_client_visits.revenue_client_id AS revenue_client_visits_revenue_client_id, revenue_client_visits.altegio_record_id AS revenue_client_visits_altegio_record_id, revenue_client_visits.last_visit_date AS revenue_client_visits_last_visit_date, revenue_client_visits.previous_visit_date AS revenue_client_visits_previous_visit_date, revenue_client_visits.services AS revenue_client_visits_services, revenue_client_visits.master AS revenue_client_visits_master, revenue_client_visits.amount AS revenue_client_visits_amount, revenue_client_visits.visit_status AS revenue_client_visits_visit_status, revenue_client_visits.raw_data AS revenue_client_visits_raw_data, revenue_client_visits.created_at AS revenue_client_visits_created_at, revenue_client_visits.updated_at AS revenue_client_visits_updated_at 
FROM revenue_client_visits 
WHERE revenue_client_visits.altegio_record_id = %(altegio_record_id_1)s::INTEGER 
 LIMIT %(param_1)s::INTEGER
2026-08-01 12:20:45,466 INFO sqlalchemy.engine.Engine [cached since 49.47s ago] {'altegio_record_id_1': 651011106, 'param_1': 1}
2026-08-01 12:20:45,467 INFO sqlalchemy.engine.Engine SELECT revenue_client_visits.id AS revenue_client_visits_id, revenue_client_visits.revenue_client_id AS revenue_client_visits_revenue_client_id, revenue_client_visits.altegio_record_id AS revenue_client_visits_altegio_record_id, revenue_client_visits.last_visit_date AS revenue_client_visits_last_visit_date, revenue_client_visits.previous_visit_date AS revenue_client_visits_previous_visit_date, revenue_client_visits.services AS revenue_client_visits_services, revenue_client_visits.master AS revenue_client_visits_master, revenue_client_visits.amount AS revenue_client_visits_amount, revenue_client_visits.visit_status AS revenue_client_visits_visit_status, revenue_client_visits.raw_data AS revenue_client_visits_raw_data, revenue_client_visits.created_at AS revenue_client_visits_created_at, revenue_client_visits.updated_at AS revenue_client_visits_updated_at 
FROM revenue_client_visits 
WHERE revenue_client_visits.altegio_record_id = %(altegio_record_id_1)s::INTEGER 
 LIMIT %(param_1)s::INTEGER
2026-08-01 12:20:45,467 INFO sqlalchemy.engine.Engine [cached since 49.48s ago] {'altegio_record_id_1': 650060138, 'param_1': 1}
2026-08-01 12:20:45,468 INFO sqlalchemy.engine.Engine SELECT revenue_client_visits.id AS revenue_client_visits_id, revenue_client_visits.revenue_client_id AS revenue_client_visits_revenue_client_id, revenue_client_visits.altegio_record_id AS revenue_client_visits_altegio_record_id, revenue_client_visits.last_visit_date AS revenue_client_visits_last_visit_date, revenue_client_visits.previous_visit_date AS revenue_client_visits_previous_visit_date, revenue_client_visits.services AS revenue_client_visits_services, revenue_client_visits.master AS revenue_client_visits_master, revenue_client_visits.amount AS revenue_client_visits_amount, revenue_client_visits.visit_status AS revenue_client_visits_visit_status, revenue_client_visits.raw_data AS revenue_client_visits_raw_data, revenue_client_visits.created_at AS revenue_client_visits_created_at, revenue_client_visits.updated_at AS revenue_client_visits_updated_at 
FROM revenue_client_visits 
WHERE revenue_client_visits.altegio_record_id = %(altegio_record_id_1)s::INTEGER 
 LIMIT %(param_1)s::INTEGER
2026-08-01 12:20:45,468 INFO sqlalchemy.engine.Engine [cached since 49.48s ago] {'altegio_record_id_1': 649134965, 'param_1': 1}
2026-08-01 12:20:45,469 INFO sqlalchemy.engine.Engine SELECT revenue_client_visits.id AS revenue_client_visits_id, revenue_client_visits.revenue_client_id AS revenue_client_visits_revenue_client_id, revenue_client_visits.altegio_record_id AS revenue_client_visits_altegio_record_id, revenue_client_visits.last_visit_date AS revenue_client_visits_last_visit_date, revenue_client_visits.previous_visit_date AS revenue_client_visits_previous_visit_date, revenue_client_visits.services AS revenue_client_visits_services, revenue_client_visits.master AS revenue_client_visits_master, revenue_client_visits.amount AS revenue_client_visits_amount, revenue_client_visits.visit_status AS revenue_client_visits_visit_status, revenue_client_visits.raw_data AS revenue_client_visits_raw_data, revenue_client_visits.created_at AS revenue_client_visits_created_at, revenue_client_visits.updated_at AS revenue_client_visits_updated_at 
FROM revenue_client_visits 
WHERE revenue_client_visits.altegio_record_id = %(altegio_record_id_1)s::INTEGER 
 LIMIT %(param_1)s::INTEGER
2026-08-01 12:20:45,469 INFO sqlalchemy.engine.Engine [cached since 49.48s ago] {'altegio_record_id_1': 645601888, 'param_1': 1}
2026-08-01 12:20:45,470 INFO sqlalchemy.engine.Engine SELECT revenue_client_visits.id AS revenue_client_visits_id, revenue_client_visits.revenue_client_id AS revenue_client_visits_revenue_client_id, revenue_client_visits.altegio_record_id AS revenue_client_visits_altegio_record_id, revenue_client_visits.last_visit_date AS revenue_client_visits_last_visit_date, revenue_client_visits.previous_visit_date AS revenue_client_visits_previous_visit_date, revenue_client_visits.services AS revenue_client_visits_services, revenue_client_visits.master AS revenue_client_visits_master, revenue_client_visits.amount AS revenue_client_visits_amount, revenue_client_visits.visit_status AS revenue_client_visits_visit_status, revenue_client_visits.raw_data AS revenue_client_visits_raw_data, revenue_client_visits.created_at AS revenue_client_visits_created_at, revenue_client_visits.updated_at AS revenue_client_visits_updated_at 
FROM revenue_client_visits 
WHERE revenue_client_visits.altegio_record_id = %(altegio_record_id_1)s::INTEGER 
 LIMIT %(param_1)s::INTEGER
2026-08-01 12:20:45,470 INFO sqlalchemy.engine.Engine [cached since 49.48s ago] {'altegio_record_id_1': 644784101, 'param_1': 1}
2026-08-01 12:20:45,471 INFO sqlalchemy.engine.Engine SELECT revenue_client_visits.id AS revenue_client_visits_id, revenue_client_visits.revenue_client_id AS revenue_client_visits_revenue_client_id, revenue_client_visits.altegio_record_id AS revenue_client_visits_altegio_record_id, revenue_client_visits.last_visit_date AS revenue_client_visits_last_visit_date, revenue_client_visits.previous_visit_date AS revenue_client_visits_previous_visit_date, revenue_client_visits.services AS revenue_client_visits_services, revenue_client_visits.master AS revenue_client_visits_master, revenue_client_visits.amount AS revenue_client_visits_amount, revenue_client_visits.visit_status AS revenue_client_visits_visit_status, revenue_client_visits.raw_data AS revenue_client_visits_raw_data, revenue_client_visits.created_at AS revenue_client_visits_created_at, revenue_client_visits.updated_at AS revenue_client_visits_updated_at 
FROM revenue_client_visits 
WHERE revenue_client_visits.altegio_record_id = %(altegio_record_id_1)s::INTEGER 
 LIMIT %(param_1)s::INTEGER
2026-08-01 12:20:45,471 INFO sqlalchemy.engine.Engine [cached since 49.48s ago] {'altegio_record_id_1': 643456235, 'param_1': 1}
2026-08-01 12:20:45,472 INFO sqlalchemy.engine.Engine SELECT revenue_client_visits.id AS revenue_client_visits_id, revenue_client_visits.revenue_client_id AS revenue_client_visits_revenue_client_id, revenue_client_visits.altegio_record_id AS revenue_client_visits_altegio_record_id, revenue_client_visits.last_visit_date AS revenue_client_visits_last_visit_date, revenue_client_visits.previous_visit_date AS revenue_client_visits_previous_visit_date, revenue_client_visits.services AS revenue_client_visits_services, revenue_client_visits.master AS revenue_client_visits_master, revenue_client_visits.amount AS revenue_client_visits_amount, revenue_client_visits.visit_status AS revenue_client_visits_visit_status, revenue_client_visits.raw_data AS revenue_client_visits_raw_data, revenue_client_visits.created_at AS revenue_client_visits_created_at, revenue_client_visits.updated_at AS revenue_client_visits_updated_at 
FROM revenue_client_visits 
WHERE revenue_client_visits.altegio_record_id = %(altegio_record_id_1)s::INTEGER 
 LIMIT %(param_1)s::INTEGER
2026-08-01 12:20:45,473 INFO sqlalchemy.engine.Engine [cached since 49.48s ago] {'altegio_record_id_1': 643099306, 'param_1': 1}
2026-08-01 12:20:45,473 INFO sqlalchemy.engine.Engine SELECT revenue_client_visits.id AS revenue_client_visits_id, revenue_client_visits.revenue_client_id AS revenue_client_visits_revenue_client_id, revenue_client_visits.altegio_record_id AS revenue_client_visits_altegio_record_id, revenue_client_visits.last_visit_date AS revenue_client_visits_last_visit_date, revenue_client_visits.previous_visit_date AS revenue_client_visits_previous_visit_date, revenue_client_visits.services AS revenue_client_visits_services, revenue_client_visits.master AS revenue_client_visits_master, revenue_client_visits.amount AS revenue_client_visits_amount, revenue_client_visits.visit_status AS revenue_client_visits_visit_status, revenue_client_visits.raw_data AS revenue_client_visits_raw_data, revenue_client_visits.created_at AS revenue_client_visits_created_at, revenue_client_visits.updated_at AS revenue_client_visits_updated_at 
FROM revenue_client_visits 
WHERE revenue_client_visits.revenue_client_id = %(revenue_client_id_1)s::INTEGER ORDER BY revenue_client_visits.last_visit_date ASC, revenue_client_visits.id ASC
2026-08-01 12:20:45,473 INFO sqlalchemy.engine.Engine [cached since 49.47s ago] {'revenue_client_id_1': 270}
2026-08-01 12:20:45,716 INFO sqlalchemy.engine.Engine SELECT revenue_client_visits.id AS revenue_client_visits_id, revenue_client_visits.revenue_client_id AS revenue_client_visits_revenue_client_id, revenue_client_visits.altegio_record_id AS revenue_client_visits_altegio_record_id, revenue_client_visits.last_visit_date AS revenue_client_visits_last_visit_date, revenue_client_visits.previous_visit_date AS revenue_client_visits_previous_visit_date, revenue_client_visits.services AS revenue_client_visits_services, revenue_client_visits.master AS revenue_client_visits_master, revenue_client_visits.amount AS revenue_client_visits_amount, revenue_client_visits.visit_status AS revenue_client_visits_visit_status, revenue_client_visits.raw_data AS revenue_client_visits_raw_data, revenue_client_visits.created_at AS revenue_client_visits_created_at, revenue_client_visits.updated_at AS revenue_client_visits_updated_at 
FROM revenue_client_visits 
WHERE revenue_client_visits.altegio_record_id = %(altegio_record_id_1)s::INTEGER 
 LIMIT %(param_1)s::INTEGER
2026-08-01 12:20:45,716 INFO sqlalchemy.engine.Engine [cached since 49.72s ago] {'altegio_record_id_1': 661743402, 'param_1': 1}
2026-08-01 12:20:45,717 INFO sqlalchemy.engine.Engine SELECT revenue_client_visits.id AS revenue_client_visits_id, revenue_client_visits.revenue_client_id AS revenue_client_visits_revenue_client_id, revenue_client_visits.altegio_record_id AS revenue_client_visits_altegio_record_id, revenue_client_visits.last_visit_date AS revenue_client_visits_last_visit_date, revenue_client_visits.previous_visit_date AS revenue_client_visits_previous_visit_date, revenue_client_visits.services AS revenue_client_visits_services, revenue_client_visits.master AS revenue_client_visits_master, revenue_client_visits.amount AS revenue_client_visits_amount, revenue_client_visits.visit_status AS revenue_client_visits_visit_status, revenue_client_visits.raw_data AS revenue_client_visits_raw_data, revenue_client_visits.created_at AS revenue_client_visits_created_at, revenue_client_visits.updated_at AS revenue_client_visits_updated_at 
FROM revenue_client_visits 
WHERE revenue_client_visits.altegio_record_id = %(altegio_record_id_1)s::INTEGER 
 LIMIT %(param_1)s::INTEGER
2026-08-01 12:20:45,717 INFO sqlalchemy.engine.Engine [cached since 49.73s ago] {'altegio_record_id_1': 646746834, 'param_1': 1}
2026-08-01 12:20:45,718 INFO sqlalchemy.engine.Engine SELECT revenue_client_visits.id AS revenue_client_visits_id, revenue_client_visits.revenue_client_id AS revenue_client_visits_revenue_client_id, revenue_client_visits.altegio_record_id AS revenue_client_visits_altegio_record_id, revenue_client_visits.last_visit_date AS revenue_client_visits_last_visit_date, revenue_client_visits.previous_visit_date AS revenue_client_visits_previous_visit_date, revenue_client_visits.services AS revenue_client_visits_services, revenue_client_visits.master AS revenue_client_visits_master, revenue_client_visits.amount AS revenue_client_visits_amount, revenue_client_visits.visit_status AS revenue_client_visits_visit_status, revenue_client_visits.raw_data AS revenue_client_visits_raw_data, revenue_client_visits.created_at AS revenue_client_visits_created_at, revenue_client_visits.updated_at AS revenue_client_visits_updated_at 
FROM revenue_client_visits 
WHERE revenue_client_visits.altegio_record_id = %(altegio_record_id_1)s::INTEGER 
 LIMIT %(param_1)s::INTEGER
2026-08-01 12:20:45,719 INFO sqlalchemy.engine.Engine [cached since 49.73s ago] {'altegio_record_id_1': 643310441, 'param_1': 1}
2026-08-01 12:20:45,720 INFO sqlalchemy.engine.Engine SELECT revenue_client_visits.id AS revenue_client_visits_id, revenue_client_visits.revenue_client_id AS revenue_client_visits_revenue_client_id, revenue_client_visits.altegio_record_id AS revenue_client_visits_altegio_record_id, revenue_client_visits.last_visit_date AS revenue_client_visits_last_visit_date, revenue_client_visits.previous_visit_date AS revenue_client_visits_previous_visit_date, revenue_client_visits.services AS revenue_client_visits_services, revenue_client_visits.master AS revenue_client_visits_master, revenue_client_visits.amount AS revenue_client_visits_amount, revenue_client_visits.visit_status AS revenue_client_visits_visit_status, revenue_client_visits.raw_data AS revenue_client_visits_raw_data, revenue_client_visits.created_at AS revenue_client_visits_created_at, revenue_client_visits.updated_at AS revenue_client_visits_updated_at 
FROM revenue_client_visits 
WHERE revenue_client_visits.revenue_client_id = %(revenue_client_id_1)s::INTEGER ORDER BY revenue_client_visits.last_visit_date ASC, revenue_client_visits.id ASC
2026-08-01 12:20:45,720 INFO sqlalchemy.engine.Engine [cached since 49.72s ago] {'revenue_client_id_1': 271}
2026-08-01 12:20:45,879 INFO sqlalchemy.engine.Engine SELECT revenue_client_visits.id AS revenue_client_visits_id, revenue_client_visits.revenue_client_id AS revenue_client_visits_revenue_client_id, revenue_client_visits.altegio_record_id AS revenue_client_visits_altegio_record_id, revenue_client_visits.last_visit_date AS revenue_client_visits_last_visit_date, revenue_client_visits.previous_visit_date AS revenue_client_visits_previous_visit_date, revenue_client_visits.services AS revenue_client_visits_services, revenue_client_visits.master AS revenue_client_visits_master, revenue_client_visits.amount AS revenue_client_visits_amount, revenue_client_visits.visit_status AS revenue_client_visits_visit_status, revenue_client_visits.raw_data AS revenue_client_visits_raw_data, revenue_client_visits.created_at AS revenue_client_visits_created_at, revenue_client_visits.updated_at AS revenue_client_visits_updated_at 
FROM revenue_client_visits 
WHERE revenue_client_visits.altegio_record_id = %(altegio_record_id_1)s::INTEGER 
 LIMIT %(param_1)s::INTEGER
2026-08-01 12:20:45,880 INFO sqlalchemy.engine.Engine [cached since 49.89s ago] {'altegio_record_id_1': 643490235, 'param_1': 1}
2026-08-01 12:20:45,881 INFO sqlalchemy.engine.Engine SELECT revenue_client_visits.id AS revenue_client_visits_id, revenue_client_visits.revenue_client_id AS revenue_client_visits_revenue_client_id, revenue_client_visits.altegio_record_id AS revenue_client_visits_altegio_record_id, revenue_client_visits.last_visit_date AS revenue_client_visits_last_visit_date, revenue_client_visits.previous_visit_date AS revenue_client_visits_previous_visit_date, revenue_client_visits.services AS revenue_client_visits_services, revenue_client_visits.master AS revenue_client_visits_master, revenue_client_visits.amount AS revenue_client_visits_amount, revenue_client_visits.visit_status AS revenue_client_visits_visit_status, revenue_client_visits.raw_data AS revenue_client_visits_raw_data, revenue_client_visits.created_at AS revenue_client_visits_created_at, revenue_client_visits.updated_at AS revenue_client_visits_updated_at 
FROM revenue_client_visits 
WHERE revenue_client_visits.revenue_client_id = %(revenue_client_id_1)s::INTEGER ORDER BY revenue_client_visits.last_visit_date ASC, revenue_client_visits.id ASC
2026-08-01 12:20:45,881 INFO sqlalchemy.engine.Engine [cached since 49.88s ago] {'revenue_client_id_1': 272}
2026-08-01 12:20:46,052 INFO sqlalchemy.engine.Engine SELECT revenue_client_visits.id AS revenue_client_visits_id, revenue_client_visits.revenue_client_id AS revenue_client_visits_revenue_client_id, revenue_client_visits.altegio_record_id AS revenue_client_visits_altegio_record_id, revenue_client_visits.last_visit_date AS revenue_client_visits_last_visit_date, revenue_client_visits.previous_visit_date AS revenue_client_visits_previous_visit_date, revenue_client_visits.services AS revenue_client_visits_services, revenue_client_visits.master AS revenue_client_visits_master, revenue_client_visits.amount AS revenue_client_visits_amount, revenue_client_visits.visit_status AS revenue_client_visits_visit_status, revenue_client_visits.raw_data AS revenue_client_visits_raw_data, revenue_client_visits.created_at AS revenue_client_visits_created_at, revenue_client_visits.updated_at AS revenue_client_visits_updated_at 
FROM revenue_client_visits 
WHERE revenue_client_visits.altegio_record_id = %(altegio_record_id_1)s::INTEGER 
 LIMIT %(param_1)s::INTEGER
2026-08-01 12:20:46,052 INFO sqlalchemy.engine.Engine [cached since 50.06s ago] {'altegio_record_id_1': 643638937, 'param_1': 1}
2026-08-01 12:20:46,054 INFO sqlalchemy.engine.Engine SELECT revenue_client_visits.id AS revenue_client_visits_id, revenue_client_visits.revenue_client_id AS revenue_client_visits_revenue_client_id, revenue_client_visits.altegio_record_id AS revenue_client_visits_altegio_record_id, revenue_client_visits.last_visit_date AS revenue_client_visits_last_visit_date, revenue_client_visits.previous_visit_date AS revenue_client_visits_previous_visit_date, revenue_client_visits.services AS revenue_client_visits_services, revenue_client_visits.master AS revenue_client_visits_master, revenue_client_visits.amount AS revenue_client_visits_amount, revenue_client_visits.visit_status AS revenue_client_visits_visit_status, revenue_client_visits.raw_data AS revenue_client_visits_raw_data, revenue_client_visits.created_at AS revenue_client_visits_created_at, revenue_client_visits.updated_at AS revenue_client_visits_updated_at 
FROM revenue_client_visits 
WHERE revenue_client_visits.revenue_client_id = %(revenue_client_id_1)s::INTEGER ORDER BY revenue_client_visits.last_visit_date ASC, revenue_client_visits.id ASC
2026-08-01 12:20:46,054 INFO sqlalchemy.engine.Engine [cached since 50.05s ago] {'revenue_client_id_1': 273}
2026-08-01 12:20:46,218 INFO sqlalchemy.engine.Engine SELECT revenue_client_visits.id AS revenue_client_visits_id, revenue_client_visits.revenue_client_id AS revenue_client_visits_revenue_client_id, revenue_client_visits.altegio_record_id AS revenue_client_visits_altegio_record_id, revenue_client_visits.last_visit_date AS revenue_client_visits_last_visit_date, revenue_client_visits.previous_visit_date AS revenue_client_visits_previous_visit_date, revenue_client_visits.services AS revenue_client_visits_services, revenue_client_visits.master AS revenue_client_visits_master, revenue_client_visits.amount AS revenue_client_visits_amount, revenue_client_visits.visit_status AS revenue_client_visits_visit_status, revenue_client_visits.raw_data AS revenue_client_visits_raw_data, revenue_client_visits.created_at AS revenue_client_visits_created_at, revenue_client_visits.updated_at AS revenue_client_visits_updated_at 
FROM revenue_client_visits 
WHERE revenue_client_visits.altegio_record_id = %(altegio_record_id_1)s::INTEGER 
 LIMIT %(param_1)s::INTEGER
2026-08-01 12:20:46,218 INFO sqlalchemy.engine.Engine [cached since 50.23s ago] {'altegio_record_id_1': 646988872, 'param_1': 1}
2026-08-01 12:20:46,220 INFO sqlalchemy.engine.Engine SELECT revenue_client_visits.id AS revenue_client_visits_id, revenue_client_visits.revenue_client_id AS revenue_client_visits_revenue_client_id, revenue_client_visits.altegio_record_id AS revenue_client_visits_altegio_record_id, revenue_client_visits.last_visit_date AS revenue_client_visits_last_visit_date, revenue_client_visits.previous_visit_date AS revenue_client_visits_previous_visit_date, revenue_client_visits.services AS revenue_client_visits_services, revenue_client_visits.master AS revenue_client_visits_master, revenue_client_visits.amount AS revenue_client_visits_amount, revenue_client_visits.visit_status AS revenue_client_visits_visit_status, revenue_client_visits.raw_data AS revenue_client_visits_raw_data, revenue_client_visits.created_at AS revenue_client_visits_created_at, revenue_client_visits.updated_at AS revenue_client_visits_updated_at 
FROM revenue_client_visits 
WHERE revenue_client_visits.altegio_record_id = %(altegio_record_id_1)s::INTEGER 
 LIMIT %(param_1)s::INTEGER
2026-08-01 12:20:46,220 INFO sqlalchemy.engine.Engine [cached since 50.23s ago] {'altegio_record_id_1': 644318238, 'param_1': 1}
2026-08-01 12:20:46,221 INFO sqlalchemy.engine.Engine SELECT revenue_client_visits.id AS revenue_client_visits_id, revenue_client_visits.revenue_client_id AS revenue_client_visits_revenue_client_id, revenue_client_visits.altegio_record_id AS revenue_client_visits_altegio_record_id, revenue_client_visits.last_visit_date AS revenue_client_visits_last_visit_date, revenue_client_visits.previous_visit_date AS revenue_client_visits_previous_visit_date, revenue_client_visits.services AS revenue_client_visits_services, revenue_client_visits.master AS revenue_client_visits_master, revenue_client_visits.amount AS revenue_client_visits_amount, revenue_client_visits.visit_status AS revenue_client_visits_visit_status, revenue_client_visits.raw_data AS revenue_client_visits_raw_data, revenue_client_visits.created_at AS revenue_client_visits_created_at, revenue_client_visits.updated_at AS revenue_client_visits_updated_at 
FROM revenue_client_visits 
WHERE revenue_client_visits.revenue_client_id = %(revenue_client_id_1)s::INTEGER ORDER BY revenue_client_visits.last_visit_date ASC, revenue_client_visits.id ASC
2026-08-01 12:20:46,221 INFO sqlalchemy.engine.Engine [cached since 50.22s ago] {'revenue_client_id_1': 274}
2026-08-01 12:20:46,398 INFO sqlalchemy.engine.Engine SELECT revenue_client_visits.id AS revenue_client_visits_id, revenue_client_visits.revenue_client_id AS revenue_client_visits_revenue_client_id, revenue_client_visits.altegio_record_id AS revenue_client_visits_altegio_record_id, revenue_client_visits.last_visit_date AS revenue_client_visits_last_visit_date, revenue_client_visits.previous_visit_date AS revenue_client_visits_previous_visit_date, revenue_client_visits.services AS revenue_client_visits_services, revenue_client_visits.master AS revenue_client_visits_master, revenue_client_visits.amount AS revenue_client_visits_amount, revenue_client_visits.visit_status AS revenue_client_visits_visit_status, revenue_client_visits.raw_data AS revenue_client_visits_raw_data, revenue_client_visits.created_at AS revenue_client_visits_created_at, revenue_client_visits.updated_at AS revenue_client_visits_updated_at 
FROM revenue_client_visits 
WHERE revenue_client_visits.altegio_record_id = %(altegio_record_id_1)s::INTEGER 
 LIMIT %(param_1)s::INTEGER
2026-08-01 12:20:46,398 INFO sqlalchemy.engine.Engine [cached since 50.41s ago] {'altegio_record_id_1': 645288654, 'param_1': 1}
2026-08-01 12:20:46,399 INFO sqlalchemy.engine.Engine SELECT revenue_client_visits.id AS revenue_client_visits_id, revenue_client_visits.revenue_client_id AS revenue_client_visits_revenue_client_id, revenue_client_visits.altegio_record_id AS revenue_client_visits_altegio_record_id, revenue_client_visits.last_visit_date AS revenue_client_visits_last_visit_date, revenue_client_visits.previous_visit_date AS revenue_client_visits_previous_visit_date, revenue_client_visits.services AS revenue_client_visits_services, revenue_client_visits.master AS revenue_client_visits_master, revenue_client_visits.amount AS revenue_client_visits_amount, revenue_client_visits.visit_status AS revenue_client_visits_visit_status, revenue_client_visits.raw_data AS revenue_client_visits_raw_data, revenue_client_visits.created_at AS revenue_client_visits_created_at, revenue_client_visits.updated_at AS revenue_client_visits_updated_at 
FROM revenue_client_visits 
WHERE revenue_client_visits.altegio_record_id = %(altegio_record_id_1)s::INTEGER 
 LIMIT %(param_1)s::INTEGER
2026-08-01 12:20:46,399 INFO sqlalchemy.engine.Engine [cached since 50.41s ago] {'altegio_record_id_1': 644397711, 'param_1': 1}
2026-08-01 12:20:46,400 INFO sqlalchemy.engine.Engine SELECT revenue_client_visits.id AS revenue_client_visits_id, revenue_client_visits.revenue_client_id AS revenue_client_visits_revenue_client_id, revenue_client_visits.altegio_record_id AS revenue_client_visits_altegio_record_id, revenue_client_visits.last_visit_date AS revenue_client_visits_last_visit_date, revenue_client_visits.previous_visit_date AS revenue_client_visits_previous_visit_date, revenue_client_visits.services AS revenue_client_visits_services, revenue_client_visits.master AS revenue_client_visits_master, revenue_client_visits.amount AS revenue_client_visits_amount, revenue_client_visits.visit_status AS revenue_client_visits_visit_status, revenue_client_visits.raw_data AS revenue_client_visits_raw_data, revenue_client_visits.created_at AS revenue_client_visits_created_at, revenue_client_visits.updated_at AS revenue_client_visits_updated_at 
FROM revenue_client_visits 
WHERE revenue_client_visits.revenue_client_id = %(revenue_client_id_1)s::INTEGER ORDER BY revenue_client_visits.last_visit_date ASC, revenue_client_visits.id ASC
2026-08-01 12:20:46,400 INFO sqlalchemy.engine.Engine [cached since 50.4s ago] {'revenue_client_id_1': 275}
2026-08-01 12:20:46,589 INFO sqlalchemy.engine.Engine SELECT revenue_client_visits.id AS revenue_client_visits_id, revenue_client_visits.revenue_client_id AS revenue_client_visits_revenue_client_id, revenue_client_visits.altegio_record_id AS revenue_client_visits_altegio_record_id, revenue_client_visits.last_visit_date AS revenue_client_visits_last_visit_date, revenue_client_visits.previous_visit_date AS revenue_client_visits_previous_visit_date, revenue_client_visits.services AS revenue_client_visits_services, revenue_client_visits.master AS revenue_client_visits_master, revenue_client_visits.amount AS revenue_client_visits_amount, revenue_client_visits.visit_status AS revenue_client_visits_visit_status, revenue_client_visits.raw_data AS revenue_client_visits_raw_data, revenue_client_visits.created_at AS revenue_client_visits_created_at, revenue_client_visits.updated_at AS revenue_client_visits_updated_at 
FROM revenue_client_visits 
WHERE revenue_client_visits.altegio_record_id = %(altegio_record_id_1)s::INTEGER 
 LIMIT %(param_1)s::INTEGER
2026-08-01 12:20:46,589 INFO sqlalchemy.engine.Engine [cached since 50.6s ago] {'altegio_record_id_1': 645601512, 'param_1': 1}
2026-08-01 12:20:46,590 INFO sqlalchemy.engine.Engine SELECT revenue_client_visits.id AS revenue_client_visits_id, revenue_client_visits.revenue_client_id AS revenue_client_visits_revenue_client_id, revenue_client_visits.altegio_record_id AS revenue_client_visits_altegio_record_id, revenue_client_visits.last_visit_date AS revenue_client_visits_last_visit_date, revenue_client_visits.previous_visit_date AS revenue_client_visits_previous_visit_date, revenue_client_visits.services AS revenue_client_visits_services, revenue_client_visits.master AS revenue_client_visits_master, revenue_client_visits.amount AS revenue_client_visits_amount, revenue_client_visits.visit_status AS revenue_client_visits_visit_status, revenue_client_visits.raw_data AS revenue_client_visits_raw_data, revenue_client_visits.created_at AS revenue_client_visits_created_at, revenue_client_visits.updated_at AS revenue_client_visits_updated_at 
FROM revenue_client_visits 
WHERE revenue_client_visits.revenue_client_id = %(revenue_client_id_1)s::INTEGER ORDER BY revenue_client_visits.last_visit_date ASC, revenue_client_visits.id ASC
2026-08-01 12:20:46,590 INFO sqlalchemy.engine.Engine [cached since 50.59s ago] {'revenue_client_id_1': 276}
2026-08-01 12:20:46,896 INFO sqlalchemy.engine.Engine SELECT revenue_client_visits.id AS revenue_client_visits_id, revenue_client_visits.revenue_client_id AS revenue_client_visits_revenue_client_id, revenue_client_visits.altegio_record_id AS revenue_client_visits_altegio_record_id, revenue_client_visits.last_visit_date AS revenue_client_visits_last_visit_date, revenue_client_visits.previous_visit_date AS revenue_client_visits_previous_visit_date, revenue_client_visits.services AS revenue_client_visits_services, revenue_client_visits.master AS revenue_client_visits_master, revenue_client_visits.amount AS revenue_client_visits_amount, revenue_client_visits.visit_status AS revenue_client_visits_visit_status, revenue_client_visits.raw_data AS revenue_client_visits_raw_data, revenue_client_visits.created_at AS revenue_client_visits_created_at, revenue_client_visits.updated_at AS revenue_client_visits_updated_at 
FROM revenue_client_visits 
WHERE revenue_client_visits.altegio_record_id = %(altegio_record_id_1)s::INTEGER 
 LIMIT %(param_1)s::INTEGER
2026-08-01 12:20:46,897 INFO sqlalchemy.engine.Engine [cached since 50.91s ago] {'altegio_record_id_1': 645070528, 'param_1': 1}
2026-08-01 12:20:46,898 INFO sqlalchemy.engine.Engine SELECT revenue_client_visits.id AS revenue_client_visits_id, revenue_client_visits.revenue_client_id AS revenue_client_visits_revenue_client_id, revenue_client_visits.altegio_record_id AS revenue_client_visits_altegio_record_id, revenue_client_visits.last_visit_date AS revenue_client_visits_last_visit_date, revenue_client_visits.previous_visit_date AS revenue_client_visits_previous_visit_date, revenue_client_visits.services AS revenue_client_visits_services, revenue_client_visits.master AS revenue_client_visits_master, revenue_client_visits.amount AS revenue_client_visits_amount, revenue_client_visits.visit_status AS revenue_client_visits_visit_status, revenue_client_visits.raw_data AS revenue_client_visits_raw_data, revenue_client_visits.created_at AS revenue_client_visits_created_at, revenue_client_visits.updated_at AS revenue_client_visits_updated_at 
FROM revenue_client_visits 
WHERE revenue_client_visits.revenue_client_id = %(revenue_client_id_1)s::INTEGER ORDER BY revenue_client_visits.last_visit_date ASC, revenue_client_visits.id ASC
2026-08-01 12:20:46,898 INFO sqlalchemy.engine.Engine [cached since 50.9s ago] {'revenue_client_id_1': 280}
2026-08-01 12:20:47,066 INFO sqlalchemy.engine.Engine SELECT revenue_client_visits.id AS revenue_client_visits_id, revenue_client_visits.revenue_client_id AS revenue_client_visits_revenue_client_id, revenue_client_visits.altegio_record_id AS revenue_client_visits_altegio_record_id, revenue_client_visits.last_visit_date AS revenue_client_visits_last_visit_date, revenue_client_visits.previous_visit_date AS revenue_client_visits_previous_visit_date, revenue_client_visits.services AS revenue_client_visits_services, revenue_client_visits.master AS revenue_client_visits_master, revenue_client_visits.amount AS revenue_client_visits_amount, revenue_client_visits.visit_status AS revenue_client_visits_visit_status, revenue_client_visits.raw_data AS revenue_client_visits_raw_data, revenue_client_visits.created_at AS revenue_client_visits_created_at, revenue_client_visits.updated_at AS revenue_client_visits_updated_at 
FROM revenue_client_visits 
WHERE revenue_client_visits.altegio_record_id = %(altegio_record_id_1)s::INTEGER 
 LIMIT %(param_1)s::INTEGER
2026-08-01 12:20:47,067 INFO sqlalchemy.engine.Engine [cached since 51.08s ago] {'altegio_record_id_1': 645378590, 'param_1': 1}
2026-08-01 12:20:47,068 INFO sqlalchemy.engine.Engine SELECT revenue_client_visits.id AS revenue_client_visits_id, revenue_client_visits.revenue_client_id AS revenue_client_visits_revenue_client_id, revenue_client_visits.altegio_record_id AS revenue_client_visits_altegio_record_id, revenue_client_visits.last_visit_date AS revenue_client_visits_last_visit_date, revenue_client_visits.previous_visit_date AS revenue_client_visits_previous_visit_date, revenue_client_visits.services AS revenue_client_visits_services, revenue_client_visits.master AS revenue_client_visits_master, revenue_client_visits.amount AS revenue_client_visits_amount, revenue_client_visits.visit_status AS revenue_client_visits_visit_status, revenue_client_visits.raw_data AS revenue_client_visits_raw_data, revenue_client_visits.created_at AS revenue_client_visits_created_at, revenue_client_visits.updated_at AS revenue_client_visits_updated_at 
FROM revenue_client_visits 
WHERE revenue_client_visits.revenue_client_id = %(revenue_client_id_1)s::INTEGER ORDER BY revenue_client_visits.last_visit_date ASC, revenue_client_visits.id ASC
2026-08-01 12:20:47,068 INFO sqlalchemy.engine.Engine [cached since 51.07s ago] {'revenue_client_id_1': 281}
2026-08-01 12:20:47,250 INFO sqlalchemy.engine.Engine SELECT revenue_client_visits.id AS revenue_client_visits_id, revenue_client_visits.revenue_client_id AS revenue_client_visits_revenue_client_id, revenue_client_visits.altegio_record_id AS revenue_client_visits_altegio_record_id, revenue_client_visits.last_visit_date AS revenue_client_visits_last_visit_date, revenue_client_visits.previous_visit_date AS revenue_client_visits_previous_visit_date, revenue_client_visits.services AS revenue_client_visits_services, revenue_client_visits.master AS revenue_client_visits_master, revenue_client_visits.amount AS revenue_client_visits_amount, revenue_client_visits.visit_status AS revenue_client_visits_visit_status, revenue_client_visits.raw_data AS revenue_client_visits_raw_data, revenue_client_visits.created_at AS revenue_client_visits_created_at, revenue_client_visits.updated_at AS revenue_client_visits_updated_at 
FROM revenue_client_visits 
WHERE revenue_client_visits.altegio_record_id = %(altegio_record_id_1)s::INTEGER 
 LIMIT %(param_1)s::INTEGER
2026-08-01 12:20:47,251 INFO sqlalchemy.engine.Engine [cached since 51.26s ago] {'altegio_record_id_1': 645846338, 'param_1': 1}
2026-08-01 12:20:47,252 INFO sqlalchemy.engine.Engine SELECT revenue_client_visits.id AS revenue_client_visits_id, revenue_client_visits.revenue_client_id AS revenue_client_visits_revenue_client_id, revenue_client_visits.altegio_record_id AS revenue_client_visits_altegio_record_id, revenue_client_visits.last_visit_date AS revenue_client_visits_last_visit_date, revenue_client_visits.previous_visit_date AS revenue_client_visits_previous_visit_date, revenue_client_visits.services AS revenue_client_visits_services, revenue_client_visits.master AS revenue_client_visits_master, revenue_client_visits.amount AS revenue_client_visits_amount, revenue_client_visits.visit_status AS revenue_client_visits_visit_status, revenue_client_visits.raw_data AS revenue_client_visits_raw_data, revenue_client_visits.created_at AS revenue_client_visits_created_at, revenue_client_visits.updated_at AS revenue_client_visits_updated_at 
FROM revenue_client_visits 
WHERE revenue_client_visits.revenue_client_id = %(revenue_client_id_1)s::INTEGER ORDER BY revenue_client_visits.last_visit_date ASC, revenue_client_visits.id ASC
2026-08-01 12:20:47,252 INFO sqlalchemy.engine.Engine [cached since 51.25s ago] {'revenue_client_id_1': 282}
2026-08-01 12:20:47,426 INFO sqlalchemy.engine.Engine SELECT revenue_client_visits.id AS revenue_client_visits_id, revenue_client_visits.revenue_client_id AS revenue_client_visits_revenue_client_id, revenue_client_visits.altegio_record_id AS revenue_client_visits_altegio_record_id, revenue_client_visits.last_visit_date AS revenue_client_visits_last_visit_date, revenue_client_visits.previous_visit_date AS revenue_client_visits_previous_visit_date, revenue_client_visits.services AS revenue_client_visits_services, revenue_client_visits.master AS revenue_client_visits_master, revenue_client_visits.amount AS revenue_client_visits_amount, revenue_client_visits.visit_status AS revenue_client_visits_visit_status, revenue_client_visits.raw_data AS revenue_client_visits_raw_data, revenue_client_visits.created_at AS revenue_client_visits_created_at, revenue_client_visits.updated_at AS revenue_client_visits_updated_at 
FROM revenue_client_visits 
WHERE revenue_client_visits.altegio_record_id = %(altegio_record_id_1)s::INTEGER 
 LIMIT %(param_1)s::INTEGER
2026-08-01 12:20:47,426 INFO sqlalchemy.engine.Engine [cached since 51.43s ago] {'altegio_record_id_1': 645991619, 'param_1': 1}
2026-08-01 12:20:47,427 INFO sqlalchemy.engine.Engine SELECT revenue_client_visits.id AS revenue_client_visits_id, revenue_client_visits.revenue_client_id AS revenue_client_visits_revenue_client_id, revenue_client_visits.altegio_record_id AS revenue_client_visits_altegio_record_id, revenue_client_visits.last_visit_date AS revenue_client_visits_last_visit_date, revenue_client_visits.previous_visit_date AS revenue_client_visits_previous_visit_date, revenue_client_visits.services AS revenue_client_visits_services, revenue_client_visits.master AS revenue_client_visits_master, revenue_client_visits.amount AS revenue_client_visits_amount, revenue_client_visits.visit_status AS revenue_client_visits_visit_status, revenue_client_visits.raw_data AS revenue_client_visits_raw_data, revenue_client_visits.created_at AS revenue_client_visits_created_at, revenue_client_visits.updated_at AS revenue_client_visits_updated_at 
FROM revenue_client_visits 
WHERE revenue_client_visits.revenue_client_id = %(revenue_client_id_1)s::INTEGER ORDER BY revenue_client_visits.last_visit_date ASC, revenue_client_visits.id ASC
2026-08-01 12:20:47,427 INFO sqlalchemy.engine.Engine [cached since 51.43s ago] {'revenue_client_id_1': 283}
2026-08-01 12:20:47,590 INFO sqlalchemy.engine.Engine SELECT revenue_client_visits.id AS revenue_client_visits_id, revenue_client_visits.revenue_client_id AS revenue_client_visits_revenue_client_id, revenue_client_visits.altegio_record_id AS revenue_client_visits_altegio_record_id, revenue_client_visits.last_visit_date AS revenue_client_visits_last_visit_date, revenue_client_visits.previous_visit_date AS revenue_client_visits_previous_visit_date, revenue_client_visits.services AS revenue_client_visits_services, revenue_client_visits.master AS revenue_client_visits_master, revenue_client_visits.amount AS revenue_client_visits_amount, revenue_client_visits.visit_status AS revenue_client_visits_visit_status, revenue_client_visits.raw_data AS revenue_client_visits_raw_data, revenue_client_visits.created_at AS revenue_client_visits_created_at, revenue_client_visits.updated_at AS revenue_client_visits_updated_at 
FROM revenue_client_visits 
WHERE revenue_client_visits.altegio_record_id = %(altegio_record_id_1)s::INTEGER 
 LIMIT %(param_1)s::INTEGER
2026-08-01 12:20:47,590 INFO sqlalchemy.engine.Engine [cached since 51.6s ago] {'altegio_record_id_1': 646032111, 'param_1': 1}
2026-08-01 12:20:47,591 INFO sqlalchemy.engine.Engine SELECT revenue_client_visits.id AS revenue_client_visits_id, revenue_client_visits.revenue_client_id AS revenue_client_visits_revenue_client_id, revenue_client_visits.altegio_record_id AS revenue_client_visits_altegio_record_id, revenue_client_visits.last_visit_date AS revenue_client_visits_last_visit_date, revenue_client_visits.previous_visit_date AS revenue_client_visits_previous_visit_date, revenue_client_visits.services AS revenue_client_visits_services, revenue_client_visits.master AS revenue_client_visits_master, revenue_client_visits.amount AS revenue_client_visits_amount, revenue_client_visits.visit_status AS revenue_client_visits_visit_status, revenue_client_visits.raw_data AS revenue_client_visits_raw_data, revenue_client_visits.created_at AS revenue_client_visits_created_at, revenue_client_visits.updated_at AS revenue_client_visits_updated_at 
FROM revenue_client_visits 
WHERE revenue_client_visits.revenue_client_id = %(revenue_client_id_1)s::INTEGER ORDER BY revenue_client_visits.last_visit_date ASC, revenue_client_visits.id ASC
2026-08-01 12:20:47,592 INFO sqlalchemy.engine.Engine [cached since 51.59s ago] {'revenue_client_id_1': 284}
2026-08-01 12:20:47,774 INFO sqlalchemy.engine.Engine SELECT revenue_client_visits.id AS revenue_client_visits_id, revenue_client_visits.revenue_client_id AS revenue_client_visits_revenue_client_id, revenue_client_visits.altegio_record_id AS revenue_client_visits_altegio_record_id, revenue_client_visits.last_visit_date AS revenue_client_visits_last_visit_date, revenue_client_visits.previous_visit_date AS revenue_client_visits_previous_visit_date, revenue_client_visits.services AS revenue_client_visits_services, revenue_client_visits.master AS revenue_client_visits_master, revenue_client_visits.amount AS revenue_client_visits_amount, revenue_client_visits.visit_status AS revenue_client_visits_visit_status, revenue_client_visits.raw_data AS revenue_client_visits_raw_data, revenue_client_visits.created_at AS revenue_client_visits_created_at, revenue_client_visits.updated_at AS revenue_client_visits_updated_at 
FROM revenue_client_visits 
WHERE revenue_client_visits.altegio_record_id = %(altegio_record_id_1)s::INTEGER 
 LIMIT %(param_1)s::INTEGER
2026-08-01 12:20:47,774 INFO sqlalchemy.engine.Engine [cached since 51.78s ago] {'altegio_record_id_1': 646263348, 'param_1': 1}
2026-08-01 12:20:47,776 INFO sqlalchemy.engine.Engine SELECT revenue_client_visits.id AS revenue_client_visits_id, revenue_client_visits.revenue_client_id AS revenue_client_visits_revenue_client_id, revenue_client_visits.altegio_record_id AS revenue_client_visits_altegio_record_id, revenue_client_visits.last_visit_date AS revenue_client_visits_last_visit_date, revenue_client_visits.previous_visit_date AS revenue_client_visits_previous_visit_date, revenue_client_visits.services AS revenue_client_visits_services, revenue_client_visits.master AS revenue_client_visits_master, revenue_client_visits.amount AS revenue_client_visits_amount, revenue_client_visits.visit_status AS revenue_client_visits_visit_status, revenue_client_visits.raw_data AS revenue_client_visits_raw_data, revenue_client_visits.created_at AS revenue_client_visits_created_at, revenue_client_visits.updated_at AS revenue_client_visits_updated_at 
FROM revenue_client_visits 
WHERE revenue_client_visits.revenue_client_id = %(revenue_client_id_1)s::INTEGER ORDER BY revenue_client_visits.last_visit_date ASC, revenue_client_visits.id ASC
2026-08-01 12:20:47,776 INFO sqlalchemy.engine.Engine [cached since 51.78s ago] {'revenue_client_id_1': 285}
2026-08-01 12:20:47,961 INFO sqlalchemy.engine.Engine SELECT revenue_client_visits.id AS revenue_client_visits_id, revenue_client_visits.revenue_client_id AS revenue_client_visits_revenue_client_id, revenue_client_visits.altegio_record_id AS revenue_client_visits_altegio_record_id, revenue_client_visits.last_visit_date AS revenue_client_visits_last_visit_date, revenue_client_visits.previous_visit_date AS revenue_client_visits_previous_visit_date, revenue_client_visits.services AS revenue_client_visits_services, revenue_client_visits.master AS revenue_client_visits_master, revenue_client_visits.amount AS revenue_client_visits_amount, revenue_client_visits.visit_status AS revenue_client_visits_visit_status, revenue_client_visits.raw_data AS revenue_client_visits_raw_data, revenue_client_visits.created_at AS revenue_client_visits_created_at, revenue_client_visits.updated_at AS revenue_client_visits_updated_at 
FROM revenue_client_visits 
WHERE revenue_client_visits.altegio_record_id = %(altegio_record_id_1)s::INTEGER 
 LIMIT %(param_1)s::INTEGER
2026-08-01 12:20:47,962 INFO sqlalchemy.engine.Engine [cached since 51.97s ago] {'altegio_record_id_1': 649578506, 'param_1': 1}
2026-08-01 12:20:47,963 INFO sqlalchemy.engine.Engine SELECT revenue_client_visits.id AS revenue_client_visits_id, revenue_client_visits.revenue_client_id AS revenue_client_visits_revenue_client_id, revenue_client_visits.altegio_record_id AS revenue_client_visits_altegio_record_id, revenue_client_visits.last_visit_date AS revenue_client_visits_last_visit_date, revenue_client_visits.previous_visit_date AS revenue_client_visits_previous_visit_date, revenue_client_visits.services AS revenue_client_visits_services, revenue_client_visits.master AS revenue_client_visits_master, revenue_client_visits.amount AS revenue_client_visits_amount, revenue_client_visits.visit_status AS revenue_client_visits_visit_status, revenue_client_visits.raw_data AS revenue_client_visits_raw_data, revenue_client_visits.created_at AS revenue_client_visits_created_at, revenue_client_visits.updated_at AS revenue_client_visits_updated_at 
FROM revenue_client_visits 
WHERE revenue_client_visits.altegio_record_id = %(altegio_record_id_1)s::INTEGER 
 LIMIT %(param_1)s::INTEGER
2026-08-01 12:20:47,963 INFO sqlalchemy.engine.Engine [cached since 51.97s ago] {'altegio_record_id_1': 647765411, 'param_1': 1}
2026-08-01 12:20:47,964 INFO sqlalchemy.engine.Engine SELECT revenue_client_visits.id AS revenue_client_visits_id, revenue_client_visits.revenue_client_id AS revenue_client_visits_revenue_client_id, revenue_client_visits.altegio_record_id AS revenue_client_visits_altegio_record_id, revenue_client_visits.last_visit_date AS revenue_client_visits_last_visit_date, revenue_client_visits.previous_visit_date AS revenue_client_visits_previous_visit_date, revenue_client_visits.services AS revenue_client_visits_services, revenue_client_visits.master AS revenue_client_visits_master, revenue_client_visits.amount AS revenue_client_visits_amount, revenue_client_visits.visit_status AS revenue_client_visits_visit_status, revenue_client_visits.raw_data AS revenue_client_visits_raw_data, revenue_client_visits.created_at AS revenue_client_visits_created_at, revenue_client_visits.updated_at AS revenue_client_visits_updated_at 
FROM revenue_client_visits 
WHERE revenue_client_visits.altegio_record_id = %(altegio_record_id_1)s::INTEGER 
 LIMIT %(param_1)s::INTEGER
2026-08-01 12:20:47,964 INFO sqlalchemy.engine.Engine [cached since 51.97s ago] {'altegio_record_id_1': 646282003, 'param_1': 1}
2026-08-01 12:20:47,965 INFO sqlalchemy.engine.Engine SELECT revenue_client_visits.id AS revenue_client_visits_id, revenue_client_visits.revenue_client_id AS revenue_client_visits_revenue_client_id, revenue_client_visits.altegio_record_id AS revenue_client_visits_altegio_record_id, revenue_client_visits.last_visit_date AS revenue_client_visits_last_visit_date, revenue_client_visits.previous_visit_date AS revenue_client_visits_previous_visit_date, revenue_client_visits.services AS revenue_client_visits_services, revenue_client_visits.master AS revenue_client_visits_master, revenue_client_visits.amount AS revenue_client_visits_amount, revenue_client_visits.visit_status AS revenue_client_visits_visit_status, revenue_client_visits.raw_data AS revenue_client_visits_raw_data, revenue_client_visits.created_at AS revenue_client_visits_created_at, revenue_client_visits.updated_at AS revenue_client_visits_updated_at 
FROM revenue_client_visits 
WHERE revenue_client_visits.revenue_client_id = %(revenue_client_id_1)s::INTEGER ORDER BY revenue_client_visits.last_visit_date ASC, revenue_client_visits.id ASC
2026-08-01 12:20:47,965 INFO sqlalchemy.engine.Engine [cached since 51.97s ago] {'revenue_client_id_1': 286}
2026-08-01 12:20:48,158 INFO sqlalchemy.engine.Engine SELECT revenue_client_visits.id AS revenue_client_visits_id, revenue_client_visits.revenue_client_id AS revenue_client_visits_revenue_client_id, revenue_client_visits.altegio_record_id AS revenue_client_visits_altegio_record_id, revenue_client_visits.last_visit_date AS revenue_client_visits_last_visit_date, revenue_client_visits.previous_visit_date AS revenue_client_visits_previous_visit_date, revenue_client_visits.services AS revenue_client_visits_services, revenue_client_visits.master AS revenue_client_visits_master, revenue_client_visits.amount AS revenue_client_visits_amount, revenue_client_visits.visit_status AS revenue_client_visits_visit_status, revenue_client_visits.raw_data AS revenue_client_visits_raw_data, revenue_client_visits.created_at AS revenue_client_visits_created_at, revenue_client_visits.updated_at AS revenue_client_visits_updated_at 
FROM revenue_client_visits 
WHERE revenue_client_visits.altegio_record_id = %(altegio_record_id_1)s::INTEGER 
 LIMIT %(param_1)s::INTEGER
2026-08-01 12:20:48,158 INFO sqlalchemy.engine.Engine [cached since 52.17s ago] {'altegio_record_id_1': 647964292, 'param_1': 1}
2026-08-01 12:20:48,160 INFO sqlalchemy.engine.Engine SELECT revenue_client_visits.id AS revenue_client_visits_id, revenue_client_visits.revenue_client_id AS revenue_client_visits_revenue_client_id, revenue_client_visits.altegio_record_id AS revenue_client_visits_altegio_record_id, revenue_client_visits.last_visit_date AS revenue_client_visits_last_visit_date, revenue_client_visits.previous_visit_date AS revenue_client_visits_previous_visit_date, revenue_client_visits.services AS revenue_client_visits_services, revenue_client_visits.master AS revenue_client_visits_master, revenue_client_visits.amount AS revenue_client_visits_amount, revenue_client_visits.visit_status AS revenue_client_visits_visit_status, revenue_client_visits.raw_data AS revenue_client_visits_raw_data, revenue_client_visits.created_at AS revenue_client_visits_created_at, revenue_client_visits.updated_at AS revenue_client_visits_updated_at 
FROM revenue_client_visits 
WHERE revenue_client_visits.altegio_record_id = %(altegio_record_id_1)s::INTEGER 
 LIMIT %(param_1)s::INTEGER
2026-08-01 12:20:48,160 INFO sqlalchemy.engine.Engine [cached since 52.17s ago] {'altegio_record_id_1': 646571323, 'param_1': 1}
2026-08-01 12:20:48,161 INFO sqlalchemy.engine.Engine SELECT revenue_client_visits.id AS revenue_client_visits_id, revenue_client_visits.revenue_client_id AS revenue_client_visits_revenue_client_id, revenue_client_visits.altegio_record_id AS revenue_client_visits_altegio_record_id, revenue_client_visits.last_visit_date AS revenue_client_visits_last_visit_date, revenue_client_visits.previous_visit_date AS revenue_client_visits_previous_visit_date, revenue_client_visits.services AS revenue_client_visits_services, revenue_client_visits.master AS revenue_client_visits_master, revenue_client_visits.amount AS revenue_client_visits_amount, revenue_client_visits.visit_status AS revenue_client_visits_visit_status, revenue_client_visits.raw_data AS revenue_client_visits_raw_data, revenue_client_visits.created_at AS revenue_client_visits_created_at, revenue_client_visits.updated_at AS revenue_client_visits_updated_at 
FROM revenue_client_visits 
WHERE revenue_client_visits.revenue_client_id = %(revenue_client_id_1)s::INTEGER ORDER BY revenue_client_visits.last_visit_date ASC, revenue_client_visits.id ASC
2026-08-01 12:20:48,161 INFO sqlalchemy.engine.Engine [cached since 52.16s ago] {'revenue_client_id_1': 287}
2026-08-01 12:20:48,496 INFO sqlalchemy.engine.Engine SELECT revenue_client_visits.id AS revenue_client_visits_id, revenue_client_visits.revenue_client_id AS revenue_client_visits_revenue_client_id, revenue_client_visits.altegio_record_id AS revenue_client_visits_altegio_record_id, revenue_client_visits.last_visit_date AS revenue_client_visits_last_visit_date, revenue_client_visits.previous_visit_date AS revenue_client_visits_previous_visit_date, revenue_client_visits.services AS revenue_client_visits_services, revenue_client_visits.master AS revenue_client_visits_master, revenue_client_visits.amount AS revenue_client_visits_amount, revenue_client_visits.visit_status AS revenue_client_visits_visit_status, revenue_client_visits.raw_data AS revenue_client_visits_raw_data, revenue_client_visits.created_at AS revenue_client_visits_created_at, revenue_client_visits.updated_at AS revenue_client_visits_updated_at 
FROM revenue_client_visits 
WHERE revenue_client_visits.altegio_record_id = %(altegio_record_id_1)s::INTEGER 
 LIMIT %(param_1)s::INTEGER
2026-08-01 12:20:48,497 INFO sqlalchemy.engine.Engine [cached since 52.51s ago] {'altegio_record_id_1': 659464630, 'param_1': 1}
2026-08-01 12:20:48,498 INFO sqlalchemy.engine.Engine SELECT revenue_client_visits.id AS revenue_client_visits_id, revenue_client_visits.revenue_client_id AS revenue_client_visits_revenue_client_id, revenue_client_visits.altegio_record_id AS revenue_client_visits_altegio_record_id, revenue_client_visits.last_visit_date AS revenue_client_visits_last_visit_date, revenue_client_visits.previous_visit_date AS revenue_client_visits_previous_visit_date, revenue_client_visits.services AS revenue_client_visits_services, revenue_client_visits.master AS revenue_client_visits_master, revenue_client_visits.amount AS revenue_client_visits_amount, revenue_client_visits.visit_status AS revenue_client_visits_visit_status, revenue_client_visits.raw_data AS revenue_client_visits_raw_data, revenue_client_visits.created_at AS revenue_client_visits_created_at, revenue_client_visits.updated_at AS revenue_client_visits_updated_at 
FROM revenue_client_visits 
WHERE revenue_client_visits.altegio_record_id = %(altegio_record_id_1)s::INTEGER 
 LIMIT %(param_1)s::INTEGER
2026-08-01 12:20:48,498 INFO sqlalchemy.engine.Engine [cached since 52.51s ago] {'altegio_record_id_1': 655604468, 'param_1': 1}
2026-08-01 12:20:48,499 INFO sqlalchemy.engine.Engine SELECT revenue_client_visits.id AS revenue_client_visits_id, revenue_client_visits.revenue_client_id AS revenue_client_visits_revenue_client_id, revenue_client_visits.altegio_record_id AS revenue_client_visits_altegio_record_id, revenue_client_visits.last_visit_date AS revenue_client_visits_last_visit_date, revenue_client_visits.previous_visit_date AS revenue_client_visits_previous_visit_date, revenue_client_visits.services AS revenue_client_visits_services, revenue_client_visits.master AS revenue_client_visits_master, revenue_client_visits.amount AS revenue_client_visits_amount, revenue_client_visits.visit_status AS revenue_client_visits_visit_status, revenue_client_visits.raw_data AS revenue_client_visits_raw_data, revenue_client_visits.created_at AS revenue_client_visits_created_at, revenue_client_visits.updated_at AS revenue_client_visits_updated_at 
FROM revenue_client_visits 
WHERE revenue_client_visits.altegio_record_id = %(altegio_record_id_1)s::INTEGER 
 LIMIT %(param_1)s::INTEGER
2026-08-01 12:20:48,499 INFO sqlalchemy.engine.Engine [cached since 52.51s ago] {'altegio_record_id_1': 647179849, 'param_1': 1}
2026-08-01 12:20:48,500 INFO sqlalchemy.engine.Engine SELECT revenue_client_visits.id AS revenue_client_visits_id, revenue_client_visits.revenue_client_id AS revenue_client_visits_revenue_client_id, revenue_client_visits.altegio_record_id AS revenue_client_visits_altegio_record_id, revenue_client_visits.last_visit_date AS revenue_client_visits_last_visit_date, revenue_client_visits.previous_visit_date AS revenue_client_visits_previous_visit_date, revenue_client_visits.services AS revenue_client_visits_services, revenue_client_visits.master AS revenue_client_visits_master, revenue_client_visits.amount AS revenue_client_visits_amount, revenue_client_visits.visit_status AS revenue_client_visits_visit_status, revenue_client_visits.raw_data AS revenue_client_visits_raw_data, revenue_client_visits.created_at AS revenue_client_visits_created_at, revenue_client_visits.updated_at AS revenue_client_visits_updated_at 
FROM revenue_client_visits 
WHERE revenue_client_visits.revenue_client_id = %(revenue_client_id_1)s::INTEGER ORDER BY revenue_client_visits.last_visit_date ASC, revenue_client_visits.id ASC
2026-08-01 12:20:48,500 INFO sqlalchemy.engine.Engine [cached since 52.5s ago] {'revenue_client_id_1': 289}
2026-08-01 12:20:48,714 INFO sqlalchemy.engine.Engine SELECT revenue_client_visits.id AS revenue_client_visits_id, revenue_client_visits.revenue_client_id AS revenue_client_visits_revenue_client_id, revenue_client_visits.altegio_record_id AS revenue_client_visits_altegio_record_id, revenue_client_visits.last_visit_date AS revenue_client_visits_last_visit_date, revenue_client_visits.previous_visit_date AS revenue_client_visits_previous_visit_date, revenue_client_visits.services AS revenue_client_visits_services, revenue_client_visits.master AS revenue_client_visits_master, revenue_client_visits.amount AS revenue_client_visits_amount, revenue_client_visits.visit_status AS revenue_client_visits_visit_status, revenue_client_visits.raw_data AS revenue_client_visits_raw_data, revenue_client_visits.created_at AS revenue_client_visits_created_at, revenue_client_visits.updated_at AS revenue_client_visits_updated_at 
FROM revenue_client_visits 
WHERE revenue_client_visits.altegio_record_id = %(altegio_record_id_1)s::INTEGER 
 LIMIT %(param_1)s::INTEGER
2026-08-01 12:20:48,714 INFO sqlalchemy.engine.Engine [cached since 52.72s ago] {'altegio_record_id_1': 647731390, 'param_1': 1}
2026-08-01 12:20:48,716 INFO sqlalchemy.engine.Engine SELECT revenue_client_visits.id AS revenue_client_visits_id, revenue_client_visits.revenue_client_id AS revenue_client_visits_revenue_client_id, revenue_client_visits.altegio_record_id AS revenue_client_visits_altegio_record_id, revenue_client_visits.last_visit_date AS revenue_client_visits_last_visit_date, revenue_client_visits.previous_visit_date AS revenue_client_visits_previous_visit_date, revenue_client_visits.services AS revenue_client_visits_services, revenue_client_visits.master AS revenue_client_visits_master, revenue_client_visits.amount AS revenue_client_visits_amount, revenue_client_visits.visit_status AS revenue_client_visits_visit_status, revenue_client_visits.raw_data AS revenue_client_visits_raw_data, revenue_client_visits.created_at AS revenue_client_visits_created_at, revenue_client_visits.updated_at AS revenue_client_visits_updated_at 
FROM revenue_client_visits 
WHERE revenue_client_visits.altegio_record_id = %(altegio_record_id_1)s::INTEGER 
 LIMIT %(param_1)s::INTEGER
2026-08-01 12:20:48,716 INFO sqlalchemy.engine.Engine [cached since 52.72s ago] {'altegio_record_id_1': 647197364, 'param_1': 1}
2026-08-01 12:20:48,717 INFO sqlalchemy.engine.Engine SELECT revenue_client_visits.id AS revenue_client_visits_id, revenue_client_visits.revenue_client_id AS revenue_client_visits_revenue_client_id, revenue_client_visits.altegio_record_id AS revenue_client_visits_altegio_record_id, revenue_client_visits.last_visit_date AS revenue_client_visits_last_visit_date, revenue_client_visits.previous_visit_date AS revenue_client_visits_previous_visit_date, revenue_client_visits.services AS revenue_client_visits_services, revenue_client_visits.master AS revenue_client_visits_master, revenue_client_visits.amount AS revenue_client_visits_amount, revenue_client_visits.visit_status AS revenue_client_visits_visit_status, revenue_client_visits.raw_data AS revenue_client_visits_raw_data, revenue_client_visits.created_at AS revenue_client_visits_created_at, revenue_client_visits.updated_at AS revenue_client_visits_updated_at 
FROM revenue_client_visits 
WHERE revenue_client_visits.revenue_client_id = %(revenue_client_id_1)s::INTEGER ORDER BY revenue_client_visits.last_visit_date ASC, revenue_client_visits.id ASC
2026-08-01 12:20:48,717 INFO sqlalchemy.engine.Engine [cached since 52.72s ago] {'revenue_client_id_1': 290}
2026-08-01 12:20:48,922 INFO sqlalchemy.engine.Engine SELECT revenue_client_visits.id AS revenue_client_visits_id, revenue_client_visits.revenue_client_id AS revenue_client_visits_revenue_client_id, revenue_client_visits.altegio_record_id AS revenue_client_visits_altegio_record_id, revenue_client_visits.last_visit_date AS revenue_client_visits_last_visit_date, revenue_client_visits.previous_visit_date AS revenue_client_visits_previous_visit_date, revenue_client_visits.services AS revenue_client_visits_services, revenue_client_visits.master AS revenue_client_visits_master, revenue_client_visits.amount AS revenue_client_visits_amount, revenue_client_visits.visit_status AS revenue_client_visits_visit_status, revenue_client_visits.raw_data AS revenue_client_visits_raw_data, revenue_client_visits.created_at AS revenue_client_visits_created_at, revenue_client_visits.updated_at AS revenue_client_visits_updated_at 
FROM revenue_client_visits 
WHERE revenue_client_visits.altegio_record_id = %(altegio_record_id_1)s::INTEGER 
 LIMIT %(param_1)s::INTEGER
2026-08-01 12:20:48,923 INFO sqlalchemy.engine.Engine [cached since 52.93s ago] {'altegio_record_id_1': 653911901, 'param_1': 1}
2026-08-01 12:20:48,924 INFO sqlalchemy.engine.Engine SELECT revenue_client_visits.id AS revenue_client_visits_id, revenue_client_visits.revenue_client_id AS revenue_client_visits_revenue_client_id, revenue_client_visits.altegio_record_id AS revenue_client_visits_altegio_record_id, revenue_client_visits.last_visit_date AS revenue_client_visits_last_visit_date, revenue_client_visits.previous_visit_date AS revenue_client_visits_previous_visit_date, revenue_client_visits.services AS revenue_client_visits_services, revenue_client_visits.master AS revenue_client_visits_master, revenue_client_visits.amount AS revenue_client_visits_amount, revenue_client_visits.visit_status AS revenue_client_visits_visit_status, revenue_client_visits.raw_data AS revenue_client_visits_raw_data, revenue_client_visits.created_at AS revenue_client_visits_created_at, revenue_client_visits.updated_at AS revenue_client_visits_updated_at 
FROM revenue_client_visits 
WHERE revenue_client_visits.altegio_record_id = %(altegio_record_id_1)s::INTEGER 
 LIMIT %(param_1)s::INTEGER
2026-08-01 12:20:48,924 INFO sqlalchemy.engine.Engine [cached since 52.93s ago] {'altegio_record_id_1': 647231605, 'param_1': 1}
2026-08-01 12:20:48,925 INFO sqlalchemy.engine.Engine SELECT revenue_client_visits.id AS revenue_client_visits_id, revenue_client_visits.revenue_client_id AS revenue_client_visits_revenue_client_id, revenue_client_visits.altegio_record_id AS revenue_client_visits_altegio_record_id, revenue_client_visits.last_visit_date AS revenue_client_visits_last_visit_date, revenue_client_visits.previous_visit_date AS revenue_client_visits_previous_visit_date, revenue_client_visits.services AS revenue_client_visits_services, revenue_client_visits.master AS revenue_client_visits_master, revenue_client_visits.amount AS revenue_client_visits_amount, revenue_client_visits.visit_status AS revenue_client_visits_visit_status, revenue_client_visits.raw_data AS revenue_client_visits_raw_data, revenue_client_visits.created_at AS revenue_client_visits_created_at, revenue_client_visits.updated_at AS revenue_client_visits_updated_at 
FROM revenue_client_visits 
WHERE revenue_client_visits.revenue_client_id = %(revenue_client_id_1)s::INTEGER ORDER BY revenue_client_visits.last_visit_date ASC, revenue_client_visits.id ASC
2026-08-01 12:20:48,925 INFO sqlalchemy.engine.Engine [cached since 52.92s ago] {'revenue_client_id_1': 291}
2026-08-01 12:20:49,106 INFO sqlalchemy.engine.Engine SELECT revenue_client_visits.id AS revenue_client_visits_id, revenue_client_visits.revenue_client_id AS revenue_client_visits_revenue_client_id, revenue_client_visits.altegio_record_id AS revenue_client_visits_altegio_record_id, revenue_client_visits.last_visit_date AS revenue_client_visits_last_visit_date, revenue_client_visits.previous_visit_date AS revenue_client_visits_previous_visit_date, revenue_client_visits.services AS revenue_client_visits_services, revenue_client_visits.master AS revenue_client_visits_master, revenue_client_visits.amount AS revenue_client_visits_amount, revenue_client_visits.visit_status AS revenue_client_visits_visit_status, revenue_client_visits.raw_data AS revenue_client_visits_raw_data, revenue_client_visits.created_at AS revenue_client_visits_created_at, revenue_client_visits.updated_at AS revenue_client_visits_updated_at 
FROM revenue_client_visits 
WHERE revenue_client_visits.altegio_record_id = %(altegio_record_id_1)s::INTEGER 
 LIMIT %(param_1)s::INTEGER
2026-08-01 12:20:49,106 INFO sqlalchemy.engine.Engine [cached since 53.11s ago] {'altegio_record_id_1': 647760921, 'param_1': 1}
2026-08-01 12:20:49,108 INFO sqlalchemy.engine.Engine SELECT revenue_client_visits.id AS revenue_client_visits_id, revenue_client_visits.revenue_client_id AS revenue_client_visits_revenue_client_id, revenue_client_visits.altegio_record_id AS revenue_client_visits_altegio_record_id, revenue_client_visits.last_visit_date AS revenue_client_visits_last_visit_date, revenue_client_visits.previous_visit_date AS revenue_client_visits_previous_visit_date, revenue_client_visits.services AS revenue_client_visits_services, revenue_client_visits.master AS revenue_client_visits_master, revenue_client_visits.amount AS revenue_client_visits_amount, revenue_client_visits.visit_status AS revenue_client_visits_visit_status, revenue_client_visits.raw_data AS revenue_client_visits_raw_data, revenue_client_visits.created_at AS revenue_client_visits_created_at, revenue_client_visits.updated_at AS revenue_client_visits_updated_at 
FROM revenue_client_visits 
WHERE revenue_client_visits.revenue_client_id = %(revenue_client_id_1)s::INTEGER ORDER BY revenue_client_visits.last_visit_date ASC, revenue_client_visits.id ASC
2026-08-01 12:20:49,108 INFO sqlalchemy.engine.Engine [cached since 53.11s ago] {'revenue_client_id_1': 292}
2026-08-01 12:20:49,273 INFO sqlalchemy.engine.Engine SELECT revenue_client_visits.id AS revenue_client_visits_id, revenue_client_visits.revenue_client_id AS revenue_client_visits_revenue_client_id, revenue_client_visits.altegio_record_id AS revenue_client_visits_altegio_record_id, revenue_client_visits.last_visit_date AS revenue_client_visits_last_visit_date, revenue_client_visits.previous_visit_date AS revenue_client_visits_previous_visit_date, revenue_client_visits.services AS revenue_client_visits_services, revenue_client_visits.master AS revenue_client_visits_master, revenue_client_visits.amount AS revenue_client_visits_amount, revenue_client_visits.visit_status AS revenue_client_visits_visit_status, revenue_client_visits.raw_data AS revenue_client_visits_raw_data, revenue_client_visits.created_at AS revenue_client_visits_created_at, revenue_client_visits.updated_at AS revenue_client_visits_updated_at 
FROM revenue_client_visits 
WHERE revenue_client_visits.altegio_record_id = %(altegio_record_id_1)s::INTEGER 
 LIMIT %(param_1)s::INTEGER
2026-08-01 12:20:49,273 INFO sqlalchemy.engine.Engine [cached since 53.28s ago] {'altegio_record_id_1': 648248152, 'param_1': 1}
2026-08-01 12:20:49,274 INFO sqlalchemy.engine.Engine SELECT revenue_client_visits.id AS revenue_client_visits_id, revenue_client_visits.revenue_client_id AS revenue_client_visits_revenue_client_id, revenue_client_visits.altegio_record_id AS revenue_client_visits_altegio_record_id, revenue_client_visits.last_visit_date AS revenue_client_visits_last_visit_date, revenue_client_visits.previous_visit_date AS revenue_client_visits_previous_visit_date, revenue_client_visits.services AS revenue_client_visits_services, revenue_client_visits.master AS revenue_client_visits_master, revenue_client_visits.amount AS revenue_client_visits_amount, revenue_client_visits.visit_status AS revenue_client_visits_visit_status, revenue_client_visits.raw_data AS revenue_client_visits_raw_data, revenue_client_visits.created_at AS revenue_client_visits_created_at, revenue_client_visits.updated_at AS revenue_client_visits_updated_at 
FROM revenue_client_visits 
WHERE revenue_client_visits.revenue_client_id = %(revenue_client_id_1)s::INTEGER ORDER BY revenue_client_visits.last_visit_date ASC, revenue_client_visits.id ASC
2026-08-01 12:20:49,274 INFO sqlalchemy.engine.Engine [cached since 53.27s ago] {'revenue_client_id_1': 293}
2026-08-01 12:20:49,454 INFO sqlalchemy.engine.Engine SELECT revenue_client_visits.id AS revenue_client_visits_id, revenue_client_visits.revenue_client_id AS revenue_client_visits_revenue_client_id, revenue_client_visits.altegio_record_id AS revenue_client_visits_altegio_record_id, revenue_client_visits.last_visit_date AS revenue_client_visits_last_visit_date, revenue_client_visits.previous_visit_date AS revenue_client_visits_previous_visit_date, revenue_client_visits.services AS revenue_client_visits_services, revenue_client_visits.master AS revenue_client_visits_master, revenue_client_visits.amount AS revenue_client_visits_amount, revenue_client_visits.visit_status AS revenue_client_visits_visit_status, revenue_client_visits.raw_data AS revenue_client_visits_raw_data, revenue_client_visits.created_at AS revenue_client_visits_created_at, revenue_client_visits.updated_at AS revenue_client_visits_updated_at 
FROM revenue_client_visits 
WHERE revenue_client_visits.altegio_record_id = %(altegio_record_id_1)s::INTEGER 
 LIMIT %(param_1)s::INTEGER
2026-08-01 12:20:49,454 INFO sqlalchemy.engine.Engine [cached since 53.46s ago] {'altegio_record_id_1': 649492596, 'param_1': 1}
2026-08-01 12:20:49,456 INFO sqlalchemy.engine.Engine SELECT revenue_client_visits.id AS revenue_client_visits_id, revenue_client_visits.revenue_client_id AS revenue_client_visits_revenue_client_id, revenue_client_visits.altegio_record_id AS revenue_client_visits_altegio_record_id, revenue_client_visits.last_visit_date AS revenue_client_visits_last_visit_date, revenue_client_visits.previous_visit_date AS revenue_client_visits_previous_visit_date, revenue_client_visits.services AS revenue_client_visits_services, revenue_client_visits.master AS revenue_client_visits_master, revenue_client_visits.amount AS revenue_client_visits_amount, revenue_client_visits.visit_status AS revenue_client_visits_visit_status, revenue_client_visits.raw_data AS revenue_client_visits_raw_data, revenue_client_visits.created_at AS revenue_client_visits_created_at, revenue_client_visits.updated_at AS revenue_client_visits_updated_at 
FROM revenue_client_visits 
WHERE revenue_client_visits.revenue_client_id = %(revenue_client_id_1)s::INTEGER ORDER BY revenue_client_visits.last_visit_date ASC, revenue_client_visits.id ASC
2026-08-01 12:20:49,456 INFO sqlalchemy.engine.Engine [cached since 53.46s ago] {'revenue_client_id_1': 294}
2026-08-01 12:20:49,631 INFO sqlalchemy.engine.Engine SELECT revenue_client_visits.id AS revenue_client_visits_id, revenue_client_visits.revenue_client_id AS revenue_client_visits_revenue_client_id, revenue_client_visits.altegio_record_id AS revenue_client_visits_altegio_record_id, revenue_client_visits.last_visit_date AS revenue_client_visits_last_visit_date, revenue_client_visits.previous_visit_date AS revenue_client_visits_previous_visit_date, revenue_client_visits.services AS revenue_client_visits_services, revenue_client_visits.master AS revenue_client_visits_master, revenue_client_visits.amount AS revenue_client_visits_amount, revenue_client_visits.visit_status AS revenue_client_visits_visit_status, revenue_client_visits.raw_data AS revenue_client_visits_raw_data, revenue_client_visits.created_at AS revenue_client_visits_created_at, revenue_client_visits.updated_at AS revenue_client_visits_updated_at 
FROM revenue_client_visits 
WHERE revenue_client_visits.altegio_record_id = %(altegio_record_id_1)s::INTEGER 
 LIMIT %(param_1)s::INTEGER
2026-08-01 12:20:49,632 INFO sqlalchemy.engine.Engine [cached since 53.64s ago] {'altegio_record_id_1': 649934925, 'param_1': 1}
2026-08-01 12:20:49,633 INFO sqlalchemy.engine.Engine SELECT revenue_client_visits.id AS revenue_client_visits_id, revenue_client_visits.revenue_client_id AS revenue_client_visits_revenue_client_id, revenue_client_visits.altegio_record_id AS revenue_client_visits_altegio_record_id, revenue_client_visits.last_visit_date AS revenue_client_visits_last_visit_date, revenue_client_visits.previous_visit_date AS revenue_client_visits_previous_visit_date, revenue_client_visits.services AS revenue_client_visits_services, revenue_client_visits.master AS revenue_client_visits_master, revenue_client_visits.amount AS revenue_client_visits_amount, revenue_client_visits.visit_status AS revenue_client_visits_visit_status, revenue_client_visits.raw_data AS revenue_client_visits_raw_data, revenue_client_visits.created_at AS revenue_client_visits_created_at, revenue_client_visits.updated_at AS revenue_client_visits_updated_at 
FROM revenue_client_visits 
WHERE revenue_client_visits.revenue_client_id = %(revenue_client_id_1)s::INTEGER ORDER BY revenue_client_visits.last_visit_date ASC, revenue_client_visits.id ASC
2026-08-01 12:20:49,633 INFO sqlalchemy.engine.Engine [cached since 53.63s ago] {'revenue_client_id_1': 295}
2026-08-01 12:20:49,796 INFO sqlalchemy.engine.Engine SELECT revenue_client_visits.id AS revenue_client_visits_id, revenue_client_visits.revenue_client_id AS revenue_client_visits_revenue_client_id, revenue_client_visits.altegio_record_id AS revenue_client_visits_altegio_record_id, revenue_client_visits.last_visit_date AS revenue_client_visits_last_visit_date, revenue_client_visits.previous_visit_date AS revenue_client_visits_previous_visit_date, revenue_client_visits.services AS revenue_client_visits_services, revenue_client_visits.master AS revenue_client_visits_master, revenue_client_visits.amount AS revenue_client_visits_amount, revenue_client_visits.visit_status AS revenue_client_visits_visit_status, revenue_client_visits.raw_data AS revenue_client_visits_raw_data, revenue_client_visits.created_at AS revenue_client_visits_created_at, revenue_client_visits.updated_at AS revenue_client_visits_updated_at 
FROM revenue_client_visits 
WHERE revenue_client_visits.altegio_record_id = %(altegio_record_id_1)s::INTEGER 
 LIMIT %(param_1)s::INTEGER
2026-08-01 12:20:49,796 INFO sqlalchemy.engine.Engine [cached since 53.8s ago] {'altegio_record_id_1': 650049831, 'param_1': 1}
2026-08-01 12:20:49,797 INFO sqlalchemy.engine.Engine SELECT revenue_client_visits.id AS revenue_client_visits_id, revenue_client_visits.revenue_client_id AS revenue_client_visits_revenue_client_id, revenue_client_visits.altegio_record_id AS revenue_client_visits_altegio_record_id, revenue_client_visits.last_visit_date AS revenue_client_visits_last_visit_date, revenue_client_visits.previous_visit_date AS revenue_client_visits_previous_visit_date, revenue_client_visits.services AS revenue_client_visits_services, revenue_client_visits.master AS revenue_client_visits_master, revenue_client_visits.amount AS revenue_client_visits_amount, revenue_client_visits.visit_status AS revenue_client_visits_visit_status, revenue_client_visits.raw_data AS revenue_client_visits_raw_data, revenue_client_visits.created_at AS revenue_client_visits_created_at, revenue_client_visits.updated_at AS revenue_client_visits_updated_at 
FROM revenue_client_visits 
WHERE revenue_client_visits.revenue_client_id = %(revenue_client_id_1)s::INTEGER ORDER BY revenue_client_visits.last_visit_date ASC, revenue_client_visits.id ASC
2026-08-01 12:20:49,797 INFO sqlalchemy.engine.Engine [cached since 53.8s ago] {'revenue_client_id_1': 296}
2026-08-01 12:20:49,961 INFO sqlalchemy.engine.Engine SELECT revenue_client_visits.id AS revenue_client_visits_id, revenue_client_visits.revenue_client_id AS revenue_client_visits_revenue_client_id, revenue_client_visits.altegio_record_id AS revenue_client_visits_altegio_record_id, revenue_client_visits.last_visit_date AS revenue_client_visits_last_visit_date, revenue_client_visits.previous_visit_date AS revenue_client_visits_previous_visit_date, revenue_client_visits.services AS revenue_client_visits_services, revenue_client_visits.master AS revenue_client_visits_master, revenue_client_visits.amount AS revenue_client_visits_amount, revenue_client_visits.visit_status AS revenue_client_visits_visit_status, revenue_client_visits.raw_data AS revenue_client_visits_raw_data, revenue_client_visits.created_at AS revenue_client_visits_created_at, revenue_client_visits.updated_at AS revenue_client_visits_updated_at 
FROM revenue_client_visits 
WHERE revenue_client_visits.altegio_record_id = %(altegio_record_id_1)s::INTEGER 
 LIMIT %(param_1)s::INTEGER
2026-08-01 12:20:49,962 INFO sqlalchemy.engine.Engine [cached since 53.97s ago] {'altegio_record_id_1': 650342645, 'param_1': 1}
2026-08-01 12:20:49,963 INFO sqlalchemy.engine.Engine SELECT revenue_client_visits.id AS revenue_client_visits_id, revenue_client_visits.revenue_client_id AS revenue_client_visits_revenue_client_id, revenue_client_visits.altegio_record_id AS revenue_client_visits_altegio_record_id, revenue_client_visits.last_visit_date AS revenue_client_visits_last_visit_date, revenue_client_visits.previous_visit_date AS revenue_client_visits_previous_visit_date, revenue_client_visits.services AS revenue_client_visits_services, revenue_client_visits.master AS revenue_client_visits_master, revenue_client_visits.amount AS revenue_client_visits_amount, revenue_client_visits.visit_status AS revenue_client_visits_visit_status, revenue_client_visits.raw_data AS revenue_client_visits_raw_data, revenue_client_visits.created_at AS revenue_client_visits_created_at, revenue_client_visits.updated_at AS revenue_client_visits_updated_at 
FROM revenue_client_visits 
WHERE revenue_client_visits.revenue_client_id = %(revenue_client_id_1)s::INTEGER ORDER BY revenue_client_visits.last_visit_date ASC, revenue_client_visits.id ASC
2026-08-01 12:20:49,963 INFO sqlalchemy.engine.Engine [cached since 53.96s ago] {'revenue_client_id_1': 297}
2026-08-01 12:20:50,141 INFO sqlalchemy.engine.Engine SELECT revenue_client_visits.id AS revenue_client_visits_id, revenue_client_visits.revenue_client_id AS revenue_client_visits_revenue_client_id, revenue_client_visits.altegio_record_id AS revenue_client_visits_altegio_record_id, revenue_client_visits.last_visit_date AS revenue_client_visits_last_visit_date, revenue_client_visits.previous_visit_date AS revenue_client_visits_previous_visit_date, revenue_client_visits.services AS revenue_client_visits_services, revenue_client_visits.master AS revenue_client_visits_master, revenue_client_visits.amount AS revenue_client_visits_amount, revenue_client_visits.visit_status AS revenue_client_visits_visit_status, revenue_client_visits.raw_data AS revenue_client_visits_raw_data, revenue_client_visits.created_at AS revenue_client_visits_created_at, revenue_client_visits.updated_at AS revenue_client_visits_updated_at 
FROM revenue_client_visits 
WHERE revenue_client_visits.altegio_record_id = %(altegio_record_id_1)s::INTEGER 
 LIMIT %(param_1)s::INTEGER
2026-08-01 12:20:50,141 INFO sqlalchemy.engine.Engine [cached since 54.15s ago] {'altegio_record_id_1': 650880897, 'param_1': 1}
2026-08-01 12:20:50,143 INFO sqlalchemy.engine.Engine SELECT revenue_client_visits.id AS revenue_client_visits_id, revenue_client_visits.revenue_client_id AS revenue_client_visits_revenue_client_id, revenue_client_visits.altegio_record_id AS revenue_client_visits_altegio_record_id, revenue_client_visits.last_visit_date AS revenue_client_visits_last_visit_date, revenue_client_visits.previous_visit_date AS revenue_client_visits_previous_visit_date, revenue_client_visits.services AS revenue_client_visits_services, revenue_client_visits.master AS revenue_client_visits_master, revenue_client_visits.amount AS revenue_client_visits_amount, revenue_client_visits.visit_status AS revenue_client_visits_visit_status, revenue_client_visits.raw_data AS revenue_client_visits_raw_data, revenue_client_visits.created_at AS revenue_client_visits_created_at, revenue_client_visits.updated_at AS revenue_client_visits_updated_at 
FROM revenue_client_visits 
WHERE revenue_client_visits.revenue_client_id = %(revenue_client_id_1)s::INTEGER ORDER BY revenue_client_visits.last_visit_date ASC, revenue_client_visits.id ASC
2026-08-01 12:20:50,143 INFO sqlalchemy.engine.Engine [cached since 54.14s ago] {'revenue_client_id_1': 298}
2026-08-01 12:20:50,448 INFO sqlalchemy.engine.Engine SELECT revenue_client_visits.id AS revenue_client_visits_id, revenue_client_visits.revenue_client_id AS revenue_client_visits_revenue_client_id, revenue_client_visits.altegio_record_id AS revenue_client_visits_altegio_record_id, revenue_client_visits.last_visit_date AS revenue_client_visits_last_visit_date, revenue_client_visits.previous_visit_date AS revenue_client_visits_previous_visit_date, revenue_client_visits.services AS revenue_client_visits_services, revenue_client_visits.master AS revenue_client_visits_master, revenue_client_visits.amount AS revenue_client_visits_amount, revenue_client_visits.visit_status AS revenue_client_visits_visit_status, revenue_client_visits.raw_data AS revenue_client_visits_raw_data, revenue_client_visits.created_at AS revenue_client_visits_created_at, revenue_client_visits.updated_at AS revenue_client_visits_updated_at 
FROM revenue_client_visits 
WHERE revenue_client_visits.altegio_record_id = %(altegio_record_id_1)s::INTEGER 
 LIMIT %(param_1)s::INTEGER
2026-08-01 12:20:50,448 INFO sqlalchemy.engine.Engine [cached since 54.46s ago] {'altegio_record_id_1': 655355573, 'param_1': 1}
2026-08-01 12:20:50,450 INFO sqlalchemy.engine.Engine SELECT revenue_client_visits.id AS revenue_client_visits_id, revenue_client_visits.revenue_client_id AS revenue_client_visits_revenue_client_id, revenue_client_visits.altegio_record_id AS revenue_client_visits_altegio_record_id, revenue_client_visits.last_visit_date AS revenue_client_visits_last_visit_date, revenue_client_visits.previous_visit_date AS revenue_client_visits_previous_visit_date, revenue_client_visits.services AS revenue_client_visits_services, revenue_client_visits.master AS revenue_client_visits_master, revenue_client_visits.amount AS revenue_client_visits_amount, revenue_client_visits.visit_status AS revenue_client_visits_visit_status, revenue_client_visits.raw_data AS revenue_client_visits_raw_data, revenue_client_visits.created_at AS revenue_client_visits_created_at, revenue_client_visits.updated_at AS revenue_client_visits_updated_at 
FROM revenue_client_visits 
WHERE revenue_client_visits.altegio_record_id = %(altegio_record_id_1)s::INTEGER 
 LIMIT %(param_1)s::INTEGER
2026-08-01 12:20:50,450 INFO sqlalchemy.engine.Engine [cached since 54.46s ago] {'altegio_record_id_1': 651044515, 'param_1': 1}
2026-08-01 12:20:50,451 INFO sqlalchemy.engine.Engine SELECT revenue_client_visits.id AS revenue_client_visits_id, revenue_client_visits.revenue_client_id AS revenue_client_visits_revenue_client_id, revenue_client_visits.altegio_record_id AS revenue_client_visits_altegio_record_id, revenue_client_visits.last_visit_date AS revenue_client_visits_last_visit_date, revenue_client_visits.previous_visit_date AS revenue_client_visits_previous_visit_date, revenue_client_visits.services AS revenue_client_visits_services, revenue_client_visits.master AS revenue_client_visits_master, revenue_client_visits.amount AS revenue_client_visits_amount, revenue_client_visits.visit_status AS revenue_client_visits_visit_status, revenue_client_visits.raw_data AS revenue_client_visits_raw_data, revenue_client_visits.created_at AS revenue_client_visits_created_at, revenue_client_visits.updated_at AS revenue_client_visits_updated_at 
FROM revenue_client_visits 
WHERE revenue_client_visits.revenue_client_id = %(revenue_client_id_1)s::INTEGER ORDER BY revenue_client_visits.last_visit_date ASC, revenue_client_visits.id ASC
2026-08-01 12:20:50,451 INFO sqlalchemy.engine.Engine [cached since 54.45s ago] {'revenue_client_id_1': 300}
2026-08-01 12:20:50,621 INFO sqlalchemy.engine.Engine SELECT revenue_client_visits.id AS revenue_client_visits_id, revenue_client_visits.revenue_client_id AS revenue_client_visits_revenue_client_id, revenue_client_visits.altegio_record_id AS revenue_client_visits_altegio_record_id, revenue_client_visits.last_visit_date AS revenue_client_visits_last_visit_date, revenue_client_visits.previous_visit_date AS revenue_client_visits_previous_visit_date, revenue_client_visits.services AS revenue_client_visits_services, revenue_client_visits.master AS revenue_client_visits_master, revenue_client_visits.amount AS revenue_client_visits_amount, revenue_client_visits.visit_status AS revenue_client_visits_visit_status, revenue_client_visits.raw_data AS revenue_client_visits_raw_data, revenue_client_visits.created_at AS revenue_client_visits_created_at, revenue_client_visits.updated_at AS revenue_client_visits_updated_at 
FROM revenue_client_visits 
WHERE revenue_client_visits.altegio_record_id = %(altegio_record_id_1)s::INTEGER 
 LIMIT %(param_1)s::INTEGER
2026-08-01 12:20:50,621 INFO sqlalchemy.engine.Engine [cached since 54.63s ago] {'altegio_record_id_1': 651683183, 'param_1': 1}
2026-08-01 12:20:50,622 INFO sqlalchemy.engine.Engine SELECT revenue_client_visits.id AS revenue_client_visits_id, revenue_client_visits.revenue_client_id AS revenue_client_visits_revenue_client_id, revenue_client_visits.altegio_record_id AS revenue_client_visits_altegio_record_id, revenue_client_visits.last_visit_date AS revenue_client_visits_last_visit_date, revenue_client_visits.previous_visit_date AS revenue_client_visits_previous_visit_date, revenue_client_visits.services AS revenue_client_visits_services, revenue_client_visits.master AS revenue_client_visits_master, revenue_client_visits.amount AS revenue_client_visits_amount, revenue_client_visits.visit_status AS revenue_client_visits_visit_status, revenue_client_visits.raw_data AS revenue_client_visits_raw_data, revenue_client_visits.created_at AS revenue_client_visits_created_at, revenue_client_visits.updated_at AS revenue_client_visits_updated_at 
FROM revenue_client_visits 
WHERE revenue_client_visits.revenue_client_id = %(revenue_client_id_1)s::INTEGER ORDER BY revenue_client_visits.last_visit_date ASC, revenue_client_visits.id ASC
2026-08-01 12:20:50,622 INFO sqlalchemy.engine.Engine [cached since 54.62s ago] {'revenue_client_id_1': 301}
2026-08-01 12:20:50,834 INFO sqlalchemy.engine.Engine SELECT revenue_client_visits.id AS revenue_client_visits_id, revenue_client_visits.revenue_client_id AS revenue_client_visits_revenue_client_id, revenue_client_visits.altegio_record_id AS revenue_client_visits_altegio_record_id, revenue_client_visits.last_visit_date AS revenue_client_visits_last_visit_date, revenue_client_visits.previous_visit_date AS revenue_client_visits_previous_visit_date, revenue_client_visits.services AS revenue_client_visits_services, revenue_client_visits.master AS revenue_client_visits_master, revenue_client_visits.amount AS revenue_client_visits_amount, revenue_client_visits.visit_status AS revenue_client_visits_visit_status, revenue_client_visits.raw_data AS revenue_client_visits_raw_data, revenue_client_visits.created_at AS revenue_client_visits_created_at, revenue_client_visits.updated_at AS revenue_client_visits_updated_at 
FROM revenue_client_visits 
WHERE revenue_client_visits.altegio_record_id = %(altegio_record_id_1)s::INTEGER 
 LIMIT %(param_1)s::INTEGER
2026-08-01 12:20:50,834 INFO sqlalchemy.engine.Engine [cached since 54.84s ago] {'altegio_record_id_1': 651706579, 'param_1': 1}
2026-08-01 12:20:50,837 INFO sqlalchemy.engine.Engine SELECT revenue_client_visits.id AS revenue_client_visits_id, revenue_client_visits.revenue_client_id AS revenue_client_visits_revenue_client_id, revenue_client_visits.altegio_record_id AS revenue_client_visits_altegio_record_id, revenue_client_visits.last_visit_date AS revenue_client_visits_last_visit_date, revenue_client_visits.previous_visit_date AS revenue_client_visits_previous_visit_date, revenue_client_visits.services AS revenue_client_visits_services, revenue_client_visits.master AS revenue_client_visits_master, revenue_client_visits.amount AS revenue_client_visits_amount, revenue_client_visits.visit_status AS revenue_client_visits_visit_status, revenue_client_visits.raw_data AS revenue_client_visits_raw_data, revenue_client_visits.created_at AS revenue_client_visits_created_at, revenue_client_visits.updated_at AS revenue_client_visits_updated_at 
FROM revenue_client_visits 
WHERE revenue_client_visits.revenue_client_id = %(revenue_client_id_1)s::INTEGER ORDER BY revenue_client_visits.last_visit_date ASC, revenue_client_visits.id ASC
2026-08-01 12:20:50,837 INFO sqlalchemy.engine.Engine [cached since 54.84s ago] {'revenue_client_id_1': 302}
2026-08-01 12:20:51,001 INFO sqlalchemy.engine.Engine SELECT revenue_client_visits.id AS revenue_client_visits_id, revenue_client_visits.revenue_client_id AS revenue_client_visits_revenue_client_id, revenue_client_visits.altegio_record_id AS revenue_client_visits_altegio_record_id, revenue_client_visits.last_visit_date AS revenue_client_visits_last_visit_date, revenue_client_visits.previous_visit_date AS revenue_client_visits_previous_visit_date, revenue_client_visits.services AS revenue_client_visits_services, revenue_client_visits.master AS revenue_client_visits_master, revenue_client_visits.amount AS revenue_client_visits_amount, revenue_client_visits.visit_status AS revenue_client_visits_visit_status, revenue_client_visits.raw_data AS revenue_client_visits_raw_data, revenue_client_visits.created_at AS revenue_client_visits_created_at, revenue_client_visits.updated_at AS revenue_client_visits_updated_at 
FROM revenue_client_visits 
WHERE revenue_client_visits.altegio_record_id = %(altegio_record_id_1)s::INTEGER 
 LIMIT %(param_1)s::INTEGER
2026-08-01 12:20:51,001 INFO sqlalchemy.engine.Engine [cached since 55.01s ago] {'altegio_record_id_1': 652039961, 'param_1': 1}
2026-08-01 12:20:51,002 INFO sqlalchemy.engine.Engine SELECT revenue_client_visits.id AS revenue_client_visits_id, revenue_client_visits.revenue_client_id AS revenue_client_visits_revenue_client_id, revenue_client_visits.altegio_record_id AS revenue_client_visits_altegio_record_id, revenue_client_visits.last_visit_date AS revenue_client_visits_last_visit_date, revenue_client_visits.previous_visit_date AS revenue_client_visits_previous_visit_date, revenue_client_visits.services AS revenue_client_visits_services, revenue_client_visits.master AS revenue_client_visits_master, revenue_client_visits.amount AS revenue_client_visits_amount, revenue_client_visits.visit_status AS revenue_client_visits_visit_status, revenue_client_visits.raw_data AS revenue_client_visits_raw_data, revenue_client_visits.created_at AS revenue_client_visits_created_at, revenue_client_visits.updated_at AS revenue_client_visits_updated_at 
FROM revenue_client_visits 
WHERE revenue_client_visits.revenue_client_id = %(revenue_client_id_1)s::INTEGER ORDER BY revenue_client_visits.last_visit_date ASC, revenue_client_visits.id ASC
2026-08-01 12:20:51,003 INFO sqlalchemy.engine.Engine [cached since 55s ago] {'revenue_client_id_1': 303}
2026-08-01 12:20:51,179 INFO sqlalchemy.engine.Engine SELECT revenue_client_visits.id AS revenue_client_visits_id, revenue_client_visits.revenue_client_id AS revenue_client_visits_revenue_client_id, revenue_client_visits.altegio_record_id AS revenue_client_visits_altegio_record_id, revenue_client_visits.last_visit_date AS revenue_client_visits_last_visit_date, revenue_client_visits.previous_visit_date AS revenue_client_visits_previous_visit_date, revenue_client_visits.services AS revenue_client_visits_services, revenue_client_visits.master AS revenue_client_visits_master, revenue_client_visits.amount AS revenue_client_visits_amount, revenue_client_visits.visit_status AS revenue_client_visits_visit_status, revenue_client_visits.raw_data AS revenue_client_visits_raw_data, revenue_client_visits.created_at AS revenue_client_visits_created_at, revenue_client_visits.updated_at AS revenue_client_visits_updated_at 
FROM revenue_client_visits 
WHERE revenue_client_visits.altegio_record_id = %(altegio_record_id_1)s::INTEGER 
 LIMIT %(param_1)s::INTEGER
2026-08-01 12:20:51,180 INFO sqlalchemy.engine.Engine [cached since 55.19s ago] {'altegio_record_id_1': 653685965, 'param_1': 1}
2026-08-01 12:20:51,181 INFO sqlalchemy.engine.Engine SELECT revenue_client_visits.id AS revenue_client_visits_id, revenue_client_visits.revenue_client_id AS revenue_client_visits_revenue_client_id, revenue_client_visits.altegio_record_id AS revenue_client_visits_altegio_record_id, revenue_client_visits.last_visit_date AS revenue_client_visits_last_visit_date, revenue_client_visits.previous_visit_date AS revenue_client_visits_previous_visit_date, revenue_client_visits.services AS revenue_client_visits_services, revenue_client_visits.master AS revenue_client_visits_master, revenue_client_visits.amount AS revenue_client_visits_amount, revenue_client_visits.visit_status AS revenue_client_visits_visit_status, revenue_client_visits.raw_data AS revenue_client_visits_raw_data, revenue_client_visits.created_at AS revenue_client_visits_created_at, revenue_client_visits.updated_at AS revenue_client_visits_updated_at 
FROM revenue_client_visits 
WHERE revenue_client_visits.revenue_client_id = %(revenue_client_id_1)s::INTEGER ORDER BY revenue_client_visits.last_visit_date ASC, revenue_client_visits.id ASC
2026-08-01 12:20:51,181 INFO sqlalchemy.engine.Engine [cached since 55.18s ago] {'revenue_client_id_1': 305}
2026-08-01 12:20:51,369 INFO sqlalchemy.engine.Engine SELECT revenue_client_visits.id AS revenue_client_visits_id, revenue_client_visits.revenue_client_id AS revenue_client_visits_revenue_client_id, revenue_client_visits.altegio_record_id AS revenue_client_visits_altegio_record_id, revenue_client_visits.last_visit_date AS revenue_client_visits_last_visit_date, revenue_client_visits.previous_visit_date AS revenue_client_visits_previous_visit_date, revenue_client_visits.services AS revenue_client_visits_services, revenue_client_visits.master AS revenue_client_visits_master, revenue_client_visits.amount AS revenue_client_visits_amount, revenue_client_visits.visit_status AS revenue_client_visits_visit_status, revenue_client_visits.raw_data AS revenue_client_visits_raw_data, revenue_client_visits.created_at AS revenue_client_visits_created_at, revenue_client_visits.updated_at AS revenue_client_visits_updated_at 
FROM revenue_client_visits 
WHERE revenue_client_visits.altegio_record_id = %(altegio_record_id_1)s::INTEGER 
 LIMIT %(param_1)s::INTEGER
2026-08-01 12:20:51,369 INFO sqlalchemy.engine.Engine [cached since 55.38s ago] {'altegio_record_id_1': 654072496, 'param_1': 1}
2026-08-01 12:20:51,371 INFO sqlalchemy.engine.Engine SELECT revenue_client_visits.id AS revenue_client_visits_id, revenue_client_visits.revenue_client_id AS revenue_client_visits_revenue_client_id, revenue_client_visits.altegio_record_id AS revenue_client_visits_altegio_record_id, revenue_client_visits.last_visit_date AS revenue_client_visits_last_visit_date, revenue_client_visits.previous_visit_date AS revenue_client_visits_previous_visit_date, revenue_client_visits.services AS revenue_client_visits_services, revenue_client_visits.master AS revenue_client_visits_master, revenue_client_visits.amount AS revenue_client_visits_amount, revenue_client_visits.visit_status AS revenue_client_visits_visit_status, revenue_client_visits.raw_data AS revenue_client_visits_raw_data, revenue_client_visits.created_at AS revenue_client_visits_created_at, revenue_client_visits.updated_at AS revenue_client_visits_updated_at 
FROM revenue_client_visits 
WHERE revenue_client_visits.revenue_client_id = %(revenue_client_id_1)s::INTEGER ORDER BY revenue_client_visits.last_visit_date ASC, revenue_client_visits.id ASC
2026-08-01 12:20:51,371 INFO sqlalchemy.engine.Engine [cached since 55.37s ago] {'revenue_client_id_1': 306}
2026-08-01 12:20:51,542 INFO sqlalchemy.engine.Engine SELECT revenue_client_visits.id AS revenue_client_visits_id, revenue_client_visits.revenue_client_id AS revenue_client_visits_revenue_client_id, revenue_client_visits.altegio_record_id AS revenue_client_visits_altegio_record_id, revenue_client_visits.last_visit_date AS revenue_client_visits_last_visit_date, revenue_client_visits.previous_visit_date AS revenue_client_visits_previous_visit_date, revenue_client_visits.services AS revenue_client_visits_services, revenue_client_visits.master AS revenue_client_visits_master, revenue_client_visits.amount AS revenue_client_visits_amount, revenue_client_visits.visit_status AS revenue_client_visits_visit_status, revenue_client_visits.raw_data AS revenue_client_visits_raw_data, revenue_client_visits.created_at AS revenue_client_visits_created_at, revenue_client_visits.updated_at AS revenue_client_visits_updated_at 
FROM revenue_client_visits 
WHERE revenue_client_visits.altegio_record_id = %(altegio_record_id_1)s::INTEGER 
 LIMIT %(param_1)s::INTEGER
2026-08-01 12:20:51,542 INFO sqlalchemy.engine.Engine [cached since 55.55s ago] {'altegio_record_id_1': 655000405, 'param_1': 1}
2026-08-01 12:20:51,544 INFO sqlalchemy.engine.Engine SELECT revenue_client_visits.id AS revenue_client_visits_id, revenue_client_visits.revenue_client_id AS revenue_client_visits_revenue_client_id, revenue_client_visits.altegio_record_id AS revenue_client_visits_altegio_record_id, revenue_client_visits.last_visit_date AS revenue_client_visits_last_visit_date, revenue_client_visits.previous_visit_date AS revenue_client_visits_previous_visit_date, revenue_client_visits.services AS revenue_client_visits_services, revenue_client_visits.master AS revenue_client_visits_master, revenue_client_visits.amount AS revenue_client_visits_amount, revenue_client_visits.visit_status AS revenue_client_visits_visit_status, revenue_client_visits.raw_data AS revenue_client_visits_raw_data, revenue_client_visits.created_at AS revenue_client_visits_created_at, revenue_client_visits.updated_at AS revenue_client_visits_updated_at 
FROM revenue_client_visits 
WHERE revenue_client_visits.revenue_client_id = %(revenue_client_id_1)s::INTEGER ORDER BY revenue_client_visits.last_visit_date ASC, revenue_client_visits.id ASC
2026-08-01 12:20:51,544 INFO sqlalchemy.engine.Engine [cached since 55.54s ago] {'revenue_client_id_1': 307}
2026-08-01 12:20:51,719 INFO sqlalchemy.engine.Engine SELECT revenue_client_visits.id AS revenue_client_visits_id, revenue_client_visits.revenue_client_id AS revenue_client_visits_revenue_client_id, revenue_client_visits.altegio_record_id AS revenue_client_visits_altegio_record_id, revenue_client_visits.last_visit_date AS revenue_client_visits_last_visit_date, revenue_client_visits.previous_visit_date AS revenue_client_visits_previous_visit_date, revenue_client_visits.services AS revenue_client_visits_services, revenue_client_visits.master AS revenue_client_visits_master, revenue_client_visits.amount AS revenue_client_visits_amount, revenue_client_visits.visit_status AS revenue_client_visits_visit_status, revenue_client_visits.raw_data AS revenue_client_visits_raw_data, revenue_client_visits.created_at AS revenue_client_visits_created_at, revenue_client_visits.updated_at AS revenue_client_visits_updated_at 
FROM revenue_client_visits 
WHERE revenue_client_visits.altegio_record_id = %(altegio_record_id_1)s::INTEGER 
 LIMIT %(param_1)s::INTEGER
2026-08-01 12:20:51,720 INFO sqlalchemy.engine.Engine [cached since 55.73s ago] {'altegio_record_id_1': 655354000, 'param_1': 1}
2026-08-01 12:20:51,721 INFO sqlalchemy.engine.Engine SELECT revenue_client_visits.id AS revenue_client_visits_id, revenue_client_visits.revenue_client_id AS revenue_client_visits_revenue_client_id, revenue_client_visits.altegio_record_id AS revenue_client_visits_altegio_record_id, revenue_client_visits.last_visit_date AS revenue_client_visits_last_visit_date, revenue_client_visits.previous_visit_date AS revenue_client_visits_previous_visit_date, revenue_client_visits.services AS revenue_client_visits_services, revenue_client_visits.master AS revenue_client_visits_master, revenue_client_visits.amount AS revenue_client_visits_amount, revenue_client_visits.visit_status AS revenue_client_visits_visit_status, revenue_client_visits.raw_data AS revenue_client_visits_raw_data, revenue_client_visits.created_at AS revenue_client_visits_created_at, revenue_client_visits.updated_at AS revenue_client_visits_updated_at 
FROM revenue_client_visits 
WHERE revenue_client_visits.revenue_client_id = %(revenue_client_id_1)s::INTEGER ORDER BY revenue_client_visits.last_visit_date ASC, revenue_client_visits.id ASC
2026-08-01 12:20:51,721 INFO sqlalchemy.engine.Engine [cached since 55.72s ago] {'revenue_client_id_1': 308}
2026-08-01 12:20:51,915 INFO sqlalchemy.engine.Engine SELECT revenue_client_visits.id AS revenue_client_visits_id, revenue_client_visits.revenue_client_id AS revenue_client_visits_revenue_client_id, revenue_client_visits.altegio_record_id AS revenue_client_visits_altegio_record_id, revenue_client_visits.last_visit_date AS revenue_client_visits_last_visit_date, revenue_client_visits.previous_visit_date AS revenue_client_visits_previous_visit_date, revenue_client_visits.services AS revenue_client_visits_services, revenue_client_visits.master AS revenue_client_visits_master, revenue_client_visits.amount AS revenue_client_visits_amount, revenue_client_visits.visit_status AS revenue_client_visits_visit_status, revenue_client_visits.raw_data AS revenue_client_visits_raw_data, revenue_client_visits.created_at AS revenue_client_visits_created_at, revenue_client_visits.updated_at AS revenue_client_visits_updated_at 
FROM revenue_client_visits 
WHERE revenue_client_visits.altegio_record_id = %(altegio_record_id_1)s::INTEGER 
 LIMIT %(param_1)s::INTEGER
2026-08-01 12:20:51,915 INFO sqlalchemy.engine.Engine [cached since 55.92s ago] {'altegio_record_id_1': 655545691, 'param_1': 1}
2026-08-01 12:20:51,917 INFO sqlalchemy.engine.Engine SELECT revenue_client_visits.id AS revenue_client_visits_id, revenue_client_visits.revenue_client_id AS revenue_client_visits_revenue_client_id, revenue_client_visits.altegio_record_id AS revenue_client_visits_altegio_record_id, revenue_client_visits.last_visit_date AS revenue_client_visits_last_visit_date, revenue_client_visits.previous_visit_date AS revenue_client_visits_previous_visit_date, revenue_client_visits.services AS revenue_client_visits_services, revenue_client_visits.master AS revenue_client_visits_master, revenue_client_visits.amount AS revenue_client_visits_amount, revenue_client_visits.visit_status AS revenue_client_visits_visit_status, revenue_client_visits.raw_data AS revenue_client_visits_raw_data, revenue_client_visits.created_at AS revenue_client_visits_created_at, revenue_client_visits.updated_at AS revenue_client_visits_updated_at 
FROM revenue_client_visits 
WHERE revenue_client_visits.revenue_client_id = %(revenue_client_id_1)s::INTEGER ORDER BY revenue_client_visits.last_visit_date ASC, revenue_client_visits.id ASC
2026-08-01 12:20:51,917 INFO sqlalchemy.engine.Engine [cached since 55.92s ago] {'revenue_client_id_1': 309}
2026-08-01 12:20:52,095 INFO sqlalchemy.engine.Engine SELECT revenue_client_visits.id AS revenue_client_visits_id, revenue_client_visits.revenue_client_id AS revenue_client_visits_revenue_client_id, revenue_client_visits.altegio_record_id AS revenue_client_visits_altegio_record_id, revenue_client_visits.last_visit_date AS revenue_client_visits_last_visit_date, revenue_client_visits.previous_visit_date AS revenue_client_visits_previous_visit_date, revenue_client_visits.services AS revenue_client_visits_services, revenue_client_visits.master AS revenue_client_visits_master, revenue_client_visits.amount AS revenue_client_visits_amount, revenue_client_visits.visit_status AS revenue_client_visits_visit_status, revenue_client_visits.raw_data AS revenue_client_visits_raw_data, revenue_client_visits.created_at AS revenue_client_visits_created_at, revenue_client_visits.updated_at AS revenue_client_visits_updated_at 
FROM revenue_client_visits 
WHERE revenue_client_visits.altegio_record_id = %(altegio_record_id_1)s::INTEGER 
 LIMIT %(param_1)s::INTEGER
2026-08-01 12:20:52,096 INFO sqlalchemy.engine.Engine [cached since 56.1s ago] {'altegio_record_id_1': 656280548, 'param_1': 1}
2026-08-01 12:20:52,097 INFO sqlalchemy.engine.Engine SELECT revenue_client_visits.id AS revenue_client_visits_id, revenue_client_visits.revenue_client_id AS revenue_client_visits_revenue_client_id, revenue_client_visits.altegio_record_id AS revenue_client_visits_altegio_record_id, revenue_client_visits.last_visit_date AS revenue_client_visits_last_visit_date, revenue_client_visits.previous_visit_date AS revenue_client_visits_previous_visit_date, revenue_client_visits.services AS revenue_client_visits_services, revenue_client_visits.master AS revenue_client_visits_master, revenue_client_visits.amount AS revenue_client_visits_amount, revenue_client_visits.visit_status AS revenue_client_visits_visit_status, revenue_client_visits.raw_data AS revenue_client_visits_raw_data, revenue_client_visits.created_at AS revenue_client_visits_created_at, revenue_client_visits.updated_at AS revenue_client_visits_updated_at 
FROM revenue_client_visits 
WHERE revenue_client_visits.altegio_record_id = %(altegio_record_id_1)s::INTEGER 
 LIMIT %(param_1)s::INTEGER
2026-08-01 12:20:52,097 INFO sqlalchemy.engine.Engine [cached since 56.11s ago] {'altegio_record_id_1': 656151175, 'param_1': 1}
2026-08-01 12:20:52,098 INFO sqlalchemy.engine.Engine SELECT revenue_client_visits.id AS revenue_client_visits_id, revenue_client_visits.revenue_client_id AS revenue_client_visits_revenue_client_id, revenue_client_visits.altegio_record_id AS revenue_client_visits_altegio_record_id, revenue_client_visits.last_visit_date AS revenue_client_visits_last_visit_date, revenue_client_visits.previous_visit_date AS revenue_client_visits_previous_visit_date, revenue_client_visits.services AS revenue_client_visits_services, revenue_client_visits.master AS revenue_client_visits_master, revenue_client_visits.amount AS revenue_client_visits_amount, revenue_client_visits.visit_status AS revenue_client_visits_visit_status, revenue_client_visits.raw_data AS revenue_client_visits_raw_data, revenue_client_visits.created_at AS revenue_client_visits_created_at, revenue_client_visits.updated_at AS revenue_client_visits_updated_at 
FROM revenue_client_visits 
WHERE revenue_client_visits.revenue_client_id = %(revenue_client_id_1)s::INTEGER ORDER BY revenue_client_visits.last_visit_date ASC, revenue_client_visits.id ASC
2026-08-01 12:20:52,098 INFO sqlalchemy.engine.Engine [cached since 56.1s ago] {'revenue_client_id_1': 310}
2026-08-01 12:20:52,283 INFO sqlalchemy.engine.Engine SELECT revenue_client_visits.id AS revenue_client_visits_id, revenue_client_visits.revenue_client_id AS revenue_client_visits_revenue_client_id, revenue_client_visits.altegio_record_id AS revenue_client_visits_altegio_record_id, revenue_client_visits.last_visit_date AS revenue_client_visits_last_visit_date, revenue_client_visits.previous_visit_date AS revenue_client_visits_previous_visit_date, revenue_client_visits.services AS revenue_client_visits_services, revenue_client_visits.master AS revenue_client_visits_master, revenue_client_visits.amount AS revenue_client_visits_amount, revenue_client_visits.visit_status AS revenue_client_visits_visit_status, revenue_client_visits.raw_data AS revenue_client_visits_raw_data, revenue_client_visits.created_at AS revenue_client_visits_created_at, revenue_client_visits.updated_at AS revenue_client_visits_updated_at 
FROM revenue_client_visits 
WHERE revenue_client_visits.altegio_record_id = %(altegio_record_id_1)s::INTEGER 
 LIMIT %(param_1)s::INTEGER
2026-08-01 12:20:52,283 INFO sqlalchemy.engine.Engine [cached since 56.29s ago] {'altegio_record_id_1': 657393309, 'param_1': 1}
2026-08-01 12:20:52,285 INFO sqlalchemy.engine.Engine SELECT revenue_client_visits.id AS revenue_client_visits_id, revenue_client_visits.revenue_client_id AS revenue_client_visits_revenue_client_id, revenue_client_visits.altegio_record_id AS revenue_client_visits_altegio_record_id, revenue_client_visits.last_visit_date AS revenue_client_visits_last_visit_date, revenue_client_visits.previous_visit_date AS revenue_client_visits_previous_visit_date, revenue_client_visits.services AS revenue_client_visits_services, revenue_client_visits.master AS revenue_client_visits_master, revenue_client_visits.amount AS revenue_client_visits_amount, revenue_client_visits.visit_status AS revenue_client_visits_visit_status, revenue_client_visits.raw_data AS revenue_client_visits_raw_data, revenue_client_visits.created_at AS revenue_client_visits_created_at, revenue_client_visits.updated_at AS revenue_client_visits_updated_at 
FROM revenue_client_visits 
WHERE revenue_client_visits.revenue_client_id = %(revenue_client_id_1)s::INTEGER ORDER BY revenue_client_visits.last_visit_date ASC, revenue_client_visits.id ASC
2026-08-01 12:20:52,285 INFO sqlalchemy.engine.Engine [cached since 56.28s ago] {'revenue_client_id_1': 311}
2026-08-01 12:20:52,448 INFO sqlalchemy.engine.Engine SELECT revenue_client_visits.id AS revenue_client_visits_id, revenue_client_visits.revenue_client_id AS revenue_client_visits_revenue_client_id, revenue_client_visits.altegio_record_id AS revenue_client_visits_altegio_record_id, revenue_client_visits.last_visit_date AS revenue_client_visits_last_visit_date, revenue_client_visits.previous_visit_date AS revenue_client_visits_previous_visit_date, revenue_client_visits.services AS revenue_client_visits_services, revenue_client_visits.master AS revenue_client_visits_master, revenue_client_visits.amount AS revenue_client_visits_amount, revenue_client_visits.visit_status AS revenue_client_visits_visit_status, revenue_client_visits.raw_data AS revenue_client_visits_raw_data, revenue_client_visits.created_at AS revenue_client_visits_created_at, revenue_client_visits.updated_at AS revenue_client_visits_updated_at 
FROM revenue_client_visits 
WHERE revenue_client_visits.altegio_record_id = %(altegio_record_id_1)s::INTEGER 
 LIMIT %(param_1)s::INTEGER
2026-08-01 12:20:52,448 INFO sqlalchemy.engine.Engine [cached since 56.46s ago] {'altegio_record_id_1': 658221271, 'param_1': 1}
2026-08-01 12:20:52,449 INFO sqlalchemy.engine.Engine SELECT revenue_client_visits.id AS revenue_client_visits_id, revenue_client_visits.revenue_client_id AS revenue_client_visits_revenue_client_id, revenue_client_visits.altegio_record_id AS revenue_client_visits_altegio_record_id, revenue_client_visits.last_visit_date AS revenue_client_visits_last_visit_date, revenue_client_visits.previous_visit_date AS revenue_client_visits_previous_visit_date, revenue_client_visits.services AS revenue_client_visits_services, revenue_client_visits.master AS revenue_client_visits_master, revenue_client_visits.amount AS revenue_client_visits_amount, revenue_client_visits.visit_status AS revenue_client_visits_visit_status, revenue_client_visits.raw_data AS revenue_client_visits_raw_data, revenue_client_visits.created_at AS revenue_client_visits_created_at, revenue_client_visits.updated_at AS revenue_client_visits_updated_at 
FROM revenue_client_visits 
WHERE revenue_client_visits.revenue_client_id = %(revenue_client_id_1)s::INTEGER ORDER BY revenue_client_visits.last_visit_date ASC, revenue_client_visits.id ASC
2026-08-01 12:20:52,449 INFO sqlalchemy.engine.Engine [cached since 56.45s ago] {'revenue_client_id_1': 312}
2026-08-01 12:20:52,616 INFO sqlalchemy.engine.Engine SELECT revenue_client_visits.id AS revenue_client_visits_id, revenue_client_visits.revenue_client_id AS revenue_client_visits_revenue_client_id, revenue_client_visits.altegio_record_id AS revenue_client_visits_altegio_record_id, revenue_client_visits.last_visit_date AS revenue_client_visits_last_visit_date, revenue_client_visits.previous_visit_date AS revenue_client_visits_previous_visit_date, revenue_client_visits.services AS revenue_client_visits_services, revenue_client_visits.master AS revenue_client_visits_master, revenue_client_visits.amount AS revenue_client_visits_amount, revenue_client_visits.visit_status AS revenue_client_visits_visit_status, revenue_client_visits.raw_data AS revenue_client_visits_raw_data, revenue_client_visits.created_at AS revenue_client_visits_created_at, revenue_client_visits.updated_at AS revenue_client_visits_updated_at 
FROM revenue_client_visits 
WHERE revenue_client_visits.altegio_record_id = %(altegio_record_id_1)s::INTEGER 
 LIMIT %(param_1)s::INTEGER
2026-08-01 12:20:52,616 INFO sqlalchemy.engine.Engine [cached since 56.62s ago] {'altegio_record_id_1': 658427459, 'param_1': 1}
2026-08-01 12:20:52,617 INFO sqlalchemy.engine.Engine SELECT revenue_client_visits.id AS revenue_client_visits_id, revenue_client_visits.revenue_client_id AS revenue_client_visits_revenue_client_id, revenue_client_visits.altegio_record_id AS revenue_client_visits_altegio_record_id, revenue_client_visits.last_visit_date AS revenue_client_visits_last_visit_date, revenue_client_visits.previous_visit_date AS revenue_client_visits_previous_visit_date, revenue_client_visits.services AS revenue_client_visits_services, revenue_client_visits.master AS revenue_client_visits_master, revenue_client_visits.amount AS revenue_client_visits_amount, revenue_client_visits.visit_status AS revenue_client_visits_visit_status, revenue_client_visits.raw_data AS revenue_client_visits_raw_data, revenue_client_visits.created_at AS revenue_client_visits_created_at, revenue_client_visits.updated_at AS revenue_client_visits_updated_at 
FROM revenue_client_visits 
WHERE revenue_client_visits.revenue_client_id = %(revenue_client_id_1)s::INTEGER ORDER BY revenue_client_visits.last_visit_date ASC, revenue_client_visits.id ASC
2026-08-01 12:20:52,617 INFO sqlalchemy.engine.Engine [cached since 56.62s ago] {'revenue_client_id_1': 313}
2026-08-01 12:20:52,815 INFO sqlalchemy.engine.Engine SELECT revenue_client_visits.id AS revenue_client_visits_id, revenue_client_visits.revenue_client_id AS revenue_client_visits_revenue_client_id, revenue_client_visits.altegio_record_id AS revenue_client_visits_altegio_record_id, revenue_client_visits.last_visit_date AS revenue_client_visits_last_visit_date, revenue_client_visits.previous_visit_date AS revenue_client_visits_previous_visit_date, revenue_client_visits.services AS revenue_client_visits_services, revenue_client_visits.master AS revenue_client_visits_master, revenue_client_visits.amount AS revenue_client_visits_amount, revenue_client_visits.visit_status AS revenue_client_visits_visit_status, revenue_client_visits.raw_data AS revenue_client_visits_raw_data, revenue_client_visits.created_at AS revenue_client_visits_created_at, revenue_client_visits.updated_at AS revenue_client_visits_updated_at 
FROM revenue_client_visits 
WHERE revenue_client_visits.altegio_record_id = %(altegio_record_id_1)s::INTEGER 
 LIMIT %(param_1)s::INTEGER
2026-08-01 12:20:52,815 INFO sqlalchemy.engine.Engine [cached since 56.82s ago] {'altegio_record_id_1': 660048559, 'param_1': 1}
2026-08-01 12:20:52,816 INFO sqlalchemy.engine.Engine SELECT revenue_client_visits.id AS revenue_client_visits_id, revenue_client_visits.revenue_client_id AS revenue_client_visits_revenue_client_id, revenue_client_visits.altegio_record_id AS revenue_client_visits_altegio_record_id, revenue_client_visits.last_visit_date AS revenue_client_visits_last_visit_date, revenue_client_visits.previous_visit_date AS revenue_client_visits_previous_visit_date, revenue_client_visits.services AS revenue_client_visits_services, revenue_client_visits.master AS revenue_client_visits_master, revenue_client_visits.amount AS revenue_client_visits_amount, revenue_client_visits.visit_status AS revenue_client_visits_visit_status, revenue_client_visits.raw_data AS revenue_client_visits_raw_data, revenue_client_visits.created_at AS revenue_client_visits_created_at, revenue_client_visits.updated_at AS revenue_client_visits_updated_at 
FROM revenue_client_visits 
WHERE revenue_client_visits.revenue_client_id = %(revenue_client_id_1)s::INTEGER ORDER BY revenue_client_visits.last_visit_date ASC, revenue_client_visits.id ASC
2026-08-01 12:20:52,816 INFO sqlalchemy.engine.Engine [cached since 56.82s ago] {'revenue_client_id_1': 314}
2026-08-01 12:20:53,048 INFO sqlalchemy.engine.Engine SELECT revenue_client_visits.id AS revenue_client_visits_id, revenue_client_visits.revenue_client_id AS revenue_client_visits_revenue_client_id, revenue_client_visits.altegio_record_id AS revenue_client_visits_altegio_record_id, revenue_client_visits.last_visit_date AS revenue_client_visits_last_visit_date, revenue_client_visits.previous_visit_date AS revenue_client_visits_previous_visit_date, revenue_client_visits.services AS revenue_client_visits_services, revenue_client_visits.master AS revenue_client_visits_master, revenue_client_visits.amount AS revenue_client_visits_amount, revenue_client_visits.visit_status AS revenue_client_visits_visit_status, revenue_client_visits.raw_data AS revenue_client_visits_raw_data, revenue_client_visits.created_at AS revenue_client_visits_created_at, revenue_client_visits.updated_at AS revenue_client_visits_updated_at 
FROM revenue_client_visits 
WHERE revenue_client_visits.altegio_record_id = %(altegio_record_id_1)s::INTEGER 
 LIMIT %(param_1)s::INTEGER
2026-08-01 12:20:53,048 INFO sqlalchemy.engine.Engine [cached since 57.06s ago] {'altegio_record_id_1': 659424897, 'param_1': 1}
2026-08-01 12:20:53,050 INFO sqlalchemy.engine.Engine SELECT revenue_client_visits.id AS revenue_client_visits_id, revenue_client_visits.revenue_client_id AS revenue_client_visits_revenue_client_id, revenue_client_visits.altegio_record_id AS revenue_client_visits_altegio_record_id, revenue_client_visits.last_visit_date AS revenue_client_visits_last_visit_date, revenue_client_visits.previous_visit_date AS revenue_client_visits_previous_visit_date, revenue_client_visits.services AS revenue_client_visits_services, revenue_client_visits.master AS revenue_client_visits_master, revenue_client_visits.amount AS revenue_client_visits_amount, revenue_client_visits.visit_status AS revenue_client_visits_visit_status, revenue_client_visits.raw_data AS revenue_client_visits_raw_data, revenue_client_visits.created_at AS revenue_client_visits_created_at, revenue_client_visits.updated_at AS revenue_client_visits_updated_at 
FROM revenue_client_visits 
WHERE revenue_client_visits.revenue_client_id = %(revenue_client_id_1)s::INTEGER ORDER BY revenue_client_visits.last_visit_date ASC, revenue_client_visits.id ASC
2026-08-01 12:20:53,050 INFO sqlalchemy.engine.Engine [cached since 57.05s ago] {'revenue_client_id_1': 315}
2026-08-01 12:20:53,266 INFO sqlalchemy.engine.Engine SELECT revenue_client_visits.id AS revenue_client_visits_id, revenue_client_visits.revenue_client_id AS revenue_client_visits_revenue_client_id, revenue_client_visits.altegio_record_id AS revenue_client_visits_altegio_record_id, revenue_client_visits.last_visit_date AS revenue_client_visits_last_visit_date, revenue_client_visits.previous_visit_date AS revenue_client_visits_previous_visit_date, revenue_client_visits.services AS revenue_client_visits_services, revenue_client_visits.master AS revenue_client_visits_master, revenue_client_visits.amount AS revenue_client_visits_amount, revenue_client_visits.visit_status AS revenue_client_visits_visit_status, revenue_client_visits.raw_data AS revenue_client_visits_raw_data, revenue_client_visits.created_at AS revenue_client_visits_created_at, revenue_client_visits.updated_at AS revenue_client_visits_updated_at 
FROM revenue_client_visits 
WHERE revenue_client_visits.altegio_record_id = %(altegio_record_id_1)s::INTEGER 
 LIMIT %(param_1)s::INTEGER
2026-08-01 12:20:53,266 INFO sqlalchemy.engine.Engine [cached since 57.27s ago] {'altegio_record_id_1': 659708881, 'param_1': 1}
2026-08-01 12:20:53,267 INFO sqlalchemy.engine.Engine SELECT revenue_client_visits.id AS revenue_client_visits_id, revenue_client_visits.revenue_client_id AS revenue_client_visits_revenue_client_id, revenue_client_visits.altegio_record_id AS revenue_client_visits_altegio_record_id, revenue_client_visits.last_visit_date AS revenue_client_visits_last_visit_date, revenue_client_visits.previous_visit_date AS revenue_client_visits_previous_visit_date, revenue_client_visits.services AS revenue_client_visits_services, revenue_client_visits.master AS revenue_client_visits_master, revenue_client_visits.amount AS revenue_client_visits_amount, revenue_client_visits.visit_status AS revenue_client_visits_visit_status, revenue_client_visits.raw_data AS revenue_client_visits_raw_data, revenue_client_visits.created_at AS revenue_client_visits_created_at, revenue_client_visits.updated_at AS revenue_client_visits_updated_at 
FROM revenue_client_visits 
WHERE revenue_client_visits.revenue_client_id = %(revenue_client_id_1)s::INTEGER ORDER BY revenue_client_visits.last_visit_date ASC, revenue_client_visits.id ASC
2026-08-01 12:20:53,268 INFO sqlalchemy.engine.Engine [cached since 57.27s ago] {'revenue_client_id_1': 316}
2026-08-01 12:20:53,431 INFO sqlalchemy.engine.Engine SELECT revenue_client_visits.id AS revenue_client_visits_id, revenue_client_visits.revenue_client_id AS revenue_client_visits_revenue_client_id, revenue_client_visits.altegio_record_id AS revenue_client_visits_altegio_record_id, revenue_client_visits.last_visit_date AS revenue_client_visits_last_visit_date, revenue_client_visits.previous_visit_date AS revenue_client_visits_previous_visit_date, revenue_client_visits.services AS revenue_client_visits_services, revenue_client_visits.master AS revenue_client_visits_master, revenue_client_visits.amount AS revenue_client_visits_amount, revenue_client_visits.visit_status AS revenue_client_visits_visit_status, revenue_client_visits.raw_data AS revenue_client_visits_raw_data, revenue_client_visits.created_at AS revenue_client_visits_created_at, revenue_client_visits.updated_at AS revenue_client_visits_updated_at 
FROM revenue_client_visits 
WHERE revenue_client_visits.altegio_record_id = %(altegio_record_id_1)s::INTEGER 
 LIMIT %(param_1)s::INTEGER
2026-08-01 12:20:53,431 INFO sqlalchemy.engine.Engine [cached since 57.44s ago] {'altegio_record_id_1': 661166285, 'param_1': 1}
2026-08-01 12:20:53,433 INFO sqlalchemy.engine.Engine SELECT revenue_client_visits.id AS revenue_client_visits_id, revenue_client_visits.revenue_client_id AS revenue_client_visits_revenue_client_id, revenue_client_visits.altegio_record_id AS revenue_client_visits_altegio_record_id, revenue_client_visits.last_visit_date AS revenue_client_visits_last_visit_date, revenue_client_visits.previous_visit_date AS revenue_client_visits_previous_visit_date, revenue_client_visits.services AS revenue_client_visits_services, revenue_client_visits.master AS revenue_client_visits_master, revenue_client_visits.amount AS revenue_client_visits_amount, revenue_client_visits.visit_status AS revenue_client_visits_visit_status, revenue_client_visits.raw_data AS revenue_client_visits_raw_data, revenue_client_visits.created_at AS revenue_client_visits_created_at, revenue_client_visits.updated_at AS revenue_client_visits_updated_at 
FROM revenue_client_visits 
WHERE revenue_client_visits.revenue_client_id = %(revenue_client_id_1)s::INTEGER ORDER BY revenue_client_visits.last_visit_date ASC, revenue_client_visits.id ASC
2026-08-01 12:20:53,433 INFO sqlalchemy.engine.Engine [cached since 57.43s ago] {'revenue_client_id_1': 318}
2026-08-01 12:20:53,599 INFO sqlalchemy.engine.Engine SELECT revenue_client_visits.id AS revenue_client_visits_id, revenue_client_visits.revenue_client_id AS revenue_client_visits_revenue_client_id, revenue_client_visits.altegio_record_id AS revenue_client_visits_altegio_record_id, revenue_client_visits.last_visit_date AS revenue_client_visits_last_visit_date, revenue_client_visits.previous_visit_date AS revenue_client_visits_previous_visit_date, revenue_client_visits.services AS revenue_client_visits_services, revenue_client_visits.master AS revenue_client_visits_master, revenue_client_visits.amount AS revenue_client_visits_amount, revenue_client_visits.visit_status AS revenue_client_visits_visit_status, revenue_client_visits.raw_data AS revenue_client_visits_raw_data, revenue_client_visits.created_at AS revenue_client_visits_created_at, revenue_client_visits.updated_at AS revenue_client_visits_updated_at 
FROM revenue_client_visits 
WHERE revenue_client_visits.altegio_record_id = %(altegio_record_id_1)s::INTEGER 
 LIMIT %(param_1)s::INTEGER
2026-08-01 12:20:53,599 INFO sqlalchemy.engine.Engine [cached since 57.61s ago] {'altegio_record_id_1': 661257546, 'param_1': 1}
2026-08-01 12:20:53,601 INFO sqlalchemy.engine.Engine SELECT revenue_client_visits.id AS revenue_client_visits_id, revenue_client_visits.revenue_client_id AS revenue_client_visits_revenue_client_id, revenue_client_visits.altegio_record_id AS revenue_client_visits_altegio_record_id, revenue_client_visits.last_visit_date AS revenue_client_visits_last_visit_date, revenue_client_visits.previous_visit_date AS revenue_client_visits_previous_visit_date, revenue_client_visits.services AS revenue_client_visits_services, revenue_client_visits.master AS revenue_client_visits_master, revenue_client_visits.amount AS revenue_client_visits_amount, revenue_client_visits.visit_status AS revenue_client_visits_visit_status, revenue_client_visits.raw_data AS revenue_client_visits_raw_data, revenue_client_visits.created_at AS revenue_client_visits_created_at, revenue_client_visits.updated_at AS revenue_client_visits_updated_at 
FROM revenue_client_visits 
WHERE revenue_client_visits.revenue_client_id = %(revenue_client_id_1)s::INTEGER ORDER BY revenue_client_visits.last_visit_date ASC, revenue_client_visits.id ASC
2026-08-01 12:20:53,601 INFO sqlalchemy.engine.Engine [cached since 57.6s ago] {'revenue_client_id_1': 319}
2026-08-01 12:20:53,939 INFO sqlalchemy.engine.Engine SELECT revenue_client_visits.id AS revenue_client_visits_id, revenue_client_visits.revenue_client_id AS revenue_client_visits_revenue_client_id, revenue_client_visits.altegio_record_id AS revenue_client_visits_altegio_record_id, revenue_client_visits.last_visit_date AS revenue_client_visits_last_visit_date, revenue_client_visits.previous_visit_date AS revenue_client_visits_previous_visit_date, revenue_client_visits.services AS revenue_client_visits_services, revenue_client_visits.master AS revenue_client_visits_master, revenue_client_visits.amount AS revenue_client_visits_amount, revenue_client_visits.visit_status AS revenue_client_visits_visit_status, revenue_client_visits.raw_data AS revenue_client_visits_raw_data, revenue_client_visits.created_at AS revenue_client_visits_created_at, revenue_client_visits.updated_at AS revenue_client_visits_updated_at 
FROM revenue_client_visits 
WHERE revenue_client_visits.altegio_record_id = %(altegio_record_id_1)s::INTEGER 
 LIMIT %(param_1)s::INTEGER
2026-08-01 12:20:53,940 INFO sqlalchemy.engine.Engine [cached since 57.95s ago] {'altegio_record_id_1': 661342714, 'param_1': 1}
2026-08-01 12:20:53,941 INFO sqlalchemy.engine.Engine SELECT revenue_client_visits.id AS revenue_client_visits_id, revenue_client_visits.revenue_client_id AS revenue_client_visits_revenue_client_id, revenue_client_visits.altegio_record_id AS revenue_client_visits_altegio_record_id, revenue_client_visits.last_visit_date AS revenue_client_visits_last_visit_date, revenue_client_visits.previous_visit_date AS revenue_client_visits_previous_visit_date, revenue_client_visits.services AS revenue_client_visits_services, revenue_client_visits.master AS revenue_client_visits_master, revenue_client_visits.amount AS revenue_client_visits_amount, revenue_client_visits.visit_status AS revenue_client_visits_visit_status, revenue_client_visits.raw_data AS revenue_client_visits_raw_data, revenue_client_visits.created_at AS revenue_client_visits_created_at, revenue_client_visits.updated_at AS revenue_client_visits_updated_at 
FROM revenue_client_visits 
WHERE revenue_client_visits.revenue_client_id = %(revenue_client_id_1)s::INTEGER ORDER BY revenue_client_visits.last_visit_date ASC, revenue_client_visits.id ASC
2026-08-01 12:20:53,941 INFO sqlalchemy.engine.Engine [cached since 57.94s ago] {'revenue_client_id_1': 321}
2026-08-01 12:20:54,126 INFO sqlalchemy.engine.Engine SELECT revenue_client_visits.id AS revenue_client_visits_id, revenue_client_visits.revenue_client_id AS revenue_client_visits_revenue_client_id, revenue_client_visits.altegio_record_id AS revenue_client_visits_altegio_record_id, revenue_client_visits.last_visit_date AS revenue_client_visits_last_visit_date, revenue_client_visits.previous_visit_date AS revenue_client_visits_previous_visit_date, revenue_client_visits.services AS revenue_client_visits_services, revenue_client_visits.master AS revenue_client_visits_master, revenue_client_visits.amount AS revenue_client_visits_amount, revenue_client_visits.visit_status AS revenue_client_visits_visit_status, revenue_client_visits.raw_data AS revenue_client_visits_raw_data, revenue_client_visits.created_at AS revenue_client_visits_created_at, revenue_client_visits.updated_at AS revenue_client_visits_updated_at 
FROM revenue_client_visits 
WHERE revenue_client_visits.altegio_record_id = %(altegio_record_id_1)s::INTEGER 
 LIMIT %(param_1)s::INTEGER
2026-08-01 12:20:54,126 INFO sqlalchemy.engine.Engine [cached since 58.13s ago] {'altegio_record_id_1': 661384744, 'param_1': 1}
2026-08-01 12:20:54,127 INFO sqlalchemy.engine.Engine SELECT revenue_client_visits.id AS revenue_client_visits_id, revenue_client_visits.revenue_client_id AS revenue_client_visits_revenue_client_id, revenue_client_visits.altegio_record_id AS revenue_client_visits_altegio_record_id, revenue_client_visits.last_visit_date AS revenue_client_visits_last_visit_date, revenue_client_visits.previous_visit_date AS revenue_client_visits_previous_visit_date, revenue_client_visits.services AS revenue_client_visits_services, revenue_client_visits.master AS revenue_client_visits_master, revenue_client_visits.amount AS revenue_client_visits_amount, revenue_client_visits.visit_status AS revenue_client_visits_visit_status, revenue_client_visits.raw_data AS revenue_client_visits_raw_data, revenue_client_visits.created_at AS revenue_client_visits_created_at, revenue_client_visits.updated_at AS revenue_client_visits_updated_at 
FROM revenue_client_visits 
WHERE revenue_client_visits.revenue_client_id = %(revenue_client_id_1)s::INTEGER ORDER BY revenue_client_visits.last_visit_date ASC, revenue_client_visits.id ASC
2026-08-01 12:20:54,127 INFO sqlalchemy.engine.Engine [cached since 58.13s ago] {'revenue_client_id_1': 322}
2026-08-01 12:20:54,297 INFO sqlalchemy.engine.Engine SELECT revenue_client_visits.id AS revenue_client_visits_id, revenue_client_visits.revenue_client_id AS revenue_client_visits_revenue_client_id, revenue_client_visits.altegio_record_id AS revenue_client_visits_altegio_record_id, revenue_client_visits.last_visit_date AS revenue_client_visits_last_visit_date, revenue_client_visits.previous_visit_date AS revenue_client_visits_previous_visit_date, revenue_client_visits.services AS revenue_client_visits_services, revenue_client_visits.master AS revenue_client_visits_master, revenue_client_visits.amount AS revenue_client_visits_amount, revenue_client_visits.visit_status AS revenue_client_visits_visit_status, revenue_client_visits.raw_data AS revenue_client_visits_raw_data, revenue_client_visits.created_at AS revenue_client_visits_created_at, revenue_client_visits.updated_at AS revenue_client_visits_updated_at 
FROM revenue_client_visits 
WHERE revenue_client_visits.altegio_record_id = %(altegio_record_id_1)s::INTEGER 
 LIMIT %(param_1)s::INTEGER
2026-08-01 12:20:54,298 INFO sqlalchemy.engine.Engine [cached since 58.31s ago] {'altegio_record_id_1': 661407988, 'param_1': 1}
2026-08-01 12:20:54,299 INFO sqlalchemy.engine.Engine SELECT revenue_client_visits.id AS revenue_client_visits_id, revenue_client_visits.revenue_client_id AS revenue_client_visits_revenue_client_id, revenue_client_visits.altegio_record_id AS revenue_client_visits_altegio_record_id, revenue_client_visits.last_visit_date AS revenue_client_visits_last_visit_date, revenue_client_visits.previous_visit_date AS revenue_client_visits_previous_visit_date, revenue_client_visits.services AS revenue_client_visits_services, revenue_client_visits.master AS revenue_client_visits_master, revenue_client_visits.amount AS revenue_client_visits_amount, revenue_client_visits.visit_status AS revenue_client_visits_visit_status, revenue_client_visits.raw_data AS revenue_client_visits_raw_data, revenue_client_visits.created_at AS revenue_client_visits_created_at, revenue_client_visits.updated_at AS revenue_client_visits_updated_at 
FROM revenue_client_visits 
WHERE revenue_client_visits.revenue_client_id = %(revenue_client_id_1)s::INTEGER ORDER BY revenue_client_visits.last_visit_date ASC, revenue_client_visits.id ASC
2026-08-01 12:20:54,299 INFO sqlalchemy.engine.Engine [cached since 58.3s ago] {'revenue_client_id_1': 323}
2026-08-01 12:20:54,465 INFO sqlalchemy.engine.Engine SELECT revenue_client_visits.id AS revenue_client_visits_id, revenue_client_visits.revenue_client_id AS revenue_client_visits_revenue_client_id, revenue_client_visits.altegio_record_id AS revenue_client_visits_altegio_record_id, revenue_client_visits.last_visit_date AS revenue_client_visits_last_visit_date, revenue_client_visits.previous_visit_date AS revenue_client_visits_previous_visit_date, revenue_client_visits.services AS revenue_client_visits_services, revenue_client_visits.master AS revenue_client_visits_master, revenue_client_visits.amount AS revenue_client_visits_amount, revenue_client_visits.visit_status AS revenue_client_visits_visit_status, revenue_client_visits.raw_data AS revenue_client_visits_raw_data, revenue_client_visits.created_at AS revenue_client_visits_created_at, revenue_client_visits.updated_at AS revenue_client_visits_updated_at 
FROM revenue_client_visits 
WHERE revenue_client_visits.altegio_record_id = %(altegio_record_id_1)s::INTEGER 
 LIMIT %(param_1)s::INTEGER
2026-08-01 12:20:54,465 INFO sqlalchemy.engine.Engine [cached since 58.47s ago] {'altegio_record_id_1': 661737741, 'param_1': 1}
2026-08-01 12:20:54,467 INFO sqlalchemy.engine.Engine SELECT revenue_client_visits.id AS revenue_client_visits_id, revenue_client_visits.revenue_client_id AS revenue_client_visits_revenue_client_id, revenue_client_visits.altegio_record_id AS revenue_client_visits_altegio_record_id, revenue_client_visits.last_visit_date AS revenue_client_visits_last_visit_date, revenue_client_visits.previous_visit_date AS revenue_client_visits_previous_visit_date, revenue_client_visits.services AS revenue_client_visits_services, revenue_client_visits.master AS revenue_client_visits_master, revenue_client_visits.amount AS revenue_client_visits_amount, revenue_client_visits.visit_status AS revenue_client_visits_visit_status, revenue_client_visits.raw_data AS revenue_client_visits_raw_data, revenue_client_visits.created_at AS revenue_client_visits_created_at, revenue_client_visits.updated_at AS revenue_client_visits_updated_at 
FROM revenue_client_visits 
WHERE revenue_client_visits.revenue_client_id = %(revenue_client_id_1)s::INTEGER ORDER BY revenue_client_visits.last_visit_date ASC, revenue_client_visits.id ASC
2026-08-01 12:20:54,467 INFO sqlalchemy.engine.Engine [cached since 58.47s ago] {'revenue_client_id_1': 324}
2026-08-01 12:20:54,649 INFO sqlalchemy.engine.Engine SELECT revenue_client_visits.id AS revenue_client_visits_id, revenue_client_visits.revenue_client_id AS revenue_client_visits_revenue_client_id, revenue_client_visits.altegio_record_id AS revenue_client_visits_altegio_record_id, revenue_client_visits.last_visit_date AS revenue_client_visits_last_visit_date, revenue_client_visits.previous_visit_date AS revenue_client_visits_previous_visit_date, revenue_client_visits.services AS revenue_client_visits_services, revenue_client_visits.master AS revenue_client_visits_master, revenue_client_visits.amount AS revenue_client_visits_amount, revenue_client_visits.visit_status AS revenue_client_visits_visit_status, revenue_client_visits.raw_data AS revenue_client_visits_raw_data, revenue_client_visits.created_at AS revenue_client_visits_created_at, revenue_client_visits.updated_at AS revenue_client_visits_updated_at 
FROM revenue_client_visits 
WHERE revenue_client_visits.altegio_record_id = %(altegio_record_id_1)s::INTEGER 
 LIMIT %(param_1)s::INTEGER
2026-08-01 12:20:54,649 INFO sqlalchemy.engine.Engine [cached since 58.66s ago] {'altegio_record_id_1': 662096347, 'param_1': 1}
2026-08-01 12:20:54,651 INFO sqlalchemy.engine.Engine SELECT revenue_client_visits.id AS revenue_client_visits_id, revenue_client_visits.revenue_client_id AS revenue_client_visits_revenue_client_id, revenue_client_visits.altegio_record_id AS revenue_client_visits_altegio_record_id, revenue_client_visits.last_visit_date AS revenue_client_visits_last_visit_date, revenue_client_visits.previous_visit_date AS revenue_client_visits_previous_visit_date, revenue_client_visits.services AS revenue_client_visits_services, revenue_client_visits.master AS revenue_client_visits_master, revenue_client_visits.amount AS revenue_client_visits_amount, revenue_client_visits.visit_status AS revenue_client_visits_visit_status, revenue_client_visits.raw_data AS revenue_client_visits_raw_data, revenue_client_visits.created_at AS revenue_client_visits_created_at, revenue_client_visits.updated_at AS revenue_client_visits_updated_at 
FROM revenue_client_visits 
WHERE revenue_client_visits.revenue_client_id = %(revenue_client_id_1)s::INTEGER ORDER BY revenue_client_visits.last_visit_date ASC, revenue_client_visits.id ASC
2026-08-01 12:20:54,651 INFO sqlalchemy.engine.Engine [cached since 58.65s ago] {'revenue_client_id_1': 325}
2026-08-01 12:20:54,872 INFO sqlalchemy.engine.Engine SELECT revenue_client_visits.id AS revenue_client_visits_id, revenue_client_visits.revenue_client_id AS revenue_client_visits_revenue_client_id, revenue_client_visits.altegio_record_id AS revenue_client_visits_altegio_record_id, revenue_client_visits.last_visit_date AS revenue_client_visits_last_visit_date, revenue_client_visits.previous_visit_date AS revenue_client_visits_previous_visit_date, revenue_client_visits.services AS revenue_client_visits_services, revenue_client_visits.master AS revenue_client_visits_master, revenue_client_visits.amount AS revenue_client_visits_amount, revenue_client_visits.visit_status AS revenue_client_visits_visit_status, revenue_client_visits.raw_data AS revenue_client_visits_raw_data, revenue_client_visits.created_at AS revenue_client_visits_created_at, revenue_client_visits.updated_at AS revenue_client_visits_updated_at 
FROM revenue_client_visits 
WHERE revenue_client_visits.altegio_record_id = %(altegio_record_id_1)s::INTEGER 
 LIMIT %(param_1)s::INTEGER
2026-08-01 12:20:54,873 INFO sqlalchemy.engine.Engine [cached since 58.88s ago] {'altegio_record_id_1': 662163147, 'param_1': 1}
2026-08-01 12:20:54,874 INFO sqlalchemy.engine.Engine SELECT revenue_client_visits.id AS revenue_client_visits_id, revenue_client_visits.revenue_client_id AS revenue_client_visits_revenue_client_id, revenue_client_visits.altegio_record_id AS revenue_client_visits_altegio_record_id, revenue_client_visits.last_visit_date AS revenue_client_visits_last_visit_date, revenue_client_visits.previous_visit_date AS revenue_client_visits_previous_visit_date, revenue_client_visits.services AS revenue_client_visits_services, revenue_client_visits.master AS revenue_client_visits_master, revenue_client_visits.amount AS revenue_client_visits_amount, revenue_client_visits.visit_status AS revenue_client_visits_visit_status, revenue_client_visits.raw_data AS revenue_client_visits_raw_data, revenue_client_visits.created_at AS revenue_client_visits_created_at, revenue_client_visits.updated_at AS revenue_client_visits_updated_at 
FROM revenue_client_visits 
WHERE revenue_client_visits.revenue_client_id = %(revenue_client_id_1)s::INTEGER ORDER BY revenue_client_visits.last_visit_date ASC, revenue_client_visits.id ASC
2026-08-01 12:20:54,874 INFO sqlalchemy.engine.Engine [cached since 58.87s ago] {'revenue_client_id_1': 326}
2026-08-01 12:20:55,050 INFO sqlalchemy.engine.Engine SELECT revenue_client_visits.id AS revenue_client_visits_id, revenue_client_visits.revenue_client_id AS revenue_client_visits_revenue_client_id, revenue_client_visits.altegio_record_id AS revenue_client_visits_altegio_record_id, revenue_client_visits.last_visit_date AS revenue_client_visits_last_visit_date, revenue_client_visits.previous_visit_date AS revenue_client_visits_previous_visit_date, revenue_client_visits.services AS revenue_client_visits_services, revenue_client_visits.master AS revenue_client_visits_master, revenue_client_visits.amount AS revenue_client_visits_amount, revenue_client_visits.visit_status AS revenue_client_visits_visit_status, revenue_client_visits.raw_data AS revenue_client_visits_raw_data, revenue_client_visits.created_at AS revenue_client_visits_created_at, revenue_client_visits.updated_at AS revenue_client_visits_updated_at 
FROM revenue_client_visits 
WHERE revenue_client_visits.altegio_record_id = %(altegio_record_id_1)s::INTEGER 
 LIMIT %(param_1)s::INTEGER
2026-08-01 12:20:55,051 INFO sqlalchemy.engine.Engine [cached since 59.06s ago] {'altegio_record_id_1': 662280087, 'param_1': 1}
2026-08-01 12:20:55,052 INFO sqlalchemy.engine.Engine SELECT revenue_client_visits.id AS revenue_client_visits_id, revenue_client_visits.revenue_client_id AS revenue_client_visits_revenue_client_id, revenue_client_visits.altegio_record_id AS revenue_client_visits_altegio_record_id, revenue_client_visits.last_visit_date AS revenue_client_visits_last_visit_date, revenue_client_visits.previous_visit_date AS revenue_client_visits_previous_visit_date, revenue_client_visits.services AS revenue_client_visits_services, revenue_client_visits.master AS revenue_client_visits_master, revenue_client_visits.amount AS revenue_client_visits_amount, revenue_client_visits.visit_status AS revenue_client_visits_visit_status, revenue_client_visits.raw_data AS revenue_client_visits_raw_data, revenue_client_visits.created_at AS revenue_client_visits_created_at, revenue_client_visits.updated_at AS revenue_client_visits_updated_at 
FROM revenue_client_visits 
WHERE revenue_client_visits.revenue_client_id = %(revenue_client_id_1)s::INTEGER ORDER BY revenue_client_visits.last_visit_date ASC, revenue_client_visits.id ASC
2026-08-01 12:20:55,052 INFO sqlalchemy.engine.Engine [cached since 59.05s ago] {'revenue_client_id_1': 327}
2026-08-01 12:20:55,249 INFO sqlalchemy.engine.Engine SELECT revenue_client_visits.id AS revenue_client_visits_id, revenue_client_visits.revenue_client_id AS revenue_client_visits_revenue_client_id, revenue_client_visits.altegio_record_id AS revenue_client_visits_altegio_record_id, revenue_client_visits.last_visit_date AS revenue_client_visits_last_visit_date, revenue_client_visits.previous_visit_date AS revenue_client_visits_previous_visit_date, revenue_client_visits.services AS revenue_client_visits_services, revenue_client_visits.master AS revenue_client_visits_master, revenue_client_visits.amount AS revenue_client_visits_amount, revenue_client_visits.visit_status AS revenue_client_visits_visit_status, revenue_client_visits.raw_data AS revenue_client_visits_raw_data, revenue_client_visits.created_at AS revenue_client_visits_created_at, revenue_client_visits.updated_at AS revenue_client_visits_updated_at 
FROM revenue_client_visits 
WHERE revenue_client_visits.altegio_record_id = %(altegio_record_id_1)s::INTEGER 
 LIMIT %(param_1)s::INTEGER
2026-08-01 12:20:55,249 INFO sqlalchemy.engine.Engine [cached since 59.26s ago] {'altegio_record_id_1': 662413297, 'param_1': 1}
2026-08-01 12:20:55,251 INFO sqlalchemy.engine.Engine SELECT revenue_client_visits.id AS revenue_client_visits_id, revenue_client_visits.revenue_client_id AS revenue_client_visits_revenue_client_id, revenue_client_visits.altegio_record_id AS revenue_client_visits_altegio_record_id, revenue_client_visits.last_visit_date AS revenue_client_visits_last_visit_date, revenue_client_visits.previous_visit_date AS revenue_client_visits_previous_visit_date, revenue_client_visits.services AS revenue_client_visits_services, revenue_client_visits.master AS revenue_client_visits_master, revenue_client_visits.amount AS revenue_client_visits_amount, revenue_client_visits.visit_status AS revenue_client_visits_visit_status, revenue_client_visits.raw_data AS revenue_client_visits_raw_data, revenue_client_visits.created_at AS revenue_client_visits_created_at, revenue_client_visits.updated_at AS revenue_client_visits_updated_at 
FROM revenue_client_visits 
WHERE revenue_client_visits.revenue_client_id = %(revenue_client_id_1)s::INTEGER ORDER BY revenue_client_visits.last_visit_date ASC, revenue_client_visits.id ASC
2026-08-01 12:20:55,251 INFO sqlalchemy.engine.Engine [cached since 59.25s ago] {'revenue_client_id_1': 328}
2026-08-01 12:20:55,417 INFO sqlalchemy.engine.Engine SELECT revenue_client_visits.id AS revenue_client_visits_id, revenue_client_visits.revenue_client_id AS revenue_client_visits_revenue_client_id, revenue_client_visits.altegio_record_id AS revenue_client_visits_altegio_record_id, revenue_client_visits.last_visit_date AS revenue_client_visits_last_visit_date, revenue_client_visits.previous_visit_date AS revenue_client_visits_previous_visit_date, revenue_client_visits.services AS revenue_client_visits_services, revenue_client_visits.master AS revenue_client_visits_master, revenue_client_visits.amount AS revenue_client_visits_amount, revenue_client_visits.visit_status AS revenue_client_visits_visit_status, revenue_client_visits.raw_data AS revenue_client_visits_raw_data, revenue_client_visits.created_at AS revenue_client_visits_created_at, revenue_client_visits.updated_at AS revenue_client_visits_updated_at 
FROM revenue_client_visits 
WHERE revenue_client_visits.altegio_record_id = %(altegio_record_id_1)s::INTEGER 
 LIMIT %(param_1)s::INTEGER
2026-08-01 12:20:55,417 INFO sqlalchemy.engine.Engine [cached since 59.43s ago] {'altegio_record_id_1': 662428842, 'param_1': 1}
2026-08-01 12:20:55,419 INFO sqlalchemy.engine.Engine SELECT revenue_client_visits.id AS revenue_client_visits_id, revenue_client_visits.revenue_client_id AS revenue_client_visits_revenue_client_id, revenue_client_visits.altegio_record_id AS revenue_client_visits_altegio_record_id, revenue_client_visits.last_visit_date AS revenue_client_visits_last_visit_date, revenue_client_visits.previous_visit_date AS revenue_client_visits_previous_visit_date, revenue_client_visits.services AS revenue_client_visits_services, revenue_client_visits.master AS revenue_client_visits_master, revenue_client_visits.amount AS revenue_client_visits_amount, revenue_client_visits.visit_status AS revenue_client_visits_visit_status, revenue_client_visits.raw_data AS revenue_client_visits_raw_data, revenue_client_visits.created_at AS revenue_client_visits_created_at, revenue_client_visits.updated_at AS revenue_client_visits_updated_at 
FROM revenue_client_visits 
WHERE revenue_client_visits.revenue_client_id = %(revenue_client_id_1)s::INTEGER ORDER BY revenue_client_visits.last_visit_date ASC, revenue_client_visits.id ASC
2026-08-01 12:20:55,419 INFO sqlalchemy.engine.Engine [cached since 59.42s ago] {'revenue_client_id_1': 329}
2026-08-01 12:20:55,625 INFO sqlalchemy.engine.Engine SELECT revenue_client_visits.id AS revenue_client_visits_id, revenue_client_visits.revenue_client_id AS revenue_client_visits_revenue_client_id, revenue_client_visits.altegio_record_id AS revenue_client_visits_altegio_record_id, revenue_client_visits.last_visit_date AS revenue_client_visits_last_visit_date, revenue_client_visits.previous_visit_date AS revenue_client_visits_previous_visit_date, revenue_client_visits.services AS revenue_client_visits_services, revenue_client_visits.master AS revenue_client_visits_master, revenue_client_visits.amount AS revenue_client_visits_amount, revenue_client_visits.visit_status AS revenue_client_visits_visit_status, revenue_client_visits.raw_data AS revenue_client_visits_raw_data, revenue_client_visits.created_at AS revenue_client_visits_created_at, revenue_client_visits.updated_at AS revenue_client_visits_updated_at 
FROM revenue_client_visits 
WHERE revenue_client_visits.altegio_record_id = %(altegio_record_id_1)s::INTEGER 
 LIMIT %(param_1)s::INTEGER
2026-08-01 12:20:55,625 INFO sqlalchemy.engine.Engine [cached since 59.63s ago] {'altegio_record_id_1': 662712842, 'param_1': 1}
2026-08-01 12:20:55,626 INFO sqlalchemy.engine.Engine SELECT revenue_client_visits.id AS revenue_client_visits_id, revenue_client_visits.revenue_client_id AS revenue_client_visits_revenue_client_id, revenue_client_visits.altegio_record_id AS revenue_client_visits_altegio_record_id, revenue_client_visits.last_visit_date AS revenue_client_visits_last_visit_date, revenue_client_visits.previous_visit_date AS revenue_client_visits_previous_visit_date, revenue_client_visits.services AS revenue_client_visits_services, revenue_client_visits.master AS revenue_client_visits_master, revenue_client_visits.amount AS revenue_client_visits_amount, revenue_client_visits.visit_status AS revenue_client_visits_visit_status, revenue_client_visits.raw_data AS revenue_client_visits_raw_data, revenue_client_visits.created_at AS revenue_client_visits_created_at, revenue_client_visits.updated_at AS revenue_client_visits_updated_at 
FROM revenue_client_visits 
WHERE revenue_client_visits.revenue_client_id = %(revenue_client_id_1)s::INTEGER ORDER BY revenue_client_visits.last_visit_date ASC, revenue_client_visits.id ASC
2026-08-01 12:20:55,627 INFO sqlalchemy.engine.Engine [cached since 59.63s ago] {'revenue_client_id_1': 330}
2026-08-01 12:20:55,908 INFO sqlalchemy.engine.Engine UPDATE revenue_clients SET visit_history_synced_at=%(visit_history_synced_at)s::TIMESTAMP WITHOUT TIME ZONE, updated_at=%(updated_at)s::TIMESTAMP WITHOUT TIME ZONE WHERE revenue_clients.id = %(revenue_clients_id)s::INTEGER
2026-08-01 12:20:55,908 INFO sqlalchemy.engine.Engine [generated in 0.00143s] [{'visit_history_synced_at': datetime.datetime(2026, 8, 1, 12, 19, 55, 639576), 'updated_at': datetime.datetime(2026, 8, 1, 12, 20, 55, 907678), 'revenue_clients_id': 1}, {'visit_history_synced_at': datetime.datetime(2026, 8, 1, 12, 19, 55, 639576), 'updated_at': datetime.datetime(2026, 8, 1, 12, 20, 55, 907683), 'revenue_clients_id': 2}, {'visit_history_synced_at': datetime.datetime(2026, 8, 1, 12, 19, 55, 639576), 'updated_at': datetime.datetime(2026, 8, 1, 12, 20, 55, 907685), 'revenue_clients_id': 3}, {'visit_history_synced_at': datetime.datetime(2026, 8, 1, 12, 19, 55, 639576), 'updated_at': datetime.datetime(2026, 8, 1, 12, 20, 55, 907686), 'revenue_clients_id': 4}, {'visit_history_synced_at': datetime.datetime(2026, 8, 1, 12, 19, 55, 639576), 'updated_at': datetime.datetime(2026, 8, 1, 12, 20, 55, 907687), 'revenue_clients_id': 5}, {'visit_history_synced_at': datetime.datetime(2026, 8, 1, 12, 19, 55, 639576), 'updated_at': datetime.datetime(2026, 8, 1, 12, 20, 55, 907688), 'revenue_clients_id': 6}, {'visit_history_synced_at': datetime.datetime(2026, 8, 1, 12, 19, 55, 639576), 'updated_at': datetime.datetime(2026, 8, 1, 12, 20, 55, 907689), 'revenue_clients_id': 7}, {'visit_history_synced_at': datetime.datetime(2026, 8, 1, 12, 19, 55, 639576), 'updated_at': datetime.datetime(2026, 8, 1, 12, 20, 55, 907690), 'revenue_clients_id': 8}  ... displaying 10 of 332 total bound parameter sets ...  {'visit_history_synced_at': datetime.datetime(2026, 8, 1, 12, 19, 55, 639576), 'updated_at': datetime.datetime(2026, 8, 1, 12, 20, 55, 908029), 'revenue_clients_id': 331}, {'visit_history_synced_at': datetime.datetime(2026, 8, 1, 12, 19, 55, 639576), 'updated_at': datetime.datetime(2026, 8, 1, 12, 20, 55, 908030), 'revenue_clients_id': 332}]
2026-08-01 12:20:55,939 INFO sqlalchemy.engine.Engine INSERT INTO revenue_client_visits (revenue_client_id, altegio_record_id, last_visit_date, previous_visit_date, services, master, amount, visit_status, raw_data, created_at, updated_at) SELECT p0::INTEGER, p1::INTEGER, p2::TIMESTAMP WITHOUT TIME ZONE, ... 211009 characters truncated ... _counter) ORDER BY sen_counter RETURNING revenue_client_visits.id, revenue_client_visits.id AS id__1
2026-08-01 12:20:55,939 INFO sqlalchemy.engine.Engine [generated in 0.00388s (insertmanyvalues) 1/1 (ordered)] {'raw_data__0': Json({'id': 652634367, 'company_id': 131 ... (2649 chars)), 'master__0': 'Yulia', 'previous_visit_date__0': None, 'visit_status__0': '1', 'created_at__0': datetime.datetime(2026, 8, 1, 12, 20, 55, 933540), 'altegio_record_id__0': 652634367, 'services__0': Json([{'id': 13352127, 'title': 'Коррекц ... (204 chars)), 'updated_at__0': datetime.datetime(2026, 8, 1, 12, 20, 55, 933545), 'amount__0': 1.0, 'last_visit_date__0': datetime.datetime(2026, 6, 11, 14, 10), 'revenue_client_id__0': 2, 'raw_data__1': Json({'id': 632438239, 'company_id': 131 ... (2606 chars)), 'master__1': 'Ismael', 'previous_visit_date__1': None, 'visit_status__1': '1', 'created_at__1': datetime.datetime(2026, 8, 1, 12, 20, 55, 933546), 'altegio_record_id__1': 632438239, 'services__1': Json([{'id': 12921564, 'title': 'Архитек ... (241 chars)), 'updated_at__1': datetime.datetime(2026, 8, 1, 12, 20, 55, 933547), 'amount__1': 1.0, 'last_visit_date__1': datetime.datetime(2026, 2, 17, 9, 0), 'revenue_client_id__1': 2, 'raw_data__2': Json({'id': 632431330, 'company_id': 131 ... (2752 chars)), 'master__2': 'Yulia', 'previous_visit_date__2': None, 'visit_status__2': '1', 'created_at__2': datetime.datetime(2026, 8, 1, 12, 20, 55, 933548), 'altegio_record_id__2': 632431330, 'services__2': Json([{'id': 12977749, 'title': 'Коррекц ... (272 chars)), 'updated_at__2': datetime.datetime(2026, 8, 1, 12, 20, 55, 933549), 'amount__2': 1.0, 'last_visit_date__2': datetime.datetime(2026, 2, 17, 8, 0), 'revenue_client_id__2': 2, 'raw_data__3': Json({'id': 621637531, 'company_id': 131 ... (2606 chars)), 'master__3': 'Ismael', 'previous_visit_date__3': None, 'visit_status__3': '1', 'created_at__3': datetime.datetime(2026, 8, 1, 12, 20, 55, 933550), 'altegio_record_id__3': 621637531, 'services__3': Json([{'id': 12921564, 'title': 'Архитек ... (241 chars)), 'updated_at__3': datetime.datetime(2026, 8, 1, 12, 20, 55, 933563), 'amount__3': 0.0, 'last_visit_date__3': datetime.datetime(2025, 12, 12, 9, 50), 'revenue_client_id__3': 2, 'raw_data__4': Json({'id': 619431700, 'company_id': 131 ... (2803 chars)), 'master__4': 'Yulia', 'previous_visit_date__4': None, 'visit_status__4': '1', 'created_at__4': datetime.datetime(2026, 8, 1, 12, 20, 55, 933565), 'altegio_record_id__4': 619431700 ... 5455 parameters truncated ... 'altegio_record_id__500': 662163147, 'services__500': Json([{'id': 13705409, 'title': 'Коррекц ... (204 chars)), 'updated_at__500': datetime.datetime(2026, 8, 1, 12, 20, 55, 934630), 'amount__500': 1.0, 'last_visit_date__500': datetime.datetime(2026, 7, 31, 10, 0), 'revenue_client_id__500': 326, 'raw_data__501': Json({'id': 662280087, 'company_id': 131 ... (2376 chars)), 'master__501': 'Yulia', 'previous_visit_date__501': None, 'visit_status__501': '1', 'created_at__501': datetime.datetime(2026, 8, 1, 12, 20, 55, 934631), 'altegio_record_id__501': 662280087, 'services__501': Json([{'id': 13010750, 'title': 'Каскад  ... (212 chars)), 'updated_at__501': datetime.datetime(2026, 8, 1, 12, 20, 55, 934632), 'amount__501': 1.0, 'last_visit_date__501': datetime.datetime(2026, 7, 23, 11, 0), 'revenue_client_id__501': 327, 'raw_data__502': Json({'id': 662413297, 'company_id': 131 ... (2417 chars)), 'master__502': 'Yulia', 'previous_visit_date__502': None, 'visit_status__502': '-1', 'created_at__502': datetime.datetime(2026, 8, 1, 12, 20, 55, 934633), 'altegio_record_id__502': 662413297, 'services__502': Json([{'id': 12921925, 'title': 'Однотон ... (271 chars)), 'updated_at__502': datetime.datetime(2026, 8, 1, 12, 20, 55, 934634), 'amount__502': 0.0, 'last_visit_date__502': datetime.datetime(2026, 7, 24, 12, 0), 'revenue_client_id__502': 328, 'raw_data__503': Json({'id': 662428842, 'company_id': 131 ... (2499 chars)), 'master__503': 'Yulia', 'previous_visit_date__503': None, 'visit_status__503': '1', 'created_at__503': datetime.datetime(2026, 8, 1, 12, 20, 55, 934635), 'altegio_record_id__503': 662428842, 'services__503': Json([{'id': 12921929, 'title': 'Окрашив ... (242 chars)), 'updated_at__503': datetime.datetime(2026, 8, 1, 12, 20, 55, 934636), 'amount__503': 1.0, 'last_visit_date__503': datetime.datetime(2026, 7, 27, 13, 30), 'revenue_client_id__503': 329, 'raw_data__504': Json({'id': 662712842, 'company_id': 131 ... (2362 chars)), 'master__504': 'Yulia', 'previous_visit_date__504': None, 'visit_status__504': '1', 'created_at__504': datetime.datetime(2026, 8, 1, 12, 20, 55, 934637), 'altegio_record_id__504': 662712842, 'services__504': Json([{'id': 12921546, 'title': 'Коррекц ... (212 chars)), 'updated_at__504': datetime.datetime(2026, 8, 1, 12, 20, 55, 934638), 'amount__504': 1.0, 'last_visit_date__504': datetime.datetime(2026, 7, 29, 9, 0), 'revenue_client_id__504': 330}
2026-08-01 12:20:56,069 INFO sqlalchemy.engine.Engine COMMIT
VISIT_HISTORY: WORKING
Imported: 505
Inserted: 505
Updated: 0
